 1990/01/01  00   Number of Storms Begun  2
      1   1     93.93   -5.24   1007.38    1990/01/01  00
      1   2     93.80   -9.37   1005.52    1990/01/01  12
      1   3     90.65  -10.12   1006.14    1990/01/02  00
      1   4     89.61  -10.82   1002.68    1990/01/02  12
      1   5     87.23  -12.01   1002.11    1990/01/03  00
      1   6     85.46  -12.94   1000.94    1990/01/03  12
      1   7     84.08  -13.64   1001.16    1990/01/04  00
      1   8     83.69  -13.83   1001.76    1990/01/04  12
      1   9     83.10  -15.11   1000.96    1990/01/05  00
      1  10     83.12  -15.52    999.80    1990/01/05  12
      1  11     83.43  -16.55    998.49    1990/01/06  00
      1  12     83.06  -20.32    997.67    1990/01/06  12
      1  13     83.76  -23.62    998.96    1990/01/07  00
      1  14     86.36  -25.32   1001.41    1990/01/07  12
      2   1   -176.63   48.70    975.41    1990/01/01  00
      2   2   -178.21   53.37    967.64    1990/01/01  12
      2   3    179.12   55.85    963.54    1990/01/02  00
      2   4    173.56   56.27    971.46    1990/01/02  12
      2   5    168.68   54.89    976.85    1990/01/03  00
 1990/01/01  12   Number of Storms Begun  0
 1990/01/02  00   Number of Storms Begun  2
      1   1    125.79  -26.92   1005.57    1990/01/02  00
      1   2    125.18  -25.15   1003.61    1990/01/02  12
      1   3    124.52  -22.93   1008.27    1990/01/03  00
      1   4    119.77  -23.01   1005.22    1990/01/03  12
      2   1     22.58   30.82   1009.16    1990/01/02  00
      2   2     28.86   31.01   1008.04    1990/01/02  12
      2   3     31.55   32.66   1008.37    1990/01/03  00
      2   4     33.40   34.73   1006.36    1990/01/03  12
 1990/01/02  12   Number of Storms Begun  0
 1990/01/03  00   Number of Storms Begun  5
      1   1   -160.57  -72.54    977.64    1990/01/03  00
      1   2   -111.30  -80.57    978.10    1990/01/03  12
      1   3   -107.57  -81.30    972.91    1990/01/04  00
      1   4    -93.71  -82.13    978.53    1990/01/04  12
      2   1    146.73  -58.35    982.84    1990/01/03  00
      2   2    153.74  -56.56    981.33    1990/01/03  12
      2   3    163.60  -52.57    977.27    1990/01/04  00
      2   4    168.72  -52.44    972.56    1990/01/04  12
      2   5    173.50  -54.54    968.90    1990/01/05  00
      2   6    177.66  -57.74    977.35    1990/01/05  12
      2   7   -177.06  -61.62    978.37    1990/01/06  00
      2   8   -166.25  -65.22    981.37    1990/01/06  12
      2   9   -154.23  -69.24    978.21    1990/01/07  00
      2  10   -145.69  -71.59    977.32    1990/01/07  12
      2  11   -142.01  -72.70    976.17    1990/01/08  00
      3   1     35.82   18.87   1008.10    1990/01/03  00
      3   2     35.28   17.11   1006.52    1990/01/03  12
      3   3     30.43    7.90   1009.56    1990/01/04  00
      3   4     17.54    9.20   1008.18    1990/01/04  12
      4   1    143.62   27.95   1007.54    1990/01/03  00
      4   2    151.42   33.94    996.08    1990/01/03  12
      4   3    158.19   37.61    981.22    1990/01/04  00
      4   4    165.47   41.14    971.10    1990/01/04  12
      4   5    172.46   43.80    967.85    1990/01/05  00
      4   6    178.21   45.71    969.10    1990/01/05  12
      4   7   -174.25   46.91    974.47    1990/01/06  00
      5   1   -171.23   46.77    978.95    1990/01/03  00
      5   2   -165.64   49.48    975.76    1990/01/03  12
      5   3   -161.65   50.97    979.72    1990/01/04  00
      5   4   -158.90   50.05    981.16    1990/01/04  12
      5   5   -151.62   51.83    972.99    1990/01/05  00
      5   6   -147.58   54.15    973.21    1990/01/05  12
      5   7   -143.67   55.58    972.81    1990/01/06  00
 1990/01/03  12   Number of Storms Begun  1
      1   1     10.65  -70.50    961.07    1990/01/03  12
      1   2      8.84  -67.57    971.58    1990/01/04  00
      1   3      8.62  -67.30    977.73    1990/01/04  12
      1   4      8.08  -66.73    977.52    1990/01/05  00
 1990/01/04  00   Number of Storms Begun  2
      1   1      1.67   36.24   1010.89    1990/01/04  00
      1   2      5.88   31.98   1011.57    1990/01/04  12
      1   3     11.51   32.00   1012.11    1990/01/05  00
      1   4     14.61   31.94   1011.48    1990/01/05  12
      2   1     32.70   34.45   1008.79    1990/01/04  00
      2   2     45.41   30.37   1008.94    1990/01/04  12
      2   3     56.87   36.70   1011.58    1990/01/05  00
      2   4     62.01   35.62   1012.45    1990/01/05  12
 1990/01/04  12   Number of Storms Begun  1
      1   1    143.55  -26.37   1004.44    1990/01/04  12
      1   2    141.46  -24.53   1006.08    1990/01/05  00
      1   3    137.92  -21.89   1004.55    1990/01/05  12
      1   4    125.48  -23.37   1005.76    1990/01/06  00
 1990/01/05  00   Number of Storms Begun  2
      1   1     18.21   10.88   1009.71    1990/01/05  00
      1   2     29.28    6.67   1007.41    1990/01/05  12
      1   3     30.64    9.22   1009.29    1990/01/06  00
      1   4     31.28   11.11   1008.70    1990/01/06  12
      2   1     40.68   73.19    992.66    1990/01/05  00
      2   2     48.04   69.72    990.77    1990/01/05  12
      2   3     52.03   65.97    992.09    1990/01/06  00
      2   4     55.55   62.14    999.10    1990/01/06  12
      2   5     60.68   58.35   1004.53    1990/01/07  00
      2   6     65.75   57.41   1007.64    1990/01/07  12
 1990/01/05  12   Number of Storms Begun  0
 1990/01/06  00   Number of Storms Begun  3
      1   1    174.47  -15.44   1006.33    1990/01/06  00
      1   2    175.27  -15.55   1006.93    1990/01/06  12
      1   3    176.36  -16.96   1005.59    1990/01/07  00
      1   4    177.22  -17.25   1006.28    1990/01/07  12
      2   1    -54.14   62.37    976.34    1990/01/06  00
      2   2    -40.19   59.09    967.75    1990/01/06  12
      2   3    -34.09   61.30    967.00    1990/01/07  00
      2   4    -33.82   62.96    972.35    1990/01/07  12
      2   5     -8.51   72.05    976.39    1990/01/08  00
      3   1    106.50   63.26    998.58    1990/01/06  00
      3   2    111.43   67.46    999.41    1990/01/06  12
      3   3    112.89   71.33    999.20    1990/01/07  00
      3   4     84.22   73.73   1005.53    1990/01/07  12
 1990/01/06  12   Number of Storms Begun  2
      1   1    145.97   41.90   1001.98    1990/01/06  12
      1   2    151.56   43.37    997.17    1990/01/07  00
      1   3    157.00   45.03    990.21    1990/01/07  12
      1   4    162.60   47.07    978.69    1990/01/08  00
      1   5    167.45   49.22    970.25    1990/01/08  12
      1   6    173.43   52.87    967.34    1990/01/09  00
      1   7    174.72   55.08    962.27    1990/01/09  12
      1   8    174.72   56.69    963.30    1990/01/10  00
      1   9    174.34   56.97    967.04    1990/01/10  12
      2   1   -152.07   49.24    976.38    1990/01/06  12
      2   2   -140.58   51.54    971.57    1990/01/07  00
      2   3   -136.06   54.15    971.36    1990/01/07  12
      2   4   -141.03   58.56    976.26    1990/01/08  00
 1990/01/07  00   Number of Storms Begun  1
      1   1    -60.80   39.66   1004.48    1990/01/07  00
      1   2    -46.73   43.82    986.58    1990/01/07  12
      1   3    -34.58   52.58    967.06    1990/01/08  00
      1   4    -27.83   60.98    948.22    1990/01/08  12
      1   5    -24.44   65.15    944.71    1990/01/09  00
      1   6    -18.83   67.59    963.47    1990/01/09  12
      1   7    -11.51   69.48    978.24    1990/01/10  00
 1990/01/07  12   Number of Storms Begun  5
      1   1     48.05  -61.10    978.52    1990/01/07  12
      1   2     58.56  -61.30    971.87    1990/01/08  00
      1   3     66.29  -61.67    962.34    1990/01/08  12
      1   4     75.54  -62.80    959.26    1990/01/09  00
      1   5     82.54  -62.25    958.55    1990/01/09  12
      1   6     88.13  -62.04    959.21    1990/01/10  00
      1   7     89.43  -62.86    964.24    1990/01/10  12
      2   1    -23.52  -62.53    966.70    1990/01/07  12
      2   2    -25.64  -62.09    968.20    1990/01/08  00
      2   3    -26.42  -60.44    968.14    1990/01/08  12
      2   4    -25.17  -59.61    968.47    1990/01/09  00
      2   5     -4.70  -57.22    970.84    1990/01/09  12
      2   6      1.10  -60.90    971.38    1990/01/10  00
      2   7      5.02  -61.62    972.61    1990/01/10  12
      2   8      9.56  -62.86    972.67    1990/01/11  00
      3   1    123.03  -22.34   1003.61    1990/01/07  12
      3   2    121.57  -21.46   1007.04    1990/01/08  00
      3   3    120.35  -20.86   1002.19    1990/01/08  12
      3   4    118.10  -20.83   1004.11    1990/01/09  00
      4   1    177.22  -17.25   1006.28    1990/01/07  12
      4   2    176.88  -16.32   1004.66    1990/01/08  00
      4   3    174.50  -15.08   1005.90    1990/01/08  12
      4   4    171.44  -10.04   1005.44    1990/01/09  00
      4   5    167.50  -10.34   1007.33    1990/01/09  12
      5   1     33.47   13.51   1007.85    1990/01/07  12
      5   2     31.12   10.83   1008.77    1990/01/08  00
      5   3     29.89    8.53   1008.53    1990/01/08  12
      5   4     30.26    7.83   1009.62    1990/01/09  00
      5   5     32.00    5.49   1007.68    1990/01/09  12
      5   6     43.73    0.17   1008.28    1990/01/10  00
 1990/01/08  00   Number of Storms Begun  1
      1   1    -96.81  -68.20    976.72    1990/01/08  00
      1   2    -94.86  -68.54    971.52    1990/01/08  12
      1   3    -92.45  -69.27    967.74    1990/01/09  00
      1   4    -89.33  -68.86    965.42    1990/01/09  12
      1   5    -88.11  -68.09    965.02    1990/01/10  00
 1990/01/08  12   Number of Storms Begun  1
      1   1   -154.16   83.35    988.50    1990/01/08  12
      1   2   -176.38   80.67    988.87    1990/01/09  00
      1   3    166.41   79.35    990.90    1990/01/09  12
      1   4    151.34   77.52    993.46    1990/01/10  00
 1990/01/09  00   Number of Storms Begun  0
 1990/01/09  12   Number of Storms Begun  3
      1   1    151.96  -70.18    971.10    1990/01/09  12
      1   2    154.65  -69.10    975.47    1990/01/10  00
      1   3    178.60  -63.74    970.25    1990/01/10  12
      1   4   -175.84  -62.65    968.57    1990/01/11  00
      1   5   -168.05  -52.92    964.35    1990/01/11  12
      2   1    -89.26   43.44    999.33    1990/01/09  12
      2   2    -83.17   43.12    999.90    1990/01/10  00
      2   3    -75.42   42.62   1000.16    1990/01/10  12
      2   4    -64.56   43.45    992.07    1990/01/11  00
      2   5    -57.46   46.56    983.44    1990/01/11  12
      2   6    -49.27   49.13    979.19    1990/01/12  00
      2   7    -41.13   52.83    974.45    1990/01/12  12
      2   8    -35.20   55.65    976.97    1990/01/13  00
      3   1    -60.35   40.89    996.96    1990/01/09  12
      3   2    -48.45   43.20    991.34    1990/01/10  00
      3   3    -37.74   46.27    985.32    1990/01/10  12
      3   4    -28.17   50.57    981.95    1990/01/11  00
      3   5    -21.04   57.16    977.69    1990/01/11  12
      3   6    -15.88   61.14    976.66    1990/01/12  00
      3   7     -9.51   65.45    968.31    1990/01/12  12
      3   8     -3.02   67.99    972.13    1990/01/13  00
      3   9     -2.15   70.01    978.63    1990/01/13  12
      3  10     -0.18   71.62    980.84    1990/01/14  00
 1990/01/10  00   Number of Storms Begun  1
      1   1    162.71    6.20   1007.06    1990/01/10  00
      1   2    158.87    6.68   1006.65    1990/01/10  12
      1   3    157.89    7.54   1006.37    1990/01/11  00
      1   4    154.56    7.19   1005.60    1990/01/11  12
 1990/01/10  12   Number of Storms Begun  2
      1   1   -104.25   51.93    987.08    1990/01/10  12
      1   2    -94.06   50.43    982.69    1990/01/11  00
      1   3    -86.69   48.39    979.55    1990/01/11  12
      1   4    -80.15   47.29    983.51    1990/01/12  00
      1   5    -75.46   46.86    987.81    1990/01/12  12
      1   6    -59.37   46.75    983.59    1990/01/13  00
      1   7    -53.37   51.85    981.21    1990/01/13  12
      1   8    -47.20   56.10    979.76    1990/01/14  00
      1   9    -28.51   61.22    973.30    1990/01/14  12
      1  10     -7.99   63.23    974.17    1990/01/15  00
      1  11      5.78   65.52    970.98    1990/01/15  12
      1  12      8.11   69.10    976.83    1990/01/16  00
      2   1     47.52   59.24    997.19    1990/01/10  12
      2   2     46.84   58.19   1000.28    1990/01/11  00
      2   3     51.05   56.91    998.37    1990/01/11  12
      2   4     55.44   56.90    998.96    1990/01/12  00
 1990/01/11  00   Number of Storms Begun  0
 1990/01/11  12   Number of Storms Begun  2
      1   1    129.88  -54.78    985.05    1990/01/11  12
      1   2    134.44  -55.20    976.82    1990/01/12  00
      1   3    136.42  -56.01    974.09    1990/01/12  12
      1   4    142.12  -55.54    977.55    1990/01/13  00
      1   5    149.62  -53.93    983.64    1990/01/13  12
      2   1    154.56    7.19   1005.60    1990/01/11  12
      2   2    154.34    8.40   1004.99    1990/01/12  00
      2   3    151.44    9.47   1002.26    1990/01/12  12
      2   4    149.01   10.56   1002.44    1990/01/13  00
      2   5    147.21   12.04   1002.88    1990/01/13  12
      2   6    145.27   12.88   1002.40    1990/01/14  00
      2   7    144.50   13.57   1001.99    1990/01/14  12
      2   8    145.51   14.92   1002.80    1990/01/15  00
      2   9    145.69   15.96   1001.00    1990/01/15  12
      2  10    145.85   17.67   1002.01    1990/01/16  00
 1990/01/12  00   Number of Storms Begun  3
      1   1    -53.03  -56.91    978.19    1990/01/12  00
      1   2    -44.23  -55.43    978.38    1990/01/12  12
      1   3    -33.48  -55.23    977.39    1990/01/13  00
      1   4    -23.33  -55.72    979.84    1990/01/13  12
      1   5    -14.62  -56.33    978.01    1990/01/14  00
      1   6     -6.39  -56.57    975.40    1990/01/14  12
      1   7      2.58  -56.60    976.39    1990/01/15  00
      1   8      5.25  -58.41    977.72    1990/01/15  12
      1   9      4.31  -58.90    980.36    1990/01/16  00
      1  10      4.51  -59.58    980.86    1990/01/16  12
      2   1    173.18   54.44    975.41    1990/01/12  00
      2   2   -173.47   53.19    972.42    1990/01/12  12
      2   3   -169.80   56.34    967.56    1990/01/13  00
      2   4   -166.92   58.52    969.61    1990/01/13  12
      2   5   -163.99   59.23    977.58    1990/01/14  00
      3   1    163.08   83.12    999.84    1990/01/12  00
      3   2    135.35   78.52    999.61    1990/01/12  12
      3   3    136.66   77.30    999.97    1990/01/13  00
      3   4    132.65   76.31   1001.90    1990/01/13  12
      3   5    134.69   75.12   1007.05    1990/01/14  00
 1990/01/12  12   Number of Storms Begun  3
      1   1     18.80  -22.73   1004.67    1990/01/12  12
      1   2     19.62  -27.15   1009.64    1990/01/13  00
      1   3     20.51  -27.69   1004.87    1990/01/13  12
      1   4     21.34  -28.19   1007.66    1990/01/14  00
      1   5     21.36  -28.18   1004.04    1990/01/14  12
      2   1     61.48  -15.11   1008.75    1990/01/12  12
      2   2     60.91  -18.37   1008.72    1990/01/13  00
      2   3     59.53  -19.64   1007.05    1990/01/13  12
      2   4     60.49  -20.90   1006.80    1990/01/14  00
      3   1     48.04   51.65    993.40    1990/01/12  12
      3   2     55.25   51.86    991.02    1990/01/13  00
      3   3     58.75   53.77    992.16    1990/01/13  12
      3   4     63.13   53.97   1001.43    1990/01/14  00
      3   5     68.49   54.63   1003.96    1990/01/14  12
      3   6     75.71   55.28   1008.30    1990/01/15  00
 1990/01/13  00   Number of Storms Begun  1
      1   1   -167.52  -55.98    963.79    1990/01/13  00
      1   2   -165.77  -56.99    966.88    1990/01/13  12
      1   3   -161.47  -57.82    971.12    1990/01/14  00
      1   4   -153.09  -62.02    976.71    1990/01/14  12
 1990/01/13  12   Number of Storms Begun  2
      1   1     70.04  -58.79    983.55    1990/01/13  12
      1   2     85.92  -52.71    981.45    1990/01/14  00
      1   3     93.65  -53.50    977.86    1990/01/14  12
      1   4     95.69  -54.79    978.00    1990/01/15  00
      1   5    100.45  -52.91    982.60    1990/01/15  12
      1   6    109.67  -53.75    984.26    1990/01/16  00
      1   7    112.43  -54.48    982.92    1990/01/16  12
      1   8    114.47  -55.25    983.83    1990/01/17  00
      1   9    130.98  -52.54    982.33    1990/01/17  12
      1  10    134.32  -55.12    976.87    1990/01/18  00
      1  11    133.50  -57.14    974.70    1990/01/18  12
      1  12    128.43  -57.31    973.82    1990/01/19  00
      2   1    157.16   45.83    984.24    1990/01/13  12
      2   2    165.31   52.30    967.40    1990/01/14  00
      2   3    166.17   55.47    955.82    1990/01/14  12
      2   4    165.36   55.76    956.38    1990/01/15  00
 1990/01/14  00   Number of Storms Begun  2
      1   1    -88.06  -61.14    982.55    1990/01/14  00
      1   2    -80.65  -60.44    982.93    1990/01/14  12
      1   3    -77.18  -59.91    982.26    1990/01/15  00
      1   4    -75.00  -60.76    977.28    1990/01/15  12
      1   5    -72.52  -60.68    979.31    1990/01/16  00
      1   6    -59.87  -59.83    978.39    1990/01/16  12
      1   7    -59.46  -60.50    981.95    1990/01/17  00
      2   1    120.90  -16.16   1001.32    1990/01/14  00
      2   2    119.31  -17.02   1000.26    1990/01/14  12
      2   3    116.67  -17.57   1002.14    1990/01/15  00
      2   4    115.61  -17.85   1001.16    1990/01/15  12
      2   5    112.84  -17.56   1002.45    1990/01/16  00
      2   6    110.31  -17.02    999.84    1990/01/16  12
      2   7    108.83  -17.51    998.52    1990/01/17  00
      2   8    106.61  -17.31    999.04    1990/01/17  12
      2   9    105.53  -18.43   1000.39    1990/01/18  00
      2  10    104.73  -18.44   1002.04    1990/01/18  12
      2  11    103.27  -19.36   1005.28    1990/01/19  00
 1990/01/14  12   Number of Storms Begun  2
      1   1     38.43  -60.51    988.12    1990/01/14  12
      1   2     46.75  -58.97    985.34    1990/01/15  00
      1   3     57.64  -56.85    982.58    1990/01/15  12
      1   4     64.48  -57.07    975.59    1990/01/16  00
      1   5     70.60  -57.40    978.03    1990/01/16  12
      1   6     74.47  -56.85    977.47    1990/01/17  00
      1   7     78.80  -57.36    975.98    1990/01/17  12
      1   8     79.63  -57.46    979.85    1990/01/18  00
      1   9     84.06  -57.31    982.37    1990/01/18  12
      2   1     30.26    4.89   1006.59    1990/01/14  12
      2   2     30.55    4.98   1008.80    1990/01/15  00
      2   3     32.59    2.84   1007.78    1990/01/15  12
      2   4     44.30    0.54   1009.61    1990/01/16  00
 1990/01/15  00   Number of Storms Begun  2
      1   1    176.98  -59.19    974.84    1990/01/15  00
      1   2    179.32  -58.31    973.40    1990/01/15  12
      1   3   -175.51  -59.42    976.72    1990/01/16  00
      1   4   -167.24  -60.22    979.12    1990/01/16  12
      1   5   -160.65  -60.89    981.72    1990/01/17  00
      2   1   -119.96   64.85    992.29    1990/01/15  00
      2   2   -106.64   63.66    990.75    1990/01/15  12
      2   3    -95.49   62.67    991.05    1990/01/16  00
      2   4    -86.77   61.88    992.85    1990/01/16  12
      2   5    -82.22   62.32    997.20    1990/01/17  00
      2   6    -80.46   63.73    998.92    1990/01/17  12
 1990/01/15  12   Number of Storms Begun  0
 1990/01/16  00   Number of Storms Begun  3
      1   1   -121.15  -56.61    979.10    1990/01/16  00
      1   2   -116.55  -59.85    978.13    1990/01/16  12
      1   3   -111.42  -61.13    975.15    1990/01/17  00
      1   4    -89.95  -66.74    976.81    1990/01/17  12
      1   5    -88.94  -66.23    975.69    1990/01/18  00
      1   6    -86.17  -66.58    977.99    1990/01/18  12
      1   7    -81.88  -63.48    984.25    1990/01/19  00
      1   8    -76.79  -61.59    988.31    1990/01/19  12
      1   9    -74.17  -62.41    990.61    1990/01/20  00
      1  10    -73.47  -63.41    991.67    1990/01/20  12
      2   1    159.06  -36.32   1000.07    1990/01/16  00
      2   2    162.96  -41.04    996.02    1990/01/16  12
      2   3    169.48  -45.52    989.39    1990/01/17  00
      2   4    179.92  -50.96    983.03    1990/01/17  12
      2   5   -170.08  -53.58    972.50    1990/01/18  00
      2   6   -160.11  -54.07    964.49    1990/01/18  12
      2   7   -152.87  -53.59    957.82    1990/01/19  00
      2   8   -143.56  -54.15    965.96    1990/01/19  12
      2   9   -136.61  -55.24    970.75    1990/01/20  00
      2  10   -128.99  -56.94    972.85    1990/01/20  12
      2  11   -124.80  -59.73    976.15    1990/01/21  00
      2  12   -121.84  -61.74    977.74    1990/01/21  12
      2  13   -120.00  -62.57    982.94    1990/01/22  00
      2  14   -118.31  -62.88    981.43    1990/01/22  12
      2  15   -108.08  -64.29    984.82    1990/01/23  00
      2  16    -82.84  -61.71    985.03    1990/01/23  12
      2  17    -82.95  -61.11    985.54    1990/01/24  00
      2  18    -93.02  -60.37    984.38    1990/01/24  12
      3   1    101.19   50.96   1011.99    1990/01/16  00
      3   2    108.17   46.96   1002.29    1990/01/16  12
      3   3    115.76   45.42   1004.94    1990/01/17  00
      3   4    124.70   43.59   1009.69    1990/01/17  12
 1990/01/16  12   Number of Storms Begun  3
      1   1      4.51  -59.58    980.86    1990/01/16  12
      1   2      3.73  -59.39    981.68    1990/01/17  00
      1   3      3.36  -59.08    983.58    1990/01/17  12
      1   4      3.46  -58.98    986.12    1990/01/18  00
      2   1    144.05   32.50   1000.07    1990/01/16  12
      2   2    154.72   35.45    991.37    1990/01/17  00
      2   3    164.08   39.83    978.03    1990/01/17  12
      2   4    171.80   44.39    964.56    1990/01/18  00
      2   5    177.83   48.37    948.41    1990/01/18  12
      2   6   -176.81   50.85    941.98    1990/01/19  00
      2   7   -172.48   52.38    949.17    1990/01/19  12
      2   8   -168.91   53.66    957.28    1990/01/20  00
      2   9   -165.61   55.42    965.12    1990/01/20  12
      2  10   -164.40   58.76    973.09    1990/01/21  00
      2  11   -165.55   60.45    979.05    1990/01/21  12
      2  12   -167.32   60.72    984.99    1990/01/22  00
      2  13   -169.65   59.89    989.68    1990/01/22  12
      3   1    -21.97   60.14    968.58    1990/01/16  12
      3   2     -7.21   62.24    966.11    1990/01/17  00
      3   3      4.48   63.69    965.86    1990/01/17  12
      3   4     13.94   63.35    977.07    1990/01/18  00
      3   5     30.56   60.82    983.20    1990/01/18  12
      3   6     37.08   60.38    990.09    1990/01/19  00
 1990/01/17  00   Number of Storms Begun  1
      1   1    -62.16  -29.64    994.63    1990/01/17  00
      1   2    -53.66  -34.94    999.14    1990/01/17  12
      1   3    -50.31  -39.09    999.74    1990/01/18  00
      1   4    -44.36  -43.23    993.62    1990/01/18  12
 1990/01/17  12   Number of Storms Begun  0
 1990/01/18  00   Number of Storms Begun  0
 1990/01/18  12   Number of Storms Begun  1
      1   1    -25.72   60.27    970.95    1990/01/18  12
      1   2    -18.90   63.19    958.15    1990/01/19  00
      1   3    -12.78   64.49    960.26    1990/01/19  12
      1   4     -4.80   66.35    969.38    1990/01/20  00
 1990/01/19  00   Number of Storms Begun  1
      1   1    128.43  -57.31    973.82    1990/01/19  00
      1   2    130.50  -58.08    975.77    1990/01/19  12
      1   3    139.35  -58.55    979.09    1990/01/20  00
      1   4    154.52  -57.41    980.41    1990/01/20  12
      1   5    157.01  -59.62    975.18    1990/01/21  00
      1   6    156.88  -61.58    972.98    1990/01/21  12
      1   7    159.78  -62.72    970.68    1990/01/22  00
      1   8    163.08  -63.34    972.23    1990/01/22  12
      1   9    166.89  -64.49    978.65    1990/01/23  00
 1990/01/19  12   Number of Storms Begun  1
      1   1     85.22  -55.39    983.21    1990/01/19  12
      1   2     89.02  -54.24    983.36    1990/01/20  00
      1   3    107.87  -51.26    980.46    1990/01/20  12
      1   4    114.05  -54.47    984.67    1990/01/21  00
      1   5    118.18  -57.86    985.07    1990/01/21  12
 1990/01/20  00   Number of Storms Begun  1
      1   1    -49.16   54.91    968.85    1990/01/20  00
      1   2    -41.72   56.35    955.73    1990/01/20  12
      1   3    -38.11   57.35    956.42    1990/01/21  00
      1   4    -30.97   59.42    957.50    1990/01/21  12
      1   5    -24.59   63.70    958.99    1990/01/22  00
      1   6    -24.80   65.51    960.91    1990/01/22  12
 1990/01/20  12   Number of Storms Begun  1
      1   1    -92.67   39.27   1009.84    1990/01/20  12
      1   2    -86.42   40.94   1007.47    1990/01/21  00
      1   3    -79.33   40.98   1003.37    1990/01/21  12
      1   4    -65.77   40.29   1003.55    1990/01/22  00
 1990/01/21  00   Number of Storms Begun  3
      1   1    162.26  -12.79   1003.10    1990/01/21  00
      1   2    160.49  -13.95   1003.84    1990/01/21  12
      1   3    159.97  -14.79   1003.39    1990/01/22  00
      1   4    160.39  -15.28   1001.63    1990/01/22  12
      1   5    160.03  -16.14   1000.83    1990/01/23  00
      1   6    160.81  -16.81    999.43    1990/01/23  12
      1   7    161.36  -20.45    999.52    1990/01/24  00
      1   8    161.82  -24.01   1001.45    1990/01/24  12
      1   9    161.04  -28.05   1002.84    1990/01/25  00
      1  10    159.68  -30.73   1006.26    1990/01/25  12
      1  11    158.04  -34.76   1006.35    1990/01/26  00
      1  12    155.29  -36.68   1003.27    1990/01/26  12
      2   1   -173.36    6.39   1005.06    1990/01/21  00
      2   2   -166.90   16.96   1005.86    1990/01/21  12
      2   3   -163.61   21.15   1001.95    1990/01/22  00
      2   4   -163.25   24.18   1000.48    1990/01/22  12
      2   5   -165.47   25.20    999.07    1990/01/23  00
      3   1   -112.35   60.34    996.62    1990/01/21  00
      3   2   -100.53   55.85    996.03    1990/01/21  12
      3   3    -95.12   54.55    995.39    1990/01/22  00
      3   4    -86.52   49.25    997.45    1990/01/22  12
 1990/01/21  12   Number of Storms Begun  1
      1   1     97.97  -41.67    987.35    1990/01/21  12
      1   2    108.70  -44.96    983.99    1990/01/22  00
      1   3    121.24  -51.46    975.96    1990/01/22  12
      1   4    128.43  -55.08    968.44    1990/01/23  00
      1   5    133.89  -57.49    958.62    1990/01/23  12
      1   6    142.36  -60.83    950.76    1990/01/24  00
      1   7    148.24  -62.37    953.69    1990/01/24  12
      1   8    156.23  -63.29    962.28    1990/01/25  00
 1990/01/22  00   Number of Storms Begun  0
 1990/01/22  12   Number of Storms Begun  2
      1   1     72.02  -56.57    966.57    1990/01/22  12
      1   2     78.05  -58.17    963.64    1990/01/23  00
      1   3     85.93  -57.72    960.10    1990/01/23  12
      1   4     93.55  -56.95    966.10    1990/01/24  00
      1   5    101.96  -55.60    976.13    1990/01/24  12
      2   1    144.13   41.15   1007.63    1990/01/22  12
      2   2    150.40   44.17    999.65    1990/01/23  00
      2   3    152.69   47.52    992.87    1990/01/23  12
      2   4    152.30   48.98    992.03    1990/01/24  00
      2   5    151.47   49.63    992.39    1990/01/24  12
 1990/01/23  00   Number of Storms Begun  2
      1   1     17.21   11.19   1008.68    1990/01/23  00
      1   2     18.16   10.45   1007.79    1990/01/23  12
      1   3     31.18    9.12   1007.93    1990/01/24  00
      1   4     34.68   12.41   1006.75    1990/01/24  12
      2   1   -110.19   53.82    996.04    1990/01/23  00
      2   2   -101.68   49.22    996.37    1990/01/23  12
      2   3    -89.83   43.23    992.68    1990/01/24  00
      2   4    -82.51   45.82    993.82    1990/01/24  12
      2   5    -76.76   49.49   1002.83    1990/01/25  00
 1990/01/23  12   Number of Storms Begun  2
      1   1     37.31  -57.69    979.47    1990/01/23  12
      1   2     45.17  -58.40    976.46    1990/01/24  00
      1   3     49.52  -60.79    973.73    1990/01/24  12
      1   4     46.91  -64.31    974.73    1990/01/25  00
      1   5     45.71  -64.61    976.94    1990/01/25  12
      1   6     43.40  -64.65    980.60    1990/01/26  00
      1   7     21.30  -65.40    983.31    1990/01/26  12
      2   1     34.15   12.16   1007.82    1990/01/23  12
      2   2     31.18    9.12   1007.93    1990/01/24  00
      2   3     18.80    9.88   1007.20    1990/01/24  12
      2   4     15.74   12.27   1007.29    1990/01/25  00
 1990/01/24  00   Number of Storms Begun  1
      1   1    -14.38   66.19    947.48    1990/01/24  00
      1   2    -16.45   64.92    951.84    1990/01/24  12
      1   3    -16.82   63.74    957.90    1990/01/25  00
      1   4     -3.29   55.06    959.42    1990/01/25  12
      1   5      6.05   57.64    956.49    1990/01/26  00
      1   6     10.67   59.36    964.32    1990/01/26  12
 1990/01/24  12   Number of Storms Begun  1
      1   1    -93.02  -60.37    984.38    1990/01/24  12
      1   2    -87.18  -55.93    976.86    1990/01/25  00
      1   3    -81.50  -54.86    974.11    1990/01/25  12
      1   4    -77.93  -54.25    978.33    1990/01/26  00
      1   5    -76.30  -53.93    981.30    1990/01/26  12
      1   6    -63.64  -55.15    986.78    1990/01/27  00
      1   7    -52.90  -55.61    989.43    1990/01/27  12
      1   8    -51.29  -56.33    989.75    1990/01/28  00
 1990/01/25  00   Number of Storms Begun  5
      1   1    113.42  -15.39   1000.51    1990/01/25  00
      1   2    112.25  -15.84   1000.45    1990/01/25  12
      1   3    112.26  -16.59    999.71    1990/01/26  00
      1   4    113.19  -18.06    995.53    1990/01/26  12
      1   5    112.92  -19.17    989.93    1990/01/27  00
      1   6    113.18  -21.18    987.15    1990/01/27  12
      1   7    113.99  -25.07    992.65    1990/01/28  00
      1   8    116.71  -29.08    993.70    1990/01/28  12
      1   9    121.57  -32.71    997.53    1990/01/29  00
      2   1   -165.85   21.69   1001.90    1990/01/25  00
      2   2   -168.09   19.55   1002.27    1990/01/25  12
      2   3   -170.67   19.73   1001.06    1990/01/26  00
      2   4   -173.06   18.56   1001.29    1990/01/26  12
      3   1    -92.52   36.38   1004.02    1990/01/25  00
      3   2    -86.91   40.19    996.31    1990/01/25  12
      3   3    -82.13   44.94    988.72    1990/01/26  00
      3   4    -74.74   50.29    988.62    1990/01/26  12
      3   5    -60.81   54.44    987.39    1990/01/27  00
      3   6    -51.36   57.41    979.33    1990/01/27  12
      3   7    -44.92   55.16    958.17    1990/01/28  00
      3   8    -37.59   55.40    941.29    1990/01/28  12
      3   9    -30.87   54.76    950.42    1990/01/29  00
      3  10    -23.89   56.50    955.71    1990/01/29  12
      3  11    -22.38   58.71    954.81    1990/01/30  00
      4   1   -138.49   51.75    990.34    1990/01/25  00
      4   2   -130.98   54.48    981.84    1990/01/25  12
      4   3   -111.93   53.37    983.73    1990/01/26  00
      4   4   -102.45   53.30    983.83    1990/01/26  12
      4   5    -95.98   53.44    988.98    1990/01/27  00
      4   6    -89.77   55.57    991.80    1990/01/27  12
      4   7    -83.76   51.80    989.03    1990/01/28  00
      5   1    171.58   46.97    989.05    1990/01/25  00
      5   2    175.57   50.99    981.01    1990/01/25  12
      5   3    176.53   52.87    980.63    1990/01/26  00
      5   4   -175.90   54.22    986.09    1990/01/26  12
      5   5   -169.59   55.79    990.91    1990/01/27  00
      5   6   -160.61   57.41    992.74    1990/01/27  12
      5   7   -151.35   57.63    997.98    1990/01/28  00
 1990/01/25  12   Number of Storms Begun  0
 1990/01/26  00   Number of Storms Begun  0
 1990/01/26  12   Number of Storms Begun  1
      1   1     31.33  -49.01    981.12    1990/01/26  12
      1   2     38.99  -53.20    972.03    1990/01/27  00
      1   3     43.59  -56.17    964.88    1990/01/27  12
      1   4     48.83  -58.12    963.68    1990/01/28  00
      1   5     54.60  -58.83    970.23    1990/01/28  12
      1   6     62.71  -61.83    974.18    1990/01/29  00
      1   7     75.76  -67.17    979.65    1990/01/29  12
 1990/01/27  00   Number of Storms Begun  3
      1   1    -52.12  -78.49    988.41    1990/01/27  00
      1   2    -50.23  -78.47    989.12    1990/01/27  12
      1   3    -49.12  -77.29    986.68    1990/01/28  00
      1   4    -45.33  -76.81    977.06    1990/01/28  12
      1   5    -41.73  -77.11    972.45    1990/01/29  00
      2   1    -13.47  -46.02    993.69    1990/01/27  00
      2   2     -7.98  -49.43    980.93    1990/01/27  12
      2   3     -1.71  -52.61    969.05    1990/01/28  00
      2   4      4.38  -55.33    960.90    1990/01/28  12
      2   5      7.80  -57.43    958.18    1990/01/29  00
      2   6     12.64  -59.37    961.72    1990/01/29  12
      2   7     25.14  -64.77    966.03    1990/01/30  00
      2   8     29.64  -66.26    967.06    1990/01/30  12
      2   9     28.47  -68.09    970.26    1990/01/31  00
      2  10     22.87  -70.74    972.39    1990/01/31  12
      3   1    164.07   50.82    992.50    1990/01/27  00
      3   2    165.36   50.32    994.24    1990/01/27  12
      3   3    178.09   52.70    992.64    1990/01/28  00
      3   4   -177.13   53.58    981.57    1990/01/28  12
      3   5   -176.77   55.98    979.33    1990/01/29  00
      3   6   -177.33   57.45    985.45    1990/01/29  12
 1990/01/27  12   Number of Storms Begun  1
      1   1   -141.38  -57.00    976.56    1990/01/27  12
      1   2   -141.87  -60.59    975.28    1990/01/28  00
      1   3   -140.70  -62.32    975.47    1990/01/28  12
      1   4   -138.60  -74.41    978.82    1990/01/29  00
      1   5   -136.54  -78.53    972.59    1990/01/29  12
      1   6   -134.79  -79.49    969.47    1990/01/30  00
 1990/01/28  00   Number of Storms Begun  3
      1   1    154.66  -52.36    987.03    1990/01/28  00
      1   2    158.82  -54.38    982.66    1990/01/28  12
      1   3    163.47  -57.38    975.68    1990/01/29  00
      1   4    170.45  -60.10    969.15    1990/01/29  12
      1   5    178.31  -62.91    956.73    1990/01/30  00
      1   6   -171.95  -65.92    956.87    1990/01/30  12
      1   7   -159.10  -68.73    959.46    1990/01/31  00
      1   8   -148.17  -70.25    958.84    1990/01/31  12
      1   9   -141.83  -71.16    959.74    1990/02/01  00
      1  10   -140.95  -70.96    961.85    1990/02/01  12
      1  11   -138.50  -70.32    962.45    1990/02/02  00
      1  12   -129.97  -66.43    959.50    1990/02/02  12
      1  13   -126.45  -65.36    957.47    1990/02/03  00
      2   1    156.32  -17.65   1002.04    1990/01/28  00
      2   2    156.00  -17.10   1003.02    1990/01/28  12
      2   3    154.13  -16.81   1002.49    1990/01/29  00
      2   4    153.50  -15.99   1002.34    1990/01/29  12
      2   5    153.91  -15.07   1002.47    1990/01/30  00
      2   6    156.92  -15.56   1000.66    1990/01/30  12
      2   7    158.99  -17.08   1000.07    1990/01/31  00
      2   8    159.04  -19.85    999.34    1990/01/31  12
      2   9    157.66  -22.67    999.53    1990/02/01  00
      2  10    155.52  -24.67    997.12    1990/02/01  12
      2  11    154.00  -24.66    997.09    1990/02/02  00
      3   1    -83.76   51.80    989.03    1990/01/28  00
      3   2    -80.31   59.86    979.63    1990/01/28  12
      3   3    -81.84   63.11    980.17    1990/01/29  00
      3   4    -87.64   66.41    986.88    1990/01/29  12
      3   5    -92.88   66.34    993.30    1990/01/30  00
 1990/01/28  12   Number of Storms Begun  1
      1   1   -132.42   51.20    995.22    1990/01/28  12
      1   2   -120.97   50.47    990.15    1990/01/29  00
      1   3   -106.79   48.20    991.43    1990/01/29  12
      1   4    -96.16   47.25    993.47    1990/01/30  00
 1990/01/29  00   Number of Storms Begun  1
      1   1   -178.90   -9.67   1004.15    1990/01/29  00
      1   2   -179.63   -9.44   1003.55    1990/01/29  12
      1   3    179.77   -9.63   1003.09    1990/01/30  00
      1   4    179.62   -9.60   1002.44    1990/01/30  12
 1990/01/29  12   Number of Storms Begun  2
      1   1    -62.93  -31.93   1001.41    1990/01/29  12
      1   2    -62.77  -29.99    997.91    1990/01/30  00
      1   3    -62.15  -28.98   1004.53    1990/01/30  12
      1   4    -61.29  -28.72   1003.45    1990/01/31  00
      2   1   -141.56   51.66    994.22    1990/01/29  12
      2   2   -131.58   49.00    979.87    1990/01/30  00
      2   3   -125.04   47.41    986.78    1990/01/30  12
      2   4   -120.87   47.52    996.01    1990/01/31  00
 1990/01/30  00   Number of Storms Begun  1
      1   1   -172.25   47.58    984.11    1990/01/30  00
      1   2   -168.27   52.34    976.39    1990/01/30  12
      1   3   -160.58   54.38    975.34    1990/01/31  00
      1   4   -147.47   54.18    978.13    1990/01/31  12
      1   5   -144.19   54.73    980.08    1990/02/01  00
 1990/01/30  12   Number of Storms Begun  1
      1   1    -23.84   57.88    951.73    1990/01/30  12
      1   2    -18.25   56.66    956.33    1990/01/31  00
      1   3    -13.14   61.01    957.42    1990/01/31  12
      1   4    -16.26   62.50    957.12    1990/02/01  00
      1   5    -17.83   62.52    960.10    1990/02/01  12
 1990/01/31  00   Number of Storms Begun  2
      1   1    157.10  -64.57    961.31    1990/01/31  00
      1   2    125.72  -68.60    966.70    1990/01/31  12
      1   3     92.39  -67.40    971.11    1990/02/01  00
      1   4     90.57  -69.49    969.41    1990/02/01  12
      2   1     58.65   71.33   1003.31    1990/01/31  00
      2   2     68.74   71.13   1002.24    1990/01/31  12
      2   3     76.07   70.16    999.99    1990/02/01  00
      2   4     80.87   69.14   1002.49    1990/02/01  12
      2   5     84.87   68.26   1005.83    1990/02/02  00
      2   6     88.45   66.53   1010.95    1990/02/02  12
      2   7    101.06   64.69   1013.67    1990/02/03  00
      2   8    108.79   62.66   1016.11    1990/02/03  12
 1990/01/31  12   Number of Storms Begun  3
      1   1   -179.27   -7.97   1001.66    1990/01/31  12
      1   2   -179.46   -8.32   1000.15    1990/02/01  00
      1   3   -178.55   -9.27   1000.82    1990/02/01  12
      1   4   -177.06  -10.15    999.51    1990/02/02  00
      1   5   -175.87  -10.78    997.34    1990/02/02  12
      1   6   -175.63  -11.78    995.88    1990/02/03  00
      1   7   -175.97  -12.71    994.57    1990/02/03  12
      1   8   -176.29  -13.34    995.23    1990/02/04  00
      1   9   -175.11  -14.97    996.86    1990/02/04  12
      1  10   -173.66  -17.48    995.43    1990/02/05  00
      1  11   -173.27  -19.00    997.51    1990/02/05  12
      1  12   -173.31  -20.60    996.32    1990/02/06  00
      1  13   -174.08  -20.88    999.46    1990/02/06  12
      1  14   -176.63  -22.23   1000.02    1990/02/07  00
      2   1    135.59   27.09   1013.93    1990/01/31  12
      2   2    143.33   33.04   1012.02    1990/02/01  00
      2   3    151.58   36.17   1008.06    1990/02/01  12
      2   4    159.32   38.16   1001.56    1990/02/02  00
      2   5    169.71   41.20    995.77    1990/02/02  12
      2   6   -179.47   46.05    984.40    1990/02/03  00
      2   7   -170.13   49.81    977.01    1990/02/03  12
      2   8   -158.45   51.77    975.93    1990/02/04  00
      2   9   -146.08   53.51    973.74    1990/02/04  12
      2  10   -140.00   54.59    973.15    1990/02/05  00
      2  11   -136.08   55.23    978.10    1990/02/05  12
      2  12   -136.06   57.36    983.70    1990/02/06  00
      2  13   -139.63   58.84    988.08    1990/02/06  12
      3   1   -176.12   53.47    981.50    1990/01/31  12
      3   2   -171.37   52.95    978.76    1990/02/01  00
      3   3   -155.63   55.03    979.11    1990/02/01  12
      3   4   -146.91   55.78    976.33    1990/02/02  00
      3   5   -144.48   55.50    975.90    1990/02/02  12
      3   6   -141.73   56.03    980.36    1990/02/03  00
      3   7   -139.86   56.54    988.17    1990/02/03  12
 1990/02/01  00   Number of Storms Begun  0
 1990/02/01  12   Number of Storms Begun  2
      1   1      0.60  -50.59    970.12    1990/02/01  12
      1   2      8.05  -54.25    968.38    1990/02/02  00
      1   3     16.33  -56.43    972.13    1990/02/02  12
      1   4     24.61  -57.55    971.79    1990/02/03  00
      1   5     39.56  -60.47    973.65    1990/02/03  12
      1   6     51.90  -62.27    977.81    1990/02/04  00
      1   7     63.55  -60.00    973.18    1990/02/04  12
      1   8     69.32  -58.87    974.47    1990/02/05  00
      1   9     87.71  -55.51    968.65    1990/02/05  12
      1  10     92.97  -57.75    967.69    1990/02/06  00
      1  11     97.88  -60.51    969.79    1990/02/06  12
      1  12    100.23  -63.16    972.28    1990/02/07  00
      1  13     86.40  -69.28    971.51    1990/02/07  12
      2   1     63.84  -10.56   1007.09    1990/02/01  12
      2   2     60.22   -9.96   1007.41    1990/02/02  00
      2   3     59.49  -10.47   1007.03    1990/02/02  12
      2   4     58.88   -9.92   1007.06    1990/02/03  00
 1990/02/02  00   Number of Storms Begun  2
      1   1    154.00  -24.66    997.09    1990/02/02  00
      1   2    154.13  -26.05    997.94    1990/02/02  12
      1   3    153.62  -27.11    995.73    1990/02/03  00
      1   4    153.85  -29.02    995.06    1990/02/03  12
      1   5    154.27  -32.35    995.50    1990/02/04  00
      1   6    154.78  -35.96    997.38    1990/02/04  12
      1   7    155.58  -39.96    996.99    1990/02/05  00
      1   8    157.13  -42.20    996.89    1990/02/05  12
      2   1    -11.59   57.35    959.85    1990/02/02  00
      2   2     -6.92   61.18    961.45    1990/02/02  12
      2   3     -4.69   64.15    963.75    1990/02/03  00
      2   4     -3.14   67.20    966.19    1990/02/03  12
 1990/02/02  12   Number of Storms Begun  0
 1990/02/03  00   Number of Storms Begun  3
      1   1    -32.37  -57.47    975.46    1990/02/03  00
      1   2    -21.55  -56.95    966.34    1990/02/03  12
      1   3    -13.01  -58.38    964.26    1990/02/04  00
      1   4     -6.31  -59.73    962.61    1990/02/04  12
      1   5     -2.05  -61.27    958.07    1990/02/05  00
      1   6      3.40  -62.45    963.49    1990/02/05  12
      1   7     12.09  -64.91    964.44    1990/02/06  00
      1   8     23.48  -66.18    963.95    1990/02/06  12
      2   1   -100.22   25.45   1005.15    1990/02/03  00
      2   2    -95.63   26.45   1010.08    1990/02/03  12
      2   3    -87.94   35.54   1010.21    1990/02/04  00
      2   4    -74.75   39.28   1007.06    1990/02/04  12
      2   5    -65.78   39.15    998.29    1990/02/05  00
      2   6    -55.70   39.72    990.91    1990/02/05  12
      3   1    -43.23   53.39    962.13    1990/02/03  00
      3   2    -36.48   53.96    950.87    1990/02/03  12
      3   3    -29.44   57.30    947.04    1990/02/04  00
      3   4    -27.08   59.87    947.09    1990/02/04  12
      3   5    -22.45   61.98    952.22    1990/02/05  00
      3   6    -16.83   65.41    958.19    1990/02/05  12
      3   7     -3.35   71.37    961.26    1990/02/06  00
      3   8      5.36   74.73    959.67    1990/02/06  12
      3   9     14.01   76.93    963.00    1990/02/07  00
      3  10     20.75   77.76    966.25    1990/02/07  12
 1990/02/03  12   Number of Storms Begun  1
      1   1    149.31  -70.87    971.11    1990/02/03  12
      1   2    148.26  -67.43    971.79    1990/02/04  00
      1   3    171.48  -64.47    968.03    1990/02/04  12
      1   4   -177.82  -64.44    961.44    1990/02/05  00
      1   5   -161.05  -62.59    957.16    1990/02/05  12
      1   6   -152.57  -62.68    953.08    1990/02/06  00
      1   7   -144.33  -64.82    956.44    1990/02/06  12
      1   8   -137.51  -66.03    957.38    1990/02/07  00
      1   9   -132.51  -67.49    959.52    1990/02/07  12
      1  10   -125.23  -69.57    963.07    1990/02/08  00
 1990/02/04  00   Number of Storms Begun  0
 1990/02/04  12   Number of Storms Begun  3
      1   1   -146.42  -21.22   1007.09    1990/02/04  12
      1   2   -146.22  -23.63   1006.24    1990/02/05  00
      1   3   -145.65  -25.38   1005.36    1990/02/05  12
      1   4   -146.63  -27.24   1004.91    1990/02/06  00
      1   5   -145.52  -29.28   1002.99    1990/02/06  12
      2   1    153.61   36.49   1017.12    1990/02/04  12
      2   2    156.78   36.20   1015.78    1990/02/05  00
      2   3    157.74   35.07   1013.97    1990/02/05  12
      2   4    165.64   36.82   1007.04    1990/02/06  00
      2   5    168.68   37.24    998.00    1990/02/06  12
      2   6    173.98   39.67    992.88    1990/02/07  00
      2   7    179.18   43.38    991.06    1990/02/07  12
      2   8   -173.73   46.62    991.25    1990/02/08  00
      2   9   -158.03   53.56    992.30    1990/02/08  12
      2  10   -147.04   55.89    985.32    1990/02/09  00
      2  11   -140.50   56.78    984.40    1990/02/09  12
      2  12   -140.78   59.28    990.24    1990/02/10  00
      2  13   -141.86   59.43    996.68    1990/02/10  12
      3   1   -104.96   51.87   1000.59    1990/02/04  12
      3   2    -93.39   57.23   1001.65    1990/02/05  00
      3   3    -85.03   57.64    997.87    1990/02/05  12
      3   4    -80.10   61.36    992.76    1990/02/06  00
 1990/02/05  00   Number of Storms Begun  1
      1   1    117.27   47.46   1022.48    1990/02/05  00
      1   2    122.96   48.23   1022.96    1990/02/05  12
      1   3    128.58   49.33   1022.57    1990/02/06  00
      1   4    136.64   49.67   1023.58    1990/02/06  12
      1   5    142.38   48.20   1023.11    1990/02/07  00
      1   6    145.89   45.84   1020.51    1990/02/07  12
 1990/02/05  12   Number of Storms Begun  0
 1990/02/06  00   Number of Storms Begun  0
 1990/02/06  12   Number of Storms Begun  2
      1   1    -46.13  -68.90    967.14    1990/02/06  12
      1   2    -38.05  -68.69    965.14    1990/02/07  00
      1   3    -29.15  -68.67    964.31    1990/02/07  12
      1   4    -19.48  -68.80    967.19    1990/02/08  00
      2   1   -139.63   58.84    988.08    1990/02/06  12
      2   2   -137.39   59.09    990.14    1990/02/07  00
      2   3   -133.07   58.36    992.13    1990/02/07  12
      2   4   -117.27   54.55    994.07    1990/02/08  00
      2   5   -109.98   52.38    993.97    1990/02/08  12
      2   6   -101.76   51.08    995.78    1990/02/09  00
      2   7    -95.56   51.81    996.59    1990/02/09  12
 1990/02/07  00   Number of Storms Begun  1
      1   1    -40.18   60.84    972.82    1990/02/07  00
      1   2    -28.13   61.37    971.86    1990/02/07  12
      1   3    -24.31   63.48    968.01    1990/02/08  00
      1   4    -20.13   65.25    969.29    1990/02/08  12
      1   5    -17.99   65.61    974.38    1990/02/09  00
      1   6    -11.94   66.55    971.98    1990/02/09  12
      1   7     -3.26   67.87    974.13    1990/02/10  00
 1990/02/07  12   Number of Storms Begun  2
      1   1   -175.90  -20.61   1001.63    1990/02/07  12
      1   2   -171.81  -26.50   1001.62    1990/02/08  00
      1   3   -171.80  -29.13   1000.84    1990/02/08  12
      1   4   -170.60  -30.62    999.60    1990/02/09  00
      2   1   -135.26   -1.90   1008.30    1990/02/07  12
      2   2   -134.49    4.38   1007.60    1990/02/08  00
      2   3   -134.28    4.71   1008.21    1990/02/08  12
      2   4   -138.77   14.09   1006.46    1990/02/09  00
      2   5   -141.50   14.90   1007.41    1990/02/09  12
      2   6   -142.75   15.15   1007.49    1990/02/10  00
 1990/02/08  00   Number of Storms Begun  2
      1   1     73.37  -62.45    969.20    1990/02/08  00
      1   2     77.16  -61.79    966.88    1990/02/08  12
      1   3     82.90  -62.52    966.76    1990/02/09  00
      1   4     86.33  -63.22    968.17    1990/02/09  12
      1   5     88.56  -62.98    973.75    1990/02/10  00
      2   1     17.32   69.05    963.79    1990/02/08  00
      2   2     31.13   71.05    958.04    1990/02/08  12
      2   3     41.30   70.81    955.43    1990/02/09  00
      2   4     46.00   70.84    958.11    1990/02/09  12
      2   5     48.74   71.15    965.75    1990/02/10  00
      2   6     53.38   70.64    974.95    1990/02/10  12
      2   7     66.83   70.29    983.77    1990/02/11  00
 1990/02/08  12   Number of Storms Begun  5
      1   1   -142.45  -61.01    964.72    1990/02/08  12
      1   2   -132.97  -62.86    960.65    1990/02/09  00
      1   3   -120.91  -66.34    962.04    1990/02/09  12
      1   4   -115.44  -68.16    960.70    1990/02/10  00
      1   5   -109.65  -69.47    959.19    1990/02/10  12
      1   6   -100.48  -70.11    960.06    1990/02/11  00
      2   1     13.72  -65.65    970.59    1990/02/08  12
      2   2     21.73  -65.19    969.17    1990/02/09  00
      2   3     32.44  -63.87    969.42    1990/02/09  12
      2   4     39.41  -64.83    970.59    1990/02/10  00
      2   5     44.88  -64.79    973.99    1990/02/10  12
      2   6     46.99  -64.69    978.86    1990/02/11  00
      3   1    146.06  -28.28   1009.47    1990/02/08  12
      3   2    145.77  -31.32   1010.32    1990/02/09  00
      3   3    146.58  -31.46   1008.15    1990/02/09  12
      3   4    151.29  -32.57   1007.91    1990/02/10  00
      3   5    155.77  -33.71   1007.33    1990/02/10  12
      3   6    156.82  -34.48   1005.61    1990/02/11  00
      3   7    157.69  -34.86   1007.55    1990/02/11  12
      3   8    158.60  -34.60   1010.89    1990/02/12  00
      4   1    155.13   47.15   1012.85    1990/02/08  12
      4   2    159.85   48.36   1007.34    1990/02/09  00
      4   3    162.83   50.33   1006.25    1990/02/09  12
      4   4    166.80   51.50   1001.13    1990/02/10  00
      4   5    171.47   52.37    992.84    1990/02/10  12
      4   6    174.95   54.33    987.63    1990/02/11  00
      4   7    174.99   54.42    990.00    1990/02/11  12
      5   1   -121.28   83.55    979.67    1990/02/08  12
      5   2   -123.02   80.79    978.00    1990/02/09  00
      5   3   -118.67   79.13    978.94    1990/02/09  12
      5   4   -101.89   77.62    980.46    1990/02/10  00
      5   5    -95.18   76.78    985.37    1990/02/10  12
      5   6    -91.92   76.36    992.13    1990/02/11  00
      5   7    -91.54   75.13    995.97    1990/02/11  12
      5   8    -89.78   74.57    999.37    1990/02/12  00
 1990/02/09  00   Number of Storms Begun  0
 1990/02/09  12   Number of Storms Begun  2
      1   1     43.06   27.95   1006.24    1990/02/09  12
      1   2     47.18   31.10   1005.71    1990/02/10  00
      1   3     54.45   33.19   1005.92    1990/02/10  12
      1   4     60.05   36.57   1006.81    1990/02/11  00
      2   1    104.90   53.94   1015.58    1990/02/09  12
      2   2    121.01   47.66   1015.48    1990/02/10  00
      2   3    125.24   47.01   1006.95    1990/02/10  12
      2   4    131.91   47.44   1002.50    1990/02/11  00
      2   5    139.84   46.94    996.69    1990/02/11  12
      2   6    143.23   48.19    989.59    1990/02/12  00
      2   7    146.15   49.35    988.39    1990/02/12  12
      2   8    151.02   51.42    988.61    1990/02/13  00
      2   9    154.66   52.79    990.84    1990/02/13  12
      2  10    157.58   55.39    995.85    1990/02/14  00
      2  11    160.85   56.44   1001.75    1990/02/14  12
      2  12    164.28   57.87   1005.26    1990/02/15  00
      2  13   -177.85   61.34   1002.98    1990/02/15  12
      2  14   -170.23   66.78    997.88    1990/02/16  00
      2  15   -164.16   71.05   1001.82    1990/02/16  12
 1990/02/10  00   Number of Storms Begun  1
      1   1   -142.75   15.15   1007.49    1990/02/10  00
      1   2   -140.06   16.36   1006.92    1990/02/10  12
      1   3   -138.99   19.58   1004.93    1990/02/11  00
      1   4   -140.03   22.38   1005.54    1990/02/11  12
      1   5   -139.89   24.65   1005.33    1990/02/12  00
      1   6   -142.22   26.92   1004.37    1990/02/12  12
      1   7   -144.22   28.67   1004.52    1990/02/13  00
      1   8   -147.50   29.39   1008.61    1990/02/13  12
 1990/02/10  12   Number of Storms Begun  3
      1   1   -171.24  -29.38   1007.07    1990/02/10  12
      1   2   -168.37  -34.55   1004.84    1990/02/11  00
      1   3   -165.56  -36.05   1004.55    1990/02/11  12
      1   4   -161.23  -38.00   1006.41    1990/02/12  00
      2   1   -154.51  -10.35   1005.89    1990/02/10  12
      2   2   -155.91  -12.82   1005.20    1990/02/11  00
      2   3   -161.03  -12.44   1004.98    1990/02/11  12
      2   4   -161.10  -12.16   1004.19    1990/02/12  00
      2   5   -160.45  -11.46   1002.24    1990/02/12  12
      3   1    -14.23   58.64    970.33    1990/02/10  12
      3   2     -9.41   61.20    959.97    1990/02/11  00
      3   3    -10.12   63.61    953.15    1990/02/11  12
      3   4    -11.36   64.28    954.73    1990/02/12  00
 1990/02/11  00   Number of Storms Begun  0
 1990/02/11  12   Number of Storms Begun  4
      1   1     25.91  -58.34    978.34    1990/02/11  12
      1   2     34.62  -58.31    977.99    1990/02/12  00
      1   3     41.81  -62.12    977.66    1990/02/12  12
      1   4     42.53  -64.79    969.65    1990/02/13  00
      2   1    -23.34  -62.90    973.14    1990/02/11  12
      2   2    -16.81  -63.65    970.75    1990/02/12  00
      2   3    -11.50  -63.13    968.81    1990/02/12  12
      2   4     -8.49  -62.40    967.82    1990/02/13  00
      2   5     -4.12  -62.36    963.79    1990/02/13  12
      2   6      0.63  -63.30    960.27    1990/02/14  00
      2   7      2.19  -62.36    959.56    1990/02/14  12
      2   8      4.40  -62.38    959.83    1990/02/15  00
      2   9      5.69  -62.37    965.10    1990/02/15  12
      2  10      7.43  -63.77    968.75    1990/02/16  00
      3   1   -117.51   52.72   1002.58    1990/02/11  12
      3   2   -108.87   51.04    993.16    1990/02/12  00
      3   3    -99.72   49.53    993.10    1990/02/12  12
      3   4    -90.07   51.06    994.95    1990/02/13  00
      3   5    -80.09   52.89    988.79    1990/02/13  12
      3   6    -69.10   56.53    986.19    1990/02/14  00
      4   1    174.99   54.42    990.00    1990/02/11  12
      4   2    177.14   53.69    998.74    1990/02/12  00
      4   3   -173.13   54.11   1003.11    1990/02/12  12
      4   4   -168.38   58.65   1002.52    1990/02/13  00
 1990/02/12  00   Number of Storms Begun  3
      1   1    -90.88  -69.17    963.16    1990/02/12  00
      1   2    -97.33  -70.74    967.30    1990/02/12  12
      1   3   -107.43  -70.64    974.22    1990/02/13  00
      1   4   -109.09  -70.68    977.46    1990/02/13  12
      2   1    155.83  -68.37    969.06    1990/02/12  00
      2   2    176.79  -67.41    964.59    1990/02/12  12
      2   3   -174.56  -66.44    964.23    1990/02/13  00
      2   4   -166.32  -64.90    968.83    1990/02/13  12
      2   5   -157.80  -62.23    970.71    1990/02/14  00
      2   6   -154.80  -60.01    971.88    1990/02/14  12
      2   7   -151.39  -58.42    973.21    1990/02/15  00
      2   8   -145.33  -57.82    975.96    1990/02/15  12
      2   9   -142.66  -58.96    977.09    1990/02/16  00
      3   1    158.60  -34.60   1010.89    1990/02/12  00
      3   2    158.94  -35.53   1011.44    1990/02/12  12
      3   3    159.09  -37.39   1012.45    1990/02/13  00
      3   4    159.44  -38.18   1012.58    1990/02/13  12
      3   5    160.64  -39.34   1012.93    1990/02/14  00
      3   6    160.60  -40.30   1013.77    1990/02/14  12
 1990/02/12  12   Number of Storms Begun  2
      1   1     66.63    2.78   1009.63    1990/02/12  12
      1   2     77.34   -0.40   1009.66    1990/02/13  00
      1   3     85.57    0.48   1008.28    1990/02/13  12
      1   4     90.33    1.70   1009.08    1990/02/14  00
      1   5     94.23   -7.18   1009.36    1990/02/14  12
      1   6     88.98  -10.83   1009.35    1990/02/15  00
      2   1    -11.84   63.49    958.52    1990/02/12  12
      2   2    -14.76   64.27    965.52    1990/02/13  00
      2   3    -18.73   64.18    967.65    1990/02/13  12
      2   4    -20.61   64.35    972.69    1990/02/14  00
      2   5    -25.54   63.84    977.21    1990/02/14  12
 1990/02/13  00   Number of Storms Begun  2
      1   1     56.33  -19.49   1005.56    1990/02/13  00
      1   2     60.47  -21.45   1004.09    1990/02/13  12
      1   3     60.92  -23.61   1002.62    1990/02/14  00
      1   4     64.74  -25.82   1003.65    1990/02/14  12
      2   1   -161.07  -11.38   1000.74    1990/02/13  00
      2   2   -161.02  -12.38    999.75    1990/02/13  12
      2   3   -161.42  -13.23    998.03    1990/02/14  00
      2   4   -161.10  -14.66    996.95    1990/02/14  12
      2   5   -161.04  -16.55    995.03    1990/02/15  00
      2   6   -160.76  -18.60    996.84    1990/02/15  12
      2   7   -159.31  -21.18    992.76    1990/02/16  00
      2   8   -155.75  -23.36    994.86    1990/02/16  12
      2   9   -151.70  -25.83    992.34    1990/02/17  00
      2  10   -145.72  -28.86    989.98    1990/02/17  12
 1990/02/13  12   Number of Storms Begun  1
      1   1   -162.89   30.99   1007.91    1990/02/13  12
      1   2   -163.13   31.20   1005.94    1990/02/14  00
      1   3   -163.92   33.18   1005.48    1990/02/14  12
      1   4   -165.06   34.47   1007.87    1990/02/15  00
      1   5   -165.45   36.87   1009.77    1990/02/15  12
      1   6   -162.59   37.64   1009.49    1990/02/16  00
      1   7   -160.97   41.98   1009.86    1990/02/16  12
 1990/02/14  00   Number of Storms Begun  1
      1   1   -150.23   62.61   1007.02    1990/02/14  00
      1   2   -138.08   58.98   1001.67    1990/02/14  12
      1   3   -131.56   54.96   1002.05    1990/02/15  00
      1   4   -127.79   51.62   1000.01    1990/02/15  12
      1   5   -124.96   48.34    996.97    1990/02/16  00
      1   6   -124.32   46.76    997.61    1990/02/16  12
      1   7   -122.36   44.31   1000.12    1990/02/17  00
 1990/02/14  12   Number of Storms Begun  1
      1   1   -110.05   36.09   1001.37    1990/02/14  12
      1   2   -107.33   36.30    998.96    1990/02/15  00
      1   3    -98.57   31.46   1003.46    1990/02/15  12
      1   4    -88.83   39.02   1003.16    1990/02/16  00
      1   5    -88.53   42.97   1003.01    1990/02/16  12
      1   6    -75.99   44.07   1002.39    1990/02/17  00
 1990/02/15  00   Number of Storms Begun  4
      1   1     63.91  -26.01   1002.20    1990/02/15  00
      1   2     64.12  -26.62   1002.99    1990/02/15  12
      1   3     64.04  -29.14   1004.01    1990/02/16  00
      1   4     73.20  -37.26   1006.50    1990/02/16  12
      2   1   -114.10  -24.64   1009.29    1990/02/15  00
      2   2   -111.30  -26.82   1009.29    1990/02/15  12
      2   3   -109.96  -28.67   1009.93    1990/02/16  00
      2   4   -108.59  -31.15   1009.13    1990/02/16  12
      3   1    139.19   31.08   1015.52    1990/02/15  00
      3   2    143.90   32.91   1011.39    1990/02/15  12
      3   3    148.08   35.90   1010.35    1990/02/16  00
      3   4    151.63   37.16   1007.43    1990/02/16  12
      3   5    153.13   37.52   1004.85    1990/02/17  00
      3   6    158.14   41.43   1003.74    1990/02/17  12
      4   1    -49.23   58.96    979.87    1990/02/15  00
      4   2    -44.06   56.86    982.31    1990/02/15  12
      4   3    -38.93   57.51    977.31    1990/02/16  00
      4   4    -38.78   59.64    963.93    1990/02/16  12
      4   5    -42.13   61.02    964.99    1990/02/17  00
 1990/02/15  12   Number of Storms Begun  3
      1   1    147.90  -66.75    971.60    1990/02/15  12
      1   2    175.01  -67.16    969.34    1990/02/16  00
      1   3   -174.56  -67.01    956.75    1990/02/16  12
      1   4   -160.85  -64.47    961.06    1990/02/17  00
      1   5   -151.65  -60.68    958.93    1990/02/17  12
      1   6   -145.08  -58.33    957.02    1990/02/18  00
      1   7   -141.12  -58.22    959.86    1990/02/18  12
      1   8   -134.27  -59.56    963.89    1990/02/19  00
      1   9   -128.00  -62.53    962.00    1990/02/19  12
      1  10   -124.78  -64.74    959.84    1990/02/20  00
      1  11   -122.21  -66.72    959.21    1990/02/20  12
      1  12   -100.52  -68.24    953.08    1990/02/21  00
      2   1    -64.87  -71.48    973.87    1990/02/15  12
      2   2    -51.49  -69.46    975.82    1990/02/16  00
      2   3    -49.28  -63.98    976.74    1990/02/16  12
      2   4    -42.43  -60.47    973.51    1990/02/17  00
      2   5    -38.41  -59.40    972.55    1990/02/17  12
      2   6    -34.50  -58.18    971.88    1990/02/18  00
      2   7    -29.94  -57.66    971.25    1990/02/18  12
      2   8    -26.75  -58.06    970.49    1990/02/19  00
      2   9    -24.98  -58.81    968.44    1990/02/19  12
      2  10    -22.47  -59.49    972.94    1990/02/20  00
      2  11     -0.17  -65.64    976.71    1990/02/20  12
      2  12      1.97  -66.33    969.14    1990/02/21  00
      2  13     10.45  -61.99    960.24    1990/02/21  12
      3   1    -43.11  -24.83   1004.54    1990/02/15  12
      3   2    -41.68  -25.63   1003.70    1990/02/16  00
      3   3    -35.91  -28.31   1002.70    1990/02/16  12
      3   4    -30.86  -30.85   1003.06    1990/02/17  00
 1990/02/16  00   Number of Storms Begun  3
      1   1     63.25  -61.34    974.73    1990/02/16  00
      1   2     86.07  -62.27    972.73    1990/02/16  12
      1   3     90.19  -61.30    967.15    1990/02/17  00
      1   4    100.17  -59.45    971.31    1990/02/17  12
      1   5    105.74  -59.03    969.67    1990/02/18  00
      1   6    112.44  -58.13    968.82    1990/02/18  12
      1   7    127.32  -60.93    967.41    1990/02/19  00
      2   1     58.14   36.48    998.23    1990/02/16  00
      2   2     60.39   36.88   1002.12    1990/02/16  12
      2   3     71.08   28.29   1006.55    1990/02/17  00
      2   4     72.49   26.49   1004.22    1990/02/17  12
      2   5     76.23   26.65   1003.86    1990/02/18  00
      2   6     78.65   22.49   1005.08    1990/02/18  12
      2   7     82.28   18.12   1008.52    1990/02/19  00
      3   1     29.67   47.19    984.20    1990/02/16  00
      3   2     34.49   49.50    981.48    1990/02/16  12
      3   3     36.13   51.98    985.59    1990/02/17  00
      3   4     36.31   53.74    995.01    1990/02/17  12
 1990/02/16  12   Number of Storms Begun  2
      1   1      8.09  -62.81    972.67    1990/02/16  12
      1   2     10.44  -63.18    975.23    1990/02/17  00
      1   3     16.49  -64.66    978.77    1990/02/17  12
      1   4     17.85  -65.05    983.49    1990/02/18  00
      1   5     20.03  -65.75    988.90    1990/02/18  12
      2   1   -160.97   41.98   1009.86    1990/02/16  12
      2   2   -156.82   41.01   1005.48    1990/02/17  00
      2   3   -154.54   41.15   1001.10    1990/02/17  12
      2   4   -150.31   40.74    999.20    1990/02/18  00
      2   5   -146.27   40.87    996.34    1990/02/18  12
      2   6   -144.24   41.64    999.41    1990/02/19  00
 1990/02/17  00   Number of Storms Begun  1
      1   1    -42.13   61.02    964.99    1990/02/17  00
      1   2    -25.81   61.11    960.25    1990/02/17  12
      1   3    -20.31   62.66    960.76    1990/02/18  00
      1   4    -12.12   65.63    964.28    1990/02/18  12
 1990/02/17  12   Number of Storms Begun  1
      1   1   -125.03   44.74   1006.05    1990/02/17  12
      1   2   -120.40   39.37   1010.32    1990/02/18  00
      1   3   -115.01   37.02   1012.69    1990/02/18  12
      1   4   -106.61   34.97   1012.58    1990/02/19  00
 1990/02/18  00   Number of Storms Begun  3
      1   1     38.98   36.43   1005.69    1990/02/18  00
      1   2     39.51   35.46    999.14    1990/02/18  12
      1   3     42.59   35.38   1001.33    1990/02/19  00
      1   4     56.03   33.47   1005.33    1990/02/19  12
      2   1    173.06   51.72    999.59    1990/02/18  00
      2   2    178.97   53.40    996.51    1990/02/18  12
      2   3   -178.69   54.08    989.14    1990/02/19  00
      2   4   -177.79   53.75    990.78    1990/02/19  12
      3   1   -149.01   57.77   1001.29    1990/02/18  00
      3   2   -145.54   58.70    994.67    1990/02/18  12
      3   3   -139.96   61.34    989.50    1990/02/19  00
      3   4   -131.03   62.46    992.68    1990/02/19  12
      3   5   -116.33   62.26    993.37    1990/02/20  00
      3   6   -108.06   60.36    994.62    1990/02/20  12
      3   7   -101.10   58.08    990.98    1990/02/21  00
      3   8    -91.15   56.89    990.83    1990/02/21  12
      3   9    -81.59   57.79    985.17    1990/02/22  00
      3  10    -73.52   59.16    981.16    1990/02/22  12
      3  11    -58.90   57.72    980.92    1990/02/23  00
      3  12    -53.78   59.80    979.29    1990/02/23  12
      3  13    -54.45   61.73    973.37    1990/02/24  00
 1990/02/18  12   Number of Storms Begun  1
      1   1     -3.26  -34.88   1003.28    1990/02/18  12
      1   2      3.95  -34.06   1002.57    1990/02/19  00
      1   3     10.08  -33.54   1003.27    1990/02/19  12
      1   4     13.84  -33.02   1003.00    1990/02/20  00
 1990/02/19  00   Number of Storms Begun  2
      1   1    127.32  -60.93    967.41    1990/02/19  00
      1   2    124.71  -61.26    965.02    1990/02/19  12
      1   3    123.67  -61.70    964.53    1990/02/20  00
      1   4    120.70  -60.41    969.51    1990/02/20  12
      2   1    -20.33   55.87    956.06    1990/02/19  00
      2   2    -11.70   61.73    946.85    1990/02/19  12
      2   3     -2.68   66.54    952.56    1990/02/20  00
      2   4      4.47   70.61    956.01    1990/02/20  12
      2   5     10.62   72.92    958.92    1990/02/21  00
      2   6     32.90   73.76    967.12    1990/02/21  12
      2   7     40.45   74.71    971.74    1990/02/22  00
      2   8     48.22   75.35    973.98    1990/02/22  12
      2   9     53.92   75.59    976.88    1990/02/23  00
      2  10     60.65   75.25    978.82    1990/02/23  12
 1990/02/19  12   Number of Storms Begun  2
      1   1     81.92  -13.57   1008.25    1990/02/19  12
      1   2     80.26  -12.93   1008.62    1990/02/20  00
      1   3     79.93  -13.26   1008.44    1990/02/20  12
      1   4     72.99   -7.94   1007.34    1990/02/21  00
      1   5     70.94   -8.67   1006.93    1990/02/21  12
      2   1    131.25   37.51   1012.03    1990/02/19  12
      2   2    134.03   41.57   1008.26    1990/02/20  00
      2   3    139.84   41.93   1013.30    1990/02/20  12
      2   4    143.47   43.00   1011.94    1990/02/21  00
      2   5    148.38   42.76   1011.31    1990/02/21  12
      2   6    152.23   41.52   1013.42    1990/02/22  00
      2   7    155.62   37.71   1015.10    1990/02/22  12
      2   8    157.17   36.80   1014.62    1990/02/23  00
      2   9    157.52   36.58   1012.61    1990/02/23  12
      2  10    158.84   37.65   1010.25    1990/02/24  00
 1990/02/20  00   Number of Storms Begun  0
 1990/02/20  12   Number of Storms Begun  3
      1   1    120.70  -60.41    969.51    1990/02/20  12
      1   2    135.25  -57.55    971.38    1990/02/21  00
      1   3    143.68  -61.39    973.16    1990/02/21  12
      1   4    152.97  -64.56    967.08    1990/02/22  00
      1   5    160.68  -66.25    963.95    1990/02/22  12
      1   6    160.67  -67.30    961.79    1990/02/23  00
      2   1   -104.35   32.65   1015.26    1990/02/20  12
      2   2   -102.96   26.46   1012.05    1990/02/21  00
      2   3    -96.04   26.47   1010.14    1990/02/21  12
      2   4    -94.39   31.30   1008.16    1990/02/22  00
      2   5    -91.84   37.04   1001.25    1990/02/22  12
      2   6    -83.33   41.17    999.77    1990/02/23  00
      3   1   -146.92   28.48   1005.22    1990/02/20  12
      3   2   -144.08   28.84   1004.21    1990/02/21  00
      3   3   -141.18   31.32   1003.92    1990/02/21  12
      3   4   -140.23   36.69   1002.11    1990/02/22  00
 1990/02/21  00   Number of Storms Begun  1
      1   1    -41.72   47.31    970.43    1990/02/21  00
      1   2    -39.07   49.90    960.39    1990/02/21  12
      1   3    -34.47   52.55    965.94    1990/02/22  00
      1   4    -30.55   54.89    968.68    1990/02/22  12
      1   5    -25.88   59.57    976.17    1990/02/23  00
 1990/02/21  12   Number of Storms Begun  0
 1990/02/22  00   Number of Storms Begun  1
      1   1   -164.87   39.11   1005.34    1990/02/22  00
      1   2   -162.58   45.53    997.11    1990/02/22  12
      1   3   -162.77   48.50    990.29    1990/02/23  00
      1   4   -162.60   50.01    983.37    1990/02/23  12
 1990/02/22  12   Number of Storms Begun  3
      1   1    -94.07  -67.19    952.93    1990/02/22  12
      1   2    -94.34  -68.01    953.08    1990/02/23  00
      1   3    -99.01  -68.32    964.49    1990/02/23  12
      1   4    -99.66  -67.85    968.17    1990/02/24  00
      2   1     26.22  -67.13    958.75    1990/02/22  12
      2   2     21.57  -67.40    960.14    1990/02/23  00
      2   3     18.93  -66.79    966.81    1990/02/23  12
      2   4     19.21  -65.99    967.83    1990/02/24  00
      2   5     24.01  -65.34    966.40    1990/02/24  12
      2   6     29.07  -66.92    964.43    1990/02/25  00
      3   1   -173.27    5.01   1007.67    1990/02/22  12
      3   2   -166.66   -3.30   1006.02    1990/02/23  00
      3   3   -155.52   -0.99   1008.51    1990/02/23  12
      3   4   -146.75    0.92   1008.57    1990/02/24  00
 1990/02/23  00   Number of Storms Begun  1
      1   1    147.47   58.88   1013.86    1990/02/23  00
      1   2    153.12   60.38   1006.66    1990/02/23  12
      1   3    162.63   61.29   1002.02    1990/02/24  00
      1   4    171.71   61.65    996.64    1990/02/24  12
      1   5   -179.32   63.11    991.03    1990/02/25  00
      1   6   -173.27   64.86    992.25    1990/02/25  12
      1   7   -168.76   68.39    995.05    1990/02/26  00
      1   8   -165.77   70.65   1001.84    1990/02/26  12
 1990/02/23  12   Number of Storms Begun  1
      1   1    133.93   34.28   1012.69    1990/02/23  12
      1   2    140.01   36.92   1009.51    1990/02/24  00
      1   3    143.76   37.78   1008.41    1990/02/24  12
      1   4    149.85   38.85   1010.03    1990/02/25  00
      1   5    152.72   41.57   1009.77    1990/02/25  12
      1   6    154.08   45.08   1006.96    1990/02/26  00
      1   7    158.24   49.31   1001.46    1990/02/26  12
      1   8    164.79   53.42    994.12    1990/02/27  00
      1   9    170.72   55.76    987.01    1990/02/27  12
      1  10    175.91   56.61    986.29    1990/02/28  00
      1  11    177.78   57.12    988.25    1990/02/28  12
 1990/02/24  00   Number of Storms Begun  3
      1   1    -99.66  -67.85    968.17    1990/02/24  00
      1   2    -97.26  -68.33    958.08    1990/02/24  12
      1   3    -97.11  -69.63    953.64    1990/02/25  00
      1   4    -99.87  -70.85    954.21    1990/02/25  12
      1   5   -102.62  -71.41    962.78    1990/02/26  00
      1   6   -103.82  -71.67    968.01    1990/02/26  12
      2   1    -33.04  -61.60    972.04    1990/02/24  00
      2   2    -21.58  -62.76    967.98    1990/02/24  12
      2   3     -9.58  -63.66    965.48    1990/02/25  00
      2   4     -2.36  -63.13    963.06    1990/02/25  12
      2   5      4.30  -63.57    961.89    1990/02/26  00
      2   6     15.11  -63.69    963.98    1990/02/26  12
      2   7     27.18  -66.16    967.09    1990/02/27  00
      3   1    -54.45   61.73    973.37    1990/02/24  00
      3   2    -50.93   61.38    974.38    1990/02/24  12
      3   3    -30.89   61.42    973.70    1990/02/25  00
      3   4    -22.64   62.54    967.21    1990/02/25  12
      3   5     -5.72   64.56    958.52    1990/02/26  00
      3   6     -3.35   65.16    949.12    1990/02/26  12
      3   7     -0.19   64.32    948.60    1990/02/27  00
      3   8     21.28   61.18    946.50    1990/02/27  12
      3   9     26.90   63.01    951.57    1990/02/28  00
      3  10     31.66   69.53    952.06    1990/02/28  12
      3  11     34.22   71.23    951.82    1990/03/01  00
      3  12     38.95   71.74    959.66    1990/03/01  12
      3  13     58.47   78.12    967.69    1990/03/02  00
      3  14     66.45   80.98    970.48    1990/03/02  12
      3  15     71.75   83.01    972.49    1990/03/03  00
 1990/02/24  12   Number of Storms Begun  1
      1   1     98.15  -49.71    984.59    1990/02/24  12
      1   2    104.77  -55.67    983.97    1990/02/25  00
      1   3    111.57  -60.49    984.31    1990/02/25  12
      1   4    122.63  -63.36    978.85    1990/02/26  00
      1   5    133.88  -64.91    967.81    1990/02/26  12
      1   6    154.00  -65.62    962.13    1990/02/27  00
      1   7    160.88  -65.52    956.99    1990/02/27  12
      1   8    165.47  -65.14    956.89    1990/02/28  00
 1990/02/25  00   Number of Storms Begun  1
      1   1   -163.75   43.53    992.76    1990/02/25  00
      1   2   -161.74   41.01    994.21    1990/02/25  12
      1   3   -158.98   39.77    996.32    1990/02/26  00
      1   4   -156.01   37.77    999.77    1990/02/26  12
      1   5   -153.58   38.18   1000.68    1990/02/27  00
      1   6   -148.52   38.73   1002.82    1990/02/27  12
      1   7   -145.41   41.44    999.33    1990/02/28  00
      1   8   -145.49   43.03    996.34    1990/02/28  12
 1990/02/25  12   Number of Storms Begun  0
 1990/02/26  00   Number of Storms Begun  1
      1   1     94.43  -41.61   1008.83    1990/02/26  00
      1   2     96.87  -38.91   1005.99    1990/02/26  12
      1   3     98.37  -38.55   1006.40    1990/02/27  00
      1   4     99.71  -40.85   1003.84    1990/02/27  12
 1990/02/26  12   Number of Storms Begun  1
      1   1   -103.82  -71.67    968.01    1990/02/26  12
      1   2   -103.84  -71.34    969.04    1990/02/27  00
      1   3    -98.48  -70.43    968.58    1990/02/27  12
      1   4    -96.34  -70.84    972.71    1990/02/28  00
 1990/02/27  00   Number of Storms Begun  3
      1   1    -45.84  -30.43   1003.81    1990/02/27  00
      1   2    -50.49  -33.55   1005.73    1990/02/27  12
      1   3    -50.84  -34.04   1004.26    1990/02/28  00
      1   4    -51.67  -35.36   1005.07    1990/02/28  12
      2   1    118.42  -13.43   1006.40    1990/02/27  00
      2   2    118.27  -13.83   1006.09    1990/02/27  12
      2   3    118.09  -15.20   1004.51    1990/02/28  00
      2   4    117.06  -15.32   1002.90    1990/02/28  12
      2   5    117.06  -15.40   1001.22    1990/03/01  00
      2   6    115.28  -16.30   1000.93    1990/03/01  12
      2   7    113.99  -16.56   1000.68    1990/03/02  00
      2   8    113.66  -17.34   1000.70    1990/03/02  12
      2   9    112.38  -18.83   1000.12    1990/03/03  00
      2  10    111.01  -19.69    998.02    1990/03/03  12
      2  11    109.69  -20.88    998.43    1990/03/04  00
      2  12    108.97  -21.84    999.36    1990/03/04  12
      2  13    108.22  -24.87   1001.94    1990/03/05  00
      3   1    -84.06   59.66    999.04    1990/02/27  00
      3   2    -77.67   59.88   1001.20    1990/02/27  12
      3   3    -69.60   59.06   1002.29    1990/02/28  00
      3   4    -59.32   59.86   1000.61    1990/02/28  12
      3   5    -58.89   62.15   1001.32    1990/03/01  00
 1990/02/27  12   Number of Storms Begun  2
      1   1     23.94  -65.94    968.34    1990/02/27  12
      1   2     26.44  -66.81    972.25    1990/02/28  00
      1   3     26.95  -67.03    972.66    1990/02/28  12
      1   4     28.01  -67.54    975.87    1990/03/01  00
      2   1   -146.39   58.54    997.61    1990/02/27  12
      2   2   -128.88   67.09    994.81    1990/02/28  00
      2   3   -114.78   66.88    986.18    1990/02/28  12
      2   4   -102.90   65.38    982.56    1990/03/01  00
      2   5    -91.20   58.34    984.13    1990/03/01  12
 1990/02/28  00   Number of Storms Begun  0
 1990/02/28  12   Number of Storms Begun  2
      1   1    173.73    6.35   1010.06    1990/02/28  12
      1   2    175.31    0.74   1009.25    1990/03/01  00
      1   3    179.82    0.65   1009.35    1990/03/01  12
      1   4   -178.61   -4.68   1008.01    1990/03/02  00
      2   1    177.78   57.12    988.25    1990/02/28  12
      2   2    178.47   56.38    987.66    1990/03/01  00
      2   3   -178.75   56.38    986.26    1990/03/01  12
      2   4   -176.33   56.99    987.13    1990/03/02  00
      2   5   -174.55   56.77    990.62    1990/03/02  12
      2   6   -159.47   56.41    988.74    1990/03/03  00
 1990/03/01  00   Number of Storms Begun  5
      1   1   -128.29  -63.31    978.31    1990/03/01  00
      1   2   -113.46  -65.94    974.63    1990/03/01  12
      1   3    -97.09  -67.59    975.73    1990/03/02  00
      1   4    -82.48  -66.94    973.11    1990/03/02  12
      1   5    -72.90  -66.96    970.85    1990/03/03  00
      1   6    -55.13  -61.53    977.45    1990/03/03  12
      2   1    161.77  -63.48    958.70    1990/03/01  00
      2   2    171.69  -62.92    962.04    1990/03/01  12
      2   3   -177.78  -62.85    964.21    1990/03/02  00
      2   4   -161.83  -63.32    964.95    1990/03/02  12
      2   5   -154.29  -65.11    963.83    1990/03/03  00
      2   6   -145.53  -66.81    966.76    1990/03/03  12
      2   7   -143.05  -66.87    976.17    1990/03/04  00
      3   1     66.76  -14.91   1005.53    1990/03/01  00
      3   2     65.42  -14.80   1004.32    1990/03/01  12
      3   3     62.76  -14.98   1005.26    1990/03/02  00
      3   4     61.11  -16.71   1000.69    1990/03/02  12
      3   5     60.50  -17.44    999.41    1990/03/03  00
      4   1   -124.04   -0.62   1010.29    1990/03/01  00
      4   2   -115.73    3.38   1010.87    1990/03/01  12
      4   3   -105.30   -1.57   1009.07    1990/03/02  00
      4   4    -94.30    0.93   1011.06    1990/03/02  12
      5   1    131.58   27.00   1010.38    1990/03/01  00
      5   2    136.46   29.46   1007.89    1990/03/01  12
      5   3    145.99   32.12   1007.19    1990/03/02  00
      5   4    155.27   33.97   1003.91    1990/03/02  12
      5   5    168.56   36.44    998.88    1990/03/03  00
      5   6   -178.50   40.45    996.36    1990/03/03  12
      5   7   -168.21   45.00    992.96    1990/03/04  00
      5   8   -159.52   48.20    984.11    1990/03/04  12
      5   9   -151.64   51.83    976.70    1990/03/05  00
      5  10   -145.60   54.60    974.59    1990/03/05  12
      5  11   -142.98   57.33    975.64    1990/03/06  00
      5  12   -143.27   58.78    981.91    1990/03/06  12
      5  13   -144.51   58.93    993.29    1990/03/07  00
 1990/03/01  12   Number of Storms Begun  1
      1   1    -52.31   56.15    990.68    1990/03/01  12
      1   2    -53.61   60.41    975.46    1990/03/02  00
      1   3    -53.64   62.81    976.64    1990/03/02  12
      1   4    -28.85   64.55    982.17    1990/03/03  00
      1   5    -12.59   69.02    971.37    1990/03/03  12
      1   6     -4.42   71.34    971.40    1990/03/04  00
      1   7     -0.87   71.37    972.74    1990/03/04  12
      1   8      5.89   70.26    971.17    1990/03/05  00
      1   9     11.75   69.05    966.00    1990/03/05  12
      1  10     17.91   68.78    967.88    1990/03/06  00
      1  11     34.07   63.90    967.23    1990/03/06  12
      1  12     38.31   63.97    970.57    1990/03/07  00
      1  13     44.47   62.71    976.00    1990/03/07  12
      1  14     54.83   63.32    977.83    1990/03/08  00
      1  15     66.40   65.27    976.40    1990/03/08  12
      1  16     75.10   68.85    976.13    1990/03/09  00
      1  17     81.26   72.87    978.88    1990/03/09  12
      1  18     87.59   75.47    981.65    1990/03/10  00
 1990/03/02  00   Number of Storms Begun  3
      1   1     84.10  -57.44    975.45    1990/03/02  00
      1   2     95.89  -54.88    978.09    1990/03/02  12
      1   3    115.23  -56.58    974.61    1990/03/03  00
      1   4    118.98  -58.29    974.61    1990/03/03  12
      1   5    125.05  -59.93    975.34    1990/03/04  00
      1   6    142.87  -60.12    973.75    1990/03/04  12
      1   7    154.38  -61.31    974.13    1990/03/05  00
      2   1     13.83  -40.01    992.77    1990/03/02  00
      2   2     18.29  -45.61    985.18    1990/03/02  12
      2   3     23.47  -51.52    979.55    1990/03/03  00
      2   4     31.51  -56.87    971.35    1990/03/03  12
      2   5     40.82  -60.57    966.41    1990/03/04  00
      2   6     43.11  -64.66    966.47    1990/03/04  12
      3   1   -178.33  -30.36   1011.48    1990/03/02  00
      3   2   -175.13  -30.78   1008.54    1990/03/02  12
      3   3   -174.21  -32.76   1009.02    1990/03/03  00
      3   4   -172.22  -34.32   1006.49    1990/03/03  12
 1990/03/02  12   Number of Storms Begun  2
      1   1    -33.87  -52.39    982.60    1990/03/02  12
      1   2    -25.80  -53.97    974.44    1990/03/03  00
      1   3    -17.55  -56.57    972.52    1990/03/03  12
      1   4     -8.16  -59.55    967.71    1990/03/04  00
      1   5     -2.03  -61.62    960.99    1990/03/04  12
      1   6      0.90  -64.16    959.14    1990/03/05  00
      1   7      6.38  -65.01    961.49    1990/03/05  12
      2   1     35.01   57.68    985.43    1990/03/02  12
      2   2     39.62   59.18    986.41    1990/03/03  00
      2   3     44.66   60.62    986.52    1990/03/03  12
      2   4     51.83   63.39    983.09    1990/03/04  00
      2   5     61.72   66.80    971.85    1990/03/04  12
      2   6     68.63   70.21    964.00    1990/03/05  00
      2   7     73.82   72.66    965.71    1990/03/05  12
      2   8     82.31   74.29    968.55    1990/03/06  00
      2   9     87.42   75.43    975.23    1990/03/06  12
      2  10    105.35   76.40    979.63    1990/03/07  00
      2  11    117.93   76.49    983.57    1990/03/07  12
 1990/03/03  00   Number of Storms Begun  3
      1   1    -72.90  -66.96    970.85    1990/03/03  00
      1   2    -87.09  -68.96    977.26    1990/03/03  12
      1   3    -87.06  -69.73    975.61    1990/03/04  00
      1   4    -91.94  -70.52    965.62    1990/03/04  12
      1   5    -92.36  -70.77    961.90    1990/03/05  00
      2   1     92.97  -13.26   1004.46    1990/03/03  00
      2   2     90.96  -12.71   1004.42    1990/03/03  12
      2   3     90.17  -13.79   1002.56    1990/03/04  00
      2   4     88.14  -13.93   1002.08    1990/03/04  12
      3   1   -159.47   56.41    988.74    1990/03/03  00
      3   2   -159.85   61.56    990.57    1990/03/03  12
      3   3   -154.84   67.01    991.51    1990/03/04  00
      3   4   -142.69   70.05    996.52    1990/03/04  12
 1990/03/03  12   Number of Storms Begun  1
      1   1    140.99   32.21   1005.94    1990/03/03  12
      1   2    143.92   34.84   1000.13    1990/03/04  00
      1   3    149.06   38.36    994.21    1990/03/04  12
      1   4    151.69   44.46    987.72    1990/03/05  00
      1   5    153.78   48.66    976.50    1990/03/05  12
      1   6    156.41   52.12    973.29    1990/03/06  00
      1   7    158.35   54.72    975.97    1990/03/06  12
      1   8    161.74   56.16    978.86    1990/03/07  00
      1   9    163.96   56.78    981.13    1990/03/07  12
 1990/03/04  00   Number of Storms Begun  0
 1990/03/04  12   Number of Storms Begun  3
      1   1     43.11  -64.66    966.47    1990/03/04  12
      1   2     53.48  -62.90    968.07    1990/03/05  00
      1   3     56.99  -63.70    975.76    1990/03/05  12
      1   4     67.78  -65.10    970.70    1990/03/06  00
      1   5     68.51  -66.46    971.67    1990/03/06  12
      2   1     91.48  -44.43    991.64    1990/03/04  12
      2   2     93.46  -43.52    994.50    1990/03/05  00
      2   3     95.49  -41.31    998.54    1990/03/05  12
      2   4    109.68  -37.23    996.05    1990/03/06  00
      3   1     62.00  -16.91    995.28    1990/03/04  12
      3   2     62.23  -17.37    993.60    1990/03/05  00
      3   3     62.88  -17.49    992.81    1990/03/05  12
      3   4     62.99  -18.84    992.66    1990/03/06  00
      3   5     62.92  -20.97    994.00    1990/03/06  12
      3   6     61.52  -24.88    995.73    1990/03/07  00
      3   7     60.73  -28.66    994.57    1990/03/07  12
      3   8     62.89  -32.81    998.24    1990/03/08  00
      3   9     66.06  -37.29    998.27    1990/03/08  12
 1990/03/05  00   Number of Storms Begun  3
      1   1    154.38  -61.31    974.13    1990/03/05  00
      1   2    146.40  -66.45    973.73    1990/03/05  12
      1   3    141.96  -66.45    968.13    1990/03/06  00
      1   4    134.10  -65.42    963.52    1990/03/06  12
      2   1     88.50  -14.53   1001.28    1990/03/05  00
      2   2     87.78  -14.89   1002.55    1990/03/05  12
      2   3     86.24  -13.79   1005.67    1990/03/06  00
      2   4     84.45  -11.57   1007.48    1990/03/06  12
      2   5     83.11  -11.31   1010.53    1990/03/07  00
      3   1   -123.69   -2.74   1008.22    1990/03/05  00
      3   2   -135.81   -0.38   1007.11    1990/03/05  12
      3   3   -145.23    1.71   1006.41    1990/03/06  00
      3   4   -150.56   -9.54   1007.26    1990/03/06  12
 1990/03/05  12   Number of Storms Begun  2
      1   1    124.59  -19.65   1002.66    1990/03/05  12
      1   2    121.60  -17.59   1004.72    1990/03/06  00
      1   3    119.74  -19.50   1003.36    1990/03/06  12
      1   4    118.06  -19.27   1003.85    1990/03/07  00
      1   5    117.15  -22.37   1003.85    1990/03/07  12
      1   6    122.02  -25.28   1005.36    1990/03/08  00
      1   7    122.98  -25.37   1003.21    1990/03/08  12
      1   8    125.73  -26.03   1005.69    1990/03/09  00
      2   1    152.95  -18.47   1005.07    1990/03/05  12
      2   2    153.15  -17.92   1002.25    1990/03/06  00
      2   3    153.79  -17.93   1002.12    1990/03/06  12
      2   4    157.25  -19.66    998.39    1990/03/07  00
      2   5    160.53  -26.15    993.58    1990/03/07  12
      2   6    161.13  -30.71    984.95    1990/03/08  00
      2   7    160.99  -33.37    988.22    1990/03/08  12
      2   8    160.96  -33.69    994.57    1990/03/09  00
 1990/03/06  00   Number of Storms Begun  1
      1   1    109.68  -37.23    996.05    1990/03/06  00
      1   2    110.08  -44.64    987.17    1990/03/06  12
      1   3    113.57  -46.93    978.70    1990/03/07  00
      1   4    119.74  -48.03    974.93    1990/03/07  12
      1   5    128.84  -50.26    973.19    1990/03/08  00
      1   6    137.12  -52.26    970.88    1990/03/08  12
      1   7    143.73  -54.57    971.46    1990/03/09  00
      1   8    151.08  -56.93    971.96    1990/03/09  12
      1   9    154.22  -55.27    976.57    1990/03/10  00
 1990/03/06  12   Number of Storms Begun  3
      1   1    134.10  -65.42    963.52    1990/03/06  12
      1   2    148.94  -61.94    965.40    1990/03/07  00
      1   3    158.36  -61.79    963.67    1990/03/07  12
      1   4    170.55  -64.26    957.79    1990/03/08  00
      1   5   -178.78  -66.67    958.09    1990/03/08  12
      1   6   -167.68  -67.52    961.05    1990/03/09  00
      1   7   -150.45  -68.82    958.41    1990/03/09  12
      1   8   -144.47  -69.71    961.67    1990/03/10  00
      1   9   -139.56  -69.58    965.12    1990/03/10  12
      1  10   -132.30  -68.77    965.59    1990/03/11  00
      1  11   -127.53  -69.12    962.23    1990/03/11  12
      1  12   -127.66  -70.57    967.98    1990/03/12  00
      2   1      4.73  -66.65    968.76    1990/03/06  12
      2   2      6.56  -66.34    969.16    1990/03/07  00
      2   3      7.54  -65.70    972.94    1990/03/07  12
      2   4      8.86  -55.87    971.61    1990/03/08  00
      3   1    -27.94   60.25    986.92    1990/03/06  12
      3   2    -20.10   62.75    974.01    1990/03/07  00
      3   3     -6.62   64.47    969.12    1990/03/07  12
      3   4      3.48   66.65    968.73    1990/03/08  00
      3   5      9.51   67.94    975.11    1990/03/08  12
      3   6     13.54   69.27    980.40    1990/03/09  00
      3   7     24.28   69.08    980.51    1990/03/09  12
      3   8     27.93   59.89    980.53    1990/03/10  00
 1990/03/07  00   Number of Storms Begun  3
      1   1    -48.11  -66.87    966.68    1990/03/07  00
      1   2    -44.11  -66.65    967.83    1990/03/07  12
      1   3    -38.17  -66.01    966.89    1990/03/08  00
      1   4    -32.85  -66.44    965.95    1990/03/08  12
      1   5    -25.01  -66.09    966.37    1990/03/09  00
      1   6    -19.46  -66.83    966.18    1990/03/09  12
      1   7    -14.67  -67.26    965.61    1990/03/10  00
      1   8    -11.05  -67.85    969.27    1990/03/10  12
      1   9    -11.12  -68.54    968.99    1990/03/11  00
      2   1     67.32  -65.65    978.51    1990/03/07  00
      2   2     81.18  -62.01    983.05    1990/03/07  12
      2   3     88.20  -62.52    978.41    1990/03/08  00
      2   4     91.31  -62.97    981.38    1990/03/08  12
      2   5     96.74  -63.10    980.84    1990/03/09  00
      3   1     83.11  -11.31   1010.53    1990/03/07  00
      3   2     83.03  -12.36   1008.79    1990/03/07  12
      3   3     80.14  -12.61   1008.32    1990/03/08  00
      3   4     79.07  -12.13   1008.00    1990/03/08  12
 1990/03/07  12   Number of Storms Begun  1
      1   1    -55.30   34.57   1015.91    1990/03/07  12
      1   2    -52.23   37.63   1003.04    1990/03/08  00
      1   3    -46.29   40.62    992.65    1990/03/08  12
      1   4    -42.03   46.55    980.74    1990/03/09  00
      1   5    -40.65   50.77    977.84    1990/03/09  12
      1   6    -38.59   54.84    971.32    1990/03/10  00
      1   7    -31.86   59.34    976.07    1990/03/10  12
      1   8    -22.69   61.54    978.99    1990/03/11  00
      1   9     -6.22   63.72    981.08    1990/03/11  12
 1990/03/08  00   Number of Storms Begun  4
      1   1      8.86  -55.87    971.61    1990/03/08  00
      1   2     12.08  -64.63    967.05    1990/03/08  12
      1   3     13.71  -66.31    967.20    1990/03/09  00
      1   4     25.15  -65.60    969.77    1990/03/09  12
      2   1    147.08   40.54    998.44    1990/03/08  00
      2   2    152.01   41.66    986.67    1990/03/08  12
      2   3    156.24   43.09    975.29    1990/03/09  00
      2   4    160.63   43.76    974.90    1990/03/09  12
      2   5    166.26   43.91    972.25    1990/03/10  00
      2   6    171.74   44.40    972.96    1990/03/10  12
      2   7    176.40   46.10    972.64    1990/03/11  00
      2   8   -178.30   48.48    973.95    1990/03/11  12
      2   9   -174.15   50.59    978.98    1990/03/12  00
      2  10   -168.42   52.23    983.28    1990/03/12  12
      2  11   -162.50   52.65    985.74    1990/03/13  00
      2  12   -146.11   56.77    986.95    1990/03/13  12
      3   1   -163.56   56.20    984.05    1990/03/08  00
      3   2   -154.63   56.36    986.71    1990/03/08  12
      3   3   -147.91   55.45    984.58    1990/03/09  00
      3   4   -145.01   55.74    978.96    1990/03/09  12
      3   5   -142.19   55.00    978.56    1990/03/10  00
      3   6   -134.90   53.72    986.01    1990/03/10  12
      4   1   -117.96   53.03    999.85    1990/03/08  00
      4   2   -112.00   54.99    993.90    1990/03/08  12
      4   3   -105.36   56.69    992.39    1990/03/09  00
      4   4    -98.85   58.68    989.02    1990/03/09  12
      4   5    -93.61   58.98    983.66    1990/03/10  00
      4   6    -85.27   61.37    980.03    1990/03/10  12
      4   7    -78.76   62.71    982.16    1990/03/11  00
      4   8    -70.99   62.41    990.56    1990/03/11  12
      4   9    -59.41   60.72    997.03    1990/03/12  00
 1990/03/08  12   Number of Storms Begun  0
 1990/03/09  00   Number of Storms Begun  2
      1   1    -99.67  -47.78    989.22    1990/03/09  00
      1   2    -94.76  -51.79    979.46    1990/03/09  12
      1   3    -91.39  -55.91    974.11    1990/03/10  00
      1   4    -81.32  -61.43    975.34    1990/03/10  12
      1   5    -70.84  -66.01    970.89    1990/03/11  00
      1   6    -62.77  -65.54    962.90    1990/03/11  12
      1   7    -52.46  -65.83    962.09    1990/03/12  00
      1   8    -41.43  -65.28    963.87    1990/03/12  12
      1   9    -31.86  -64.39    963.29    1990/03/13  00
      1  10    -27.75  -62.65    967.34    1990/03/13  12
      1  11    -20.33  -61.33    971.86    1990/03/14  00
      1  12     -0.78  -63.38    972.03    1990/03/14  12
      1  13      6.22  -64.64    964.58    1990/03/15  00
      1  14     11.93  -65.20    965.85    1990/03/15  12
      1  15     25.51  -66.13    961.04    1990/03/16  00
      1  16     28.14  -66.34    957.57    1990/03/16  12
      1  17     31.31  -66.57    956.67    1990/03/17  00
      1  18     38.18  -65.64    965.65    1990/03/17  12
      2   1    102.79   41.58   1015.49    1990/03/09  00
      2   2    109.69   40.34   1011.30    1990/03/09  12
      2   3    116.04   42.57   1014.55    1990/03/10  00
      2   4    121.18   42.54   1013.31    1990/03/10  12
      2   5    133.77   46.88   1010.68    1990/03/11  00
      2   6    139.04   46.30   1003.57    1990/03/11  12
      2   7    139.29   40.04    996.80    1990/03/12  00
 1990/03/09  12   Number of Storms Begun  1
      1   1     79.16  -52.83    973.55    1990/03/09  12
      1   2     86.50  -56.15    959.31    1990/03/10  00
      1   3     93.01  -58.80    952.25    1990/03/10  12
      1   4     97.40  -60.24    954.73    1990/03/11  00
      1   5    104.97  -60.93    957.22    1990/03/11  12
      1   6    114.53  -62.99    959.20    1990/03/12  00
      1   7    116.54  -63.00    965.38    1990/03/12  12
      1   8    120.68  -62.89    972.22    1990/03/13  00
      1   9    123.82  -62.49    977.73    1990/03/13  12
 1990/03/10  00   Number of Storms Begun  2
      1   1     31.44  -38.17   1011.58    1990/03/10  00
      1   2     38.63  -41.87   1006.70    1990/03/10  12
      1   3     44.23  -42.60   1002.15    1990/03/11  00
      1   4     47.35  -42.54    995.05    1990/03/11  12
      1   5     50.38  -42.67    994.30    1990/03/12  00
      2   1     27.93   59.89    980.53    1990/03/10  00
      2   2     37.26   61.38    976.86    1990/03/10  12
      2   3     43.18   65.07    969.24    1990/03/11  00
      2   4     48.41   66.91    962.95    1990/03/11  12
      2   5     51.62   68.72    962.17    1990/03/12  00
      2   6     53.27   69.46    965.17    1990/03/12  12
      2   7     55.40   69.27    973.22    1990/03/13  00
      2   8     61.26   69.92    981.14    1990/03/13  12
 1990/03/10  12   Number of Storms Begun  2
      1   1   -179.46  -59.30    973.42    1990/03/10  12
      1   2   -170.34  -60.34    967.14    1990/03/11  00
      1   3   -161.65  -59.82    962.72    1990/03/11  12
      1   4   -149.01  -58.98    968.57    1990/03/12  00
      1   5   -126.59  -61.08    966.05    1990/03/12  12
      1   6   -119.23  -63.77    966.14    1990/03/13  00
      1   7   -117.01  -68.24    962.59    1990/03/13  12
      1   8   -124.12  -71.05    957.78    1990/03/14  00
      1   9   -127.92  -72.72    952.01    1990/03/14  12
      1  10   -131.84  -75.08    962.10    1990/03/15  00
      1  11   -170.10  -80.52    967.60    1990/03/15  12
      2   1     71.66   26.66   1006.85    1990/03/10  12
      2   2     74.22   27.23   1010.83    1990/03/11  00
      2   3     76.23   24.55   1008.39    1990/03/11  12
      2   4     80.64   22.59   1010.65    1990/03/12  00
 1990/03/11  00   Number of Storms Begun  3
      1   1    136.41  -14.34   1006.34    1990/03/11  00
      1   2    126.90  -18.91   1004.57    1990/03/11  12
      1   3    122.43  -17.39   1006.67    1990/03/12  00
      1   4    120.86  -19.38   1004.96    1990/03/12  12
      1   5    118.77  -18.39   1007.40    1990/03/13  00
      2   1     76.96  -14.73   1009.40    1990/03/11  00
      2   2     70.14  -16.31   1006.73    1990/03/11  12
      2   3     68.46  -16.14   1007.12    1990/03/12  00
      2   4     65.56  -16.39   1006.75    1990/03/12  12
      2   5     60.74  -16.96   1008.43    1990/03/13  00
      3   1   -110.84   51.38    993.20    1990/03/11  00
      3   2   -108.89   47.25    995.42    1990/03/11  12
      3   3   -104.27   45.69    992.76    1990/03/12  00
      3   4   -100.30   46.56    995.23    1990/03/12  12
      3   5    -98.80   48.88    999.42    1990/03/13  00
      3   6    -98.97   51.27   1003.57    1990/03/13  12
 1990/03/11  12   Number of Storms Begun  1
      1   1    -34.73   47.59   1005.41    1990/03/11  12
      1   2    -32.31   52.26    995.96    1990/03/12  00
      1   3    -31.63   55.55    992.32    1990/03/12  12
      1   4    -28.19   57.47    990.90    1990/03/13  00
 1990/03/12  00   Number of Storms Begun  2
      1   1     97.30  -13.55   1006.58    1990/03/12  00
      1   2     94.84  -12.61   1007.09    1990/03/12  12
      1   3     93.65  -11.15   1007.64    1990/03/13  00
      1   4     91.10  -10.00   1005.87    1990/03/13  12
      1   5     89.81  -10.88   1007.01    1990/03/14  00
      1   6     88.76  -10.53   1006.12    1990/03/14  12
      1   7     87.04  -11.02   1007.43    1990/03/15  00
      1   8     85.96  -12.74   1006.97    1990/03/15  12
      1   9     86.02  -14.05   1006.80    1990/03/16  00
      1  10     83.92  -14.79   1006.46    1990/03/16  12
      1  11     82.12  -12.41   1008.85    1990/03/17  00
      1  12     77.13  -12.34   1008.79    1990/03/17  12
      2   1    139.29   40.04    996.80    1990/03/12  00
      2   2    144.77   41.21    985.03    1990/03/12  12
      2   3    149.54   43.90    982.30    1990/03/13  00
      2   4    154.46   46.97    984.27    1990/03/13  12
      2   5    158.82   49.39    984.26    1990/03/14  00
      2   6    165.82   54.47    979.96    1990/03/14  12
      2   7    169.18   56.65    978.97    1990/03/15  00
      2   8    171.07   56.86    980.49    1990/03/15  12
 1990/03/12  12   Number of Storms Begun  1
      1   1     95.21   19.08   1007.49    1990/03/12  12
      1   2     84.43   22.16   1009.96    1990/03/13  00
      1   3     81.08   20.87   1007.37    1990/03/13  12
      1   4     73.36   28.00   1008.59    1990/03/14  00
 1990/03/13  00   Number of Storms Begun  1
      1   1     19.69  -57.64    971.33    1990/03/13  00
      1   2     26.72  -60.74    965.05    1990/03/13  12
      1   3     34.95  -63.18    970.29    1990/03/14  00
      1   4     38.67  -63.12    974.51    1990/03/14  12
 1990/03/13  12   Number of Storms Begun  1
      1   1     78.18  -58.11    974.12    1990/03/13  12
      1   2     87.15  -59.44    964.31    1990/03/14  00
      1   3     95.54  -59.93    963.30    1990/03/14  12
      1   4    103.24  -59.00    964.54    1990/03/15  00
      1   5    111.05  -57.69    967.97    1990/03/15  12
 1990/03/14  00   Number of Storms Begun  2
      1   1    -60.91  -53.05    995.55    1990/03/14  00
      1   2    -58.27  -50.57    993.05    1990/03/14  12
      1   3    -51.49  -50.09    996.22    1990/03/15  00
      1   4    -47.31  -49.02    996.73    1990/03/15  12
      1   5    -38.94  -48.86    995.77    1990/03/16  00
      1   6    -32.63  -48.85    992.10    1990/03/16  12
      1   7    -22.54  -50.71    987.96    1990/03/17  00
      2   1    -20.46   62.75    976.88    1990/03/14  00
      2   2    -17.61   65.02    970.28    1990/03/14  12
      2   3     -8.04   68.52    972.71    1990/03/15  00
      2   4      1.01   72.46    967.12    1990/03/15  12
      2   5      9.32   73.79    971.54    1990/03/16  00
      2   6     21.36   74.50    973.97    1990/03/16  12
      2   7     27.17   75.32    981.40    1990/03/17  00
 1990/03/14  12   Number of Storms Begun  4
      1   1    165.13  -12.39   1006.18    1990/03/14  12
      1   2    165.50  -13.30   1004.31    1990/03/15  00
      1   3    160.85  -17.15   1005.03    1990/03/15  12
      1   4    157.63  -16.55   1004.46    1990/03/16  00
      1   5    155.19  -16.63   1003.79    1990/03/16  12
      1   6    153.00  -15.30   1003.12    1990/03/17  00
      1   7    153.33  -14.60   1001.13    1990/03/17  12
      2   1   -151.73    1.15   1006.74    1990/03/14  12
      2   2   -144.11    1.42   1006.07    1990/03/15  00
      2   3   -135.00    3.22   1006.88    1990/03/15  12
      2   4   -123.11    0.08   1005.69    1990/03/16  00
      3   1   -152.39   37.25    997.65    1990/03/14  12
      3   2   -148.46   39.92    991.53    1990/03/15  00
      3   3   -145.05   42.09    990.26    1990/03/15  12
      3   4   -144.77   44.27    987.98    1990/03/16  00
      3   5   -146.46   45.28    985.90    1990/03/16  12
      3   6   -147.42   45.13    985.53    1990/03/17  00
      3   7   -147.84   44.69    987.80    1990/03/17  12
      3   8   -148.03   43.86    990.17    1990/03/18  00
      4   1     59.05   33.40   1006.64    1990/03/14  12
      4   2     65.62   42.38   1002.25    1990/03/15  00
      4   3     73.26   47.93   1000.72    1990/03/15  12
      4   4     77.88   54.32    999.58    1990/03/16  00
      4   5     83.04   59.25    996.12    1990/03/16  12
      4   6     95.65   62.67    991.71    1990/03/17  00
      4   7    109.94   65.15    992.83    1990/03/17  12
      4   8    118.04   65.10    996.95    1990/03/18  00
 1990/03/15  00   Number of Storms Begun  2
      1   1    149.50  -57.05    970.84    1990/03/15  00
      1   2    160.23  -60.59    961.05    1990/03/15  12
      1   3    173.21  -63.74    958.05    1990/03/16  00
      1   4   -173.62  -65.37    955.50    1990/03/16  12
      1   5   -158.94  -68.36    951.48    1990/03/17  00
      1   6   -154.09  -70.55    950.82    1990/03/17  12
      1   7   -157.23  -72.47    951.54    1990/03/18  00
      1   8   -158.17  -73.10    956.36    1990/03/18  12
      2   1    -94.92   37.03    997.90    1990/03/15  00
      2   2    -93.07   44.43    992.75    1990/03/15  12
      2   3    -94.60   49.06    985.09    1990/03/16  00
      2   4    -94.25   50.43    988.13    1990/03/16  12
      2   5    -89.16   53.81    989.97    1990/03/17  00
      2   6    -81.63   57.04    983.30    1990/03/17  12
      2   7    -77.71   59.07    979.14    1990/03/18  00
      2   8    -71.12   59.03    978.21    1990/03/18  12
      2   9    -61.97   58.80    980.33    1990/03/19  00
      2  10    -48.54   56.55    973.22    1990/03/19  12
      2  11    -35.31   58.53    964.62    1990/03/20  00
      2  12    -28.73   60.85    959.25    1990/03/20  12
      2  13    -22.93   61.62    963.89    1990/03/21  00
      2  14    -12.64   63.19    969.22    1990/03/21  12
      2  15     -2.48   66.25    969.79    1990/03/22  00
      2  16      1.15   68.17    971.08    1990/03/22  12
      2  17      3.55   69.19    970.54    1990/03/23  00
 1990/03/15  12   Number of Storms Begun  0
 1990/03/16  00   Number of Storms Begun  2
      1   1     85.64  -61.27    972.56    1990/03/16  00
      1   2     93.64  -61.55    968.67    1990/03/16  12
      1   3    102.77  -61.21    969.80    1990/03/17  00
      1   4    119.50  -61.42    972.66    1990/03/17  12
      1   5    133.70  -62.16    970.81    1990/03/18  00
      1   6    151.54  -63.23    962.22    1990/03/18  12
      1   7    162.89  -64.16    962.39    1990/03/19  00
      1   8    171.27  -64.25    963.43    1990/03/19  12
      1   9   -178.16  -65.17    965.08    1990/03/20  00
      1  10   -151.07  -68.53    967.34    1990/03/20  12
      1  11   -147.21  -68.63    969.92    1990/03/21  00
      2   1    158.38   40.57    981.55    1990/03/16  00
      2   2    164.73   45.08    975.08    1990/03/16  12
      2   3    165.07   49.22    969.45    1990/03/17  00
      2   4    163.24   52.11    970.45    1990/03/17  12
      2   5    161.66   53.31    971.23    1990/03/18  00
      2   6    160.52   53.59    977.64    1990/03/18  12
      2   7    160.67   54.25    985.66    1990/03/19  00
      2   8    159.41   54.53    993.27    1990/03/19  12
      2   9    159.10   54.84    996.75    1990/03/20  00
 1990/03/16  12   Number of Storms Begun  1
      1   1    -36.78   60.97    974.72    1990/03/16  12
      1   2    -36.57   61.64    975.26    1990/03/17  00
      1   3    -20.41   63.78    981.69    1990/03/17  12
      1   4     -6.30   69.35    974.79    1990/03/18  00
      1   5      4.61   72.82    972.95    1990/03/18  12
      1   6     18.96   74.33    977.02    1990/03/19  00
      1   7     31.19   74.64    976.79    1990/03/19  12
      1   8     38.38   73.83    979.16    1990/03/20  00
      1   9     39.80   72.48    977.98    1990/03/20  12
      1  10     54.36   65.83    979.62    1990/03/21  00
      1  11     66.28   64.25    981.53    1990/03/21  12
      1  12     70.41   63.42    984.28    1990/03/22  00
      1  13     71.04   61.28    983.38    1990/03/22  12
 1990/03/17  00   Number of Storms Begun  3
      1   1    -37.63  -74.76    970.16    1990/03/17  00
      1   2    -31.38  -68.18    966.72    1990/03/17  12
      1   3    -27.79  -67.91    961.51    1990/03/18  00
      1   4    -25.99  -67.96    962.33    1990/03/18  12
      2   1    170.56  -11.23   1004.06    1990/03/17  00
      2   2    173.03  -10.96   1003.65    1990/03/17  12
      2   3    173.16  -11.27   1003.73    1990/03/18  00
      2   4    172.30  -12.09   1004.94    1990/03/18  12
      2   5    172.37  -12.76   1003.08    1990/03/19  00
      2   6    173.29  -13.82   1001.53    1990/03/19  12
      2   7    172.81  -15.13    999.37    1990/03/20  00
      2   8    171.56  -15.54    999.76    1990/03/20  12
      2   9    170.99  -16.05    998.14    1990/03/21  00
      2  10    171.27  -17.57    996.32    1990/03/21  12
      2  11    171.27  -18.73    995.85    1990/03/22  00
      2  12    173.13  -19.86    996.19    1990/03/22  12
      2  13    176.01  -21.31    994.71    1990/03/23  00
      2  14    179.44  -22.14    994.77    1990/03/23  12
      2  15   -176.22  -23.54    996.50    1990/03/24  00
      3   1    108.57  -13.24   1008.35    1990/03/17  00
      3   2    106.68  -11.53   1007.75    1990/03/17  12
      3   3    105.79  -11.31   1009.93    1990/03/18  00
      3   4    101.95   -8.88   1010.08    1990/03/18  12
 1990/03/17  12   Number of Storms Begun  2
      1   1    153.33  -14.60   1001.13    1990/03/17  12
      1   2    150.80  -14.48   1000.82    1990/03/18  00
      1   3    149.27  -14.45   1002.46    1990/03/18  12
      1   4    146.30  -13.94   1001.61    1990/03/19  00
      1   5    143.50  -14.21   1002.66    1990/03/19  12
      1   6    142.28  -14.64   1002.12    1990/03/20  00
      1   7    140.71  -14.93   1002.20    1990/03/20  12
      2   1     35.20   14.46   1005.42    1990/03/17  12
      2   2     31.01   10.88   1007.40    1990/03/18  00
      2   3     20.65    8.82   1006.48    1990/03/18  12
      2   4     18.77    9.31   1008.14    1990/03/19  00
      2   5     18.33    9.83   1008.39    1990/03/19  12
 1990/03/18  00   Number of Storms Begun  1
      1   1     80.47  -14.28   1009.62    1990/03/18  00
      1   2     78.15  -14.56   1008.56    1990/03/18  12
      1   3     77.04  -14.62   1008.27    1990/03/19  00
      1   4     74.77  -14.84   1008.84    1990/03/19  12
      1   5     73.85  -13.57   1008.96    1990/03/20  00
      1   6     71.85  -12.93   1008.31    1990/03/20  12
 1990/03/18  12   Number of Storms Begun  1
      1   1    -92.79  -61.03    965.76    1990/03/18  12
      1   2    -86.28  -63.49    957.18    1990/03/19  00
      1   3    -80.04  -65.80    954.70    1990/03/19  12
      1   4    -76.00  -67.00    957.92    1990/03/20  00
      1   5    -75.06  -67.65    964.74    1990/03/20  12
      1   6    -75.31  -69.21    970.36    1990/03/21  00
 1990/03/19  00   Number of Storms Begun  1
      1   1      4.01  -59.50    967.27    1990/03/19  00
      1   2     28.37  -59.23    960.15    1990/03/19  12
      1   3     42.97  -60.67    962.02    1990/03/20  00
      1   4     52.05  -60.66    964.12    1990/03/20  12
      1   5     66.49  -59.92    959.56    1990/03/21  00
      1   6     74.68  -58.92    961.65    1990/03/21  12
      1   7     81.14  -56.63    966.58    1990/03/22  00
 1990/03/19  12   Number of Storms Begun  1
      1   1    156.31   35.63    995.75    1990/03/19  12
      1   2    164.10   36.88    986.96    1990/03/20  00
      1   3    171.16   39.05    980.50    1990/03/20  12
      1   4    174.86   40.66    985.30    1990/03/21  00
 1990/03/20  00   Number of Storms Begun  2
      1   1    -36.73  -32.20   1011.52    1990/03/20  00
      1   2    -25.23  -30.67   1011.16    1990/03/20  12
      1   3    -22.90  -31.28   1006.31    1990/03/21  00
      1   4    -18.41  -33.68   1001.17    1990/03/21  12
      1   5    -15.02  -35.25    999.39    1990/03/22  00
      1   6    -13.72  -35.89   1000.20    1990/03/22  12
      1   7    -11.94  -36.44   1000.97    1990/03/23  00
      2   1   -154.62   41.64    990.43    1990/03/20  00
      2   2   -154.76   44.17    987.63    1990/03/20  12
      2   3   -154.98   44.45    986.72    1990/03/21  00
      2   4   -152.34   45.89    987.62    1990/03/21  12
 1990/03/20  12   Number of Storms Begun  2
      1   1   -102.98   46.99   1017.25    1990/03/20  12
      1   2    -98.35   44.45   1015.45    1990/03/21  00
      1   3    -96.42   41.11   1015.26    1990/03/21  12
      1   4   -104.15   30.42   1009.24    1990/03/22  00
      2   1    -72.42   37.25   1012.99    1990/03/20  12
      2   2    -69.27   40.76   1005.73    1990/03/21  00
      2   3    -66.30   43.26    999.34    1990/03/21  12
      2   4    -57.61   47.25    994.30    1990/03/22  00
      2   5    -43.48   54.10    983.43    1990/03/22  12
      2   6    -30.38   59.21    972.67    1990/03/23  00
      2   7    -19.84   62.19    967.11    1990/03/23  12
      2   8     -5.18   64.22    963.59    1990/03/24  00
      2   9      3.62   66.46    967.28    1990/03/24  12
      2  10     11.04   65.46    977.65    1990/03/25  00
      2  11     37.74   62.32    988.40    1990/03/25  12
      2  12     47.02   62.31    993.35    1990/03/26  00
 1990/03/21  00   Number of Storms Begun  2
      1   1    179.95  -60.94    971.60    1990/03/21  00
      1   2   -169.85  -61.70    971.82    1990/03/21  12
      1   3   -160.55  -62.79    975.12    1990/03/22  00
      1   4   -154.74  -63.61    981.24    1990/03/22  12
      1   5   -141.09  -64.73    981.52    1990/03/23  00
      2   1   -146.07  -19.54   1007.50    1990/03/21  00
      2   2   -143.60  -21.01   1007.57    1990/03/21  12
      2   3   -143.59  -21.83   1005.61    1990/03/22  00
      2   4   -143.22  -23.38   1006.09    1990/03/22  12
      2   5   -145.31  -24.30   1004.58    1990/03/23  00
 1990/03/21  12   Number of Storms Begun  4
      1   1    140.19  -15.47   1002.54    1990/03/21  12
      1   2    140.67  -15.13   1003.08    1990/03/22  00
      1   3    141.46  -15.74   1003.35    1990/03/22  12
      1   4    144.24  -15.14   1004.59    1990/03/23  00
      1   5    145.82  -15.48   1004.95    1990/03/23  12
      1   6    146.39  -16.39   1005.04    1990/03/24  00
      1   7    145.98  -17.28   1006.18    1990/03/24  12
      1   8    147.10  -18.17   1007.71    1990/03/25  00
      2   1     72.51   28.39   1000.87    1990/03/21  12
      2   2     75.41   30.48   1001.40    1990/03/22  00
      2   3     88.82   36.42    998.31    1990/03/22  12
      2   4     94.40   37.64   1003.68    1990/03/23  00
      2   5     99.49   35.10    998.74    1990/03/23  12
      2   6    108.27   26.93   1006.04    1990/03/24  00
      3   1   -152.34   45.89    987.62    1990/03/21  12
      3   2   -155.63   47.52    989.90    1990/03/22  00
      3   3   -160.65   47.73    990.79    1990/03/22  12
      3   4   -165.33   46.72    991.58    1990/03/23  00
      4   1    -96.42   41.11   1015.26    1990/03/21  12
      4   2    -94.29   46.35   1009.73    1990/03/22  00
      4   3    -85.38   49.72   1004.80    1990/03/22  12
      4   4    -77.37   52.60    998.52    1990/03/23  00
      4   5    -66.82   55.49    988.68    1990/03/23  12
      4   6    -57.78   58.77    982.61    1990/03/24  00
      4   7    -57.97   63.50    974.19    1990/03/24  12
      4   8    -54.77   67.77    974.99    1990/03/25  00
      4   9    -50.26   73.96    979.02    1990/03/25  12
 1990/03/22  00   Number of Storms Begun  2
      1   1   -110.32    7.51   1007.95    1990/03/22  00
      1   2   -100.81   -0.19   1009.32    1990/03/22  12
      1   3   -100.30   -0.96   1008.42    1990/03/23  00
      1   4    -96.94   -0.71   1008.72    1990/03/23  12
      2   1    164.57   39.63   1004.51    1990/03/22  00
      2   2    169.31   40.00    998.62    1990/03/22  12
      2   3    172.07   43.10    990.03    1990/03/23  00
      2   4    171.52   44.69    985.92    1990/03/23  12
      2   5    171.03   45.00    985.06    1990/03/24  00
 1990/03/22  12   Number of Storms Begun  2
      1   1     30.15    7.74   1005.24    1990/03/22  12
      1   2     30.40    8.14   1007.75    1990/03/23  00
      1   3     29.98    8.50   1006.33    1990/03/23  12
      1   4     30.23    8.97   1008.22    1990/03/24  00
      2   1     71.04   61.28    983.38    1990/03/22  12
      2   2     80.37   65.29    985.49    1990/03/23  00
      2   3     90.59   69.00    987.13    1990/03/23  12
      2   4    103.66   72.29    991.63    1990/03/24  00
      2   5    115.62   75.03    994.32    1990/03/24  12
      2   6    126.78   78.23    994.54    1990/03/25  00
      2   7    145.64   81.71    994.09    1990/03/25  12
 1990/03/23  00   Number of Storms Begun  1
      1   1     97.37  -55.34    975.37    1990/03/23  00
      1   2    104.10  -55.84    978.75    1990/03/23  12
      1   3    118.11  -62.73    983.68    1990/03/24  00
      1   4    122.29  -62.95    982.34    1990/03/24  12
      1   5    141.54  -63.64    979.99    1990/03/25  00
      1   6    161.91  -65.08    974.84    1990/03/25  12
      1   7    172.66  -65.27    967.21    1990/03/26  00
      1   8    178.83  -65.71    963.13    1990/03/26  12
      1   9   -165.86  -63.55    966.54    1990/03/27  00
      1  10   -149.30  -63.73    974.66    1990/03/27  12
 1990/03/23  12   Number of Storms Begun  5
      1   1     34.42  -67.32    968.59    1990/03/23  12
      1   2     33.56  -67.81    966.03    1990/03/24  00
      1   3     32.40  -68.38    965.78    1990/03/24  12
      1   4     30.33  -68.41    971.05    1990/03/25  00
      2   1    -30.02  -61.54    963.62    1990/03/23  12
      2   2    -24.94  -64.02    965.54    1990/03/24  00
      2   3    -21.95  -65.70    967.48    1990/03/24  12
      2   4    -17.92  -66.96    972.34    1990/03/25  00
      2   5    -11.95  -67.13    978.41    1990/03/25  12
      2   6      8.22  -60.92    977.63    1990/03/26  00
      2   7     18.58  -61.84    968.10    1990/03/26  12
      2   8     27.93  -66.79    956.92    1990/03/27  00
      2   9     27.86  -68.80    954.25    1990/03/27  12
      3   1   -158.81  -50.52    984.17    1990/03/23  12
      3   2   -150.76  -55.60    977.90    1990/03/24  00
      3   3   -143.55  -60.97    959.60    1990/03/24  12
      3   4   -138.13  -63.46    952.51    1990/03/25  00
      3   5   -129.57  -65.37    951.16    1990/03/25  12
      3   6   -102.85  -68.59    951.84    1990/03/26  00
      3   7    -93.40  -68.93    949.85    1990/03/26  12
      3   8    -87.14  -68.53    950.38    1990/03/27  00
      3   9    -85.22  -68.50    952.47    1990/03/27  12
      4   1   -112.25  -33.90   1010.48    1990/03/23  12
      4   2   -111.18  -32.98   1002.68    1990/03/24  00
      4   3   -109.84  -33.75   1003.45    1990/03/24  12
      4   4   -109.52  -34.68   1001.58    1990/03/25  00
      4   5   -108.93  -34.76   1004.75    1990/03/25  12
      4   6   -108.63  -36.83   1008.25    1990/03/26  00
      5   1     42.02   28.96   1008.65    1990/03/23  12
      5   2     44.63   32.17   1011.00    1990/03/24  00
      5   3     56.33   34.55   1004.84    1990/03/24  12
      5   4     60.40   34.99   1006.17    1990/03/25  00
      5   5     63.48   29.77   1004.62    1990/03/25  12
      5   6     63.20   24.79   1006.49    1990/03/26  00
 1990/03/24  00   Number of Storms Begun  2
      1   1    139.29   38.17   1009.69    1990/03/24  00
      1   2    145.38   37.37   1000.60    1990/03/24  12
      1   3    153.01   38.24    994.78    1990/03/25  00
      1   4    159.44   41.11    986.43    1990/03/25  12
      1   5    164.81   45.54    979.87    1990/03/26  00
      1   6    168.24   47.88    977.86    1990/03/26  12
      1   7    171.89   49.38    971.44    1990/03/27  00
      1   8    175.31   51.24    968.25    1990/03/27  12
      1   9    178.85   51.91    967.98    1990/03/28  00
      1  10   -177.16   53.53    971.61    1990/03/28  12
      1  11   -173.38   55.68    976.76    1990/03/29  00
      1  12   -169.91   57.78    981.71    1990/03/29  12
      1  13   -167.49   59.93    987.94    1990/03/30  00
      1  14   -165.11   63.47    993.21    1990/03/30  12
      1  15   -162.66   64.62    999.43    1990/03/31  00
      2   1    171.03   45.00    985.06    1990/03/24  00
      2   2    173.74   44.61    984.88    1990/03/24  12
      2   3   -177.05   47.59    987.87    1990/03/25  00
      2   4   -172.58   48.08    990.14    1990/03/25  12
 1990/03/24  12   Number of Storms Begun  1
      1   1     70.29  -62.89    969.55    1990/03/24  12
      1   2     78.71  -63.61    966.40    1990/03/25  00
      1   3     87.51  -63.10    965.51    1990/03/25  12
      1   4     93.56  -62.64    967.85    1990/03/26  00
      1   5    102.92  -62.16    972.31    1990/03/26  12
      1   6    115.44  -62.52    974.45    1990/03/27  00
 1990/03/25  00   Number of Storms Begun  1
      1   1    -63.93  -13.48   1006.93    1990/03/25  00
      1   2    -60.52  -14.47   1010.21    1990/03/25  12
      1   3    -60.01  -22.17   1006.83    1990/03/26  00
      1   4    -59.20  -22.74   1007.87    1990/03/26  12
 1990/03/25  12   Number of Storms Begun  1
      1   1    -50.26   73.96    979.02    1990/03/25  12
      1   2    -25.28   72.63    970.64    1990/03/26  00
      1   3    -16.59   73.00    967.83    1990/03/26  12
      1   4      0.85   79.88    962.40    1990/03/27  00
      1   5     11.26   83.14    964.63    1990/03/27  12
 1990/03/26  00   Number of Storms Begun  0
 1990/03/26  12   Number of Storms Begun  2
      1   1    -59.20  -22.74   1007.87    1990/03/26  12
      1   2    -61.12  -17.14   1003.96    1990/03/27  00
      1   3    -61.07  -14.53   1009.61    1990/03/27  12
      1   4    -68.64   -9.13   1006.99    1990/03/28  00
      2   1     87.02   64.57    996.17    1990/03/26  12
      2   2     94.58   65.80    993.31    1990/03/27  00
      2   3    104.68   67.29    990.09    1990/03/27  12
      2   4    116.66   69.18    988.15    1990/03/28  00
 1990/03/27  00   Number of Storms Begun  2
      1   1   -123.94    5.47   1008.58    1990/03/27  00
      1   2   -121.51   -0.55   1009.77    1990/03/27  12
      1   3   -119.70   -0.98   1009.12    1990/03/28  00
      1   4   -112.98   -3.55   1010.01    1990/03/28  12
      2   1     12.15   40.95   1010.19    1990/03/27  00
      2   2     12.88   41.48   1007.31    1990/03/27  12
      2   3     12.09   43.07   1008.49    1990/03/28  00
      2   4     10.93   43.52   1011.88    1990/03/28  12
 1990/03/27  12   Number of Storms Begun  1
      1   1    -51.47   56.86   1000.63    1990/03/27  12
      1   2    -45.00   57.99    994.70    1990/03/28  00
      1   3    -25.27   62.49    984.70    1990/03/28  12
      1   4    -12.39   66.83    976.94    1990/03/29  00
      1   5     -2.19   71.01    972.82    1990/03/29  12
      1   6      9.57   73.16    968.33    1990/03/30  00
      1   7     24.54   72.86    969.18    1990/03/30  12
      1   8     48.81   74.28    972.42    1990/03/31  00
      1   9     61.30   75.43    975.09    1990/03/31  12
      1  10     79.03   76.16    979.25    1990/04/01  00
      1  11     99.92   76.36    985.83    1990/04/01  12
      1  12    143.16   77.19    989.60    1990/04/02  00
 1990/03/28  00   Number of Storms Begun  1
      1   1    125.29   33.93   1013.33    1990/03/28  00
      1   2    130.02   33.48   1010.65    1990/03/28  12
      1   3    138.32   33.91   1007.83    1990/03/29  00
      1   4    147.33   34.49   1006.79    1990/03/29  12
      1   5    156.92   36.43   1005.26    1990/03/30  00
      1   6    165.41   39.41   1000.12    1990/03/30  12
      1   7    172.14   42.08    995.00    1990/03/31  00
      1   8    177.15   45.58    991.81    1990/03/31  12
      1   9    179.21   51.67    982.37    1990/04/01  00
      1  10   -179.21   53.28    969.21    1990/04/01  12
      1  11   -175.57   53.14    968.21    1990/04/02  00
      1  12   -169.89   52.97    976.59    1990/04/02  12
      1  13   -164.76   53.65    983.65    1990/04/03  00
      1  14   -161.64   55.15    989.12    1990/04/03  12
      1  15   -159.36   57.01    994.40    1990/04/04  00
      1  16   -163.47   61.73    994.10    1990/04/04  12
 1990/03/28  12   Number of Storms Begun  2
      1   1      6.08  -69.42    970.31    1990/03/28  12
      1   2     20.22  -66.68    976.96    1990/03/29  00
      1   3     27.92  -66.69    975.12    1990/03/29  12
      1   4     32.65  -66.84    970.69    1990/03/30  00
      2   1    -71.49  -47.94    967.43    1990/03/28  12
      2   2    -65.62  -51.72    961.55    1990/03/29  00
      2   3    -62.51  -56.10    954.16    1990/03/29  12
      2   4    -59.68  -59.38    957.05    1990/03/30  00
      2   5    -53.36  -63.16    966.23    1990/03/30  12
      2   6    -37.41  -68.63    967.18    1990/03/31  00
      2   7    -34.13  -69.24    968.22    1990/03/31  12
      2   8    -27.99  -68.68    970.92    1990/04/01  00
      2   9    -23.78  -67.20    982.35    1990/04/01  12
 1990/03/29  00   Number of Storms Begun  3
      1   1    178.32  -66.49    954.28    1990/03/29  00
      1   2   -176.08  -66.72    954.54    1990/03/29  12
      1   3   -171.88  -66.92    963.60    1990/03/30  00
      1   4   -164.72  -67.22    965.90    1990/03/30  12
      1   5   -159.98  -67.80    969.60    1990/03/31  00
      2   1     95.98  -63.06    969.22    1990/03/29  00
      2   2    111.71  -62.49    964.42    1990/03/29  12
      2   3    121.12  -62.17    960.11    1990/03/30  00
      2   4    129.80  -62.41    962.50    1990/03/30  12
      2   5    139.90  -61.61    962.60    1990/03/31  00
      2   6    148.67  -60.89    960.59    1990/03/31  12
      2   7    155.00  -58.65    960.94    1990/04/01  00
      2   8    164.24  -58.70    961.02    1990/04/01  12
      2   9    173.63  -60.47    963.16    1990/04/02  00
      2  10    179.29  -61.84    968.21    1990/04/02  12
      2  11   -170.84  -63.47    970.31    1990/04/03  00
      2  12   -145.91  -68.72    969.45    1990/04/03  12
      2  13   -141.91  -70.99    971.85    1990/04/04  00
      2  14   -136.54  -71.79    977.00    1990/04/04  12
      3   1     16.82   11.07   1005.34    1990/03/29  00
      3   2     18.71   11.12   1003.80    1990/03/29  12
      3   3     31.60   12.32   1006.55    1990/03/30  00
      3   4     34.42   15.07   1003.66    1990/03/30  12
 1990/03/29  12   Number of Storms Begun  4
      1   1   -120.33  -63.12    969.31    1990/03/29  12
      1   2   -110.08  -64.32    970.59    1990/03/30  00
      1   3   -102.20  -64.43    968.79    1990/03/30  12
      1   4    -96.21  -66.07    970.75    1990/03/31  00
      2   1     46.93  -42.85    989.55    1990/03/29  12
      2   2     52.07  -45.28    988.32    1990/03/30  00
      2   3     58.64  -51.00    983.94    1990/03/30  12
      2   4     66.81  -57.30    979.79    1990/03/31  00
      2   5     75.76  -59.60    978.53    1990/03/31  12
      2   6     81.51  -59.76    975.36    1990/04/01  00
      2   7     88.34  -60.28    972.74    1990/04/01  12
      3   1   -151.12  -16.44   1005.58    1990/03/29  12
      3   2   -151.19  -16.26   1004.31    1990/03/30  00
      3   3   -154.00  -15.55   1004.70    1990/03/30  12
      3   4   -155.13  -15.47   1004.94    1990/03/31  00
      3   5   -158.97  -14.65   1007.80    1990/03/31  12
      4   1    -23.01   27.35   1009.73    1990/03/29  12
      4   2    -19.49   28.73   1005.08    1990/03/30  00
      4   3    -17.06   30.41   1001.10    1990/03/30  12
      4   4    -15.82   33.18    998.17    1990/03/31  00
      4   5    -15.08   36.54    999.18    1990/03/31  12
      4   6    -14.01   40.16   1002.39    1990/04/01  00
      4   7    -12.45   43.46   1004.74    1990/04/01  12
 1990/03/30  00   Number of Storms Begun  3
      1   1    108.69  -32.78   1013.58    1990/03/30  00
      1   2    102.53  -35.52   1013.24    1990/03/30  12
      1   3    101.15  -35.43   1012.46    1990/03/31  00
      1   4    100.62  -36.82   1008.51    1990/03/31  12
      1   5    101.30  -37.70   1008.31    1990/04/01  00
      2   1   -101.41   27.20   1002.26    1990/03/30  00
      2   2    -96.97   25.53   1005.44    1990/03/30  12
      2   3    -94.16   21.26   1003.83    1990/03/31  00
      2   4    -92.64   21.70   1008.83    1990/03/31  12
      3   1    -96.88   60.66    994.37    1990/03/30  00
      3   2    -84.75   61.20    992.05    1990/03/30  12
      3   3    -74.81   62.33    989.55    1990/03/31  00
      3   4    -67.61   63.11    991.89    1990/03/31  12
      3   5    -65.06   64.57    994.67    1990/04/01  00
      3   6    -66.22   67.27    996.98    1990/04/01  12
      3   7    -69.35   69.68    997.85    1990/04/02  00
      3   8    -72.44   71.60   1000.85    1990/04/02  12
      3   9    -78.49   72.86   1002.65    1990/04/03  00
 1990/03/30  12   Number of Storms Begun  2
      1   1    -16.99  -44.53   1007.93    1990/03/30  12
      1   2    -16.84  -40.56   1008.52    1990/03/31  00
      1   3    -17.60  -36.32   1007.13    1990/03/31  12
      1   4    -17.31  -34.27   1008.16    1990/04/01  00
      1   5    -16.85  -33.44   1009.75    1990/04/01  12
      2   1    120.32   51.31    999.39    1990/03/30  12
      2   2    124.49   51.85    998.83    1990/03/31  00
      2   3    128.09   52.18    999.01    1990/03/31  12
      2   4    132.05   51.37    998.92    1990/04/01  00
      2   5    137.33   51.64   1001.00    1990/04/01  12
 1990/03/31  00   Number of Storms Begun  0
 1990/03/31  12   Number of Storms Begun  2
      1   1   -146.08    4.75   1007.66    1990/03/31  12
      1   2   -144.83    3.20   1007.42    1990/04/01  00
      1   3   -149.23   -5.37   1007.88    1990/04/01  12
      1   4   -152.13   -4.86   1008.09    1990/04/02  00
      2   1    -38.58   40.04   1005.61    1990/03/31  12
      2   2    -40.51   40.48    999.79    1990/04/01  00
      2   3    -41.78   38.90    999.00    1990/04/01  12
      2   4    -41.08   37.75   1001.08    1990/04/02  00
      2   5    -38.59   36.86   1001.11    1990/04/02  12
      2   6    -35.50   36.77   1005.56    1990/04/03  00
      2   7    -30.48   35.88   1007.45    1990/04/03  12
      2   8    -21.35   36.54   1004.80    1990/04/04  00
      2   9    -19.35   35.75   1005.29    1990/04/04  12
      2  10    -13.77   36.64   1005.22    1990/04/05  00
      2  11    -10.35   38.28   1002.24    1990/04/05  12
 1990/04/01  00   Number of Storms Begun  2
      1   1    153.53   -8.23   1009.59    1990/04/01  00
      1   2    151.79   -8.44   1009.85    1990/04/01  12
      1   3    147.89   -8.64   1009.10    1990/04/02  00
      1   4    147.62  -11.40   1009.55    1990/04/02  12
      1   5    147.39  -12.38   1010.32    1990/04/03  00
      2   1   -101.75   44.23   1006.54    1990/04/01  00
      2   2    -90.73   45.86   1009.46    1990/04/01  12
      2   3    -86.57   44.05   1006.53    1990/04/02  00
      2   4    -83.92   42.60   1005.12    1990/04/02  12
      2   5    -79.48   40.62   1006.42    1990/04/03  00
      2   6    -74.12   34.64   1001.01    1990/04/03  12
 1990/04/01  12   Number of Storms Begun  1
      1   1     45.86  -60.00    976.78    1990/04/01  12
      1   2     61.37  -60.90    971.39    1990/04/02  00
      1   3     70.53  -61.67    970.14    1990/04/02  12
      1   4     72.13  -63.03    969.89    1990/04/03  00
      1   5     81.45  -63.36    975.81    1990/04/03  12
 1990/04/02  00   Number of Storms Begun  4
      1   1    -27.99  -52.56    984.14    1990/04/02  00
      1   2    -20.52  -55.69    978.20    1990/04/02  12
      1   3    -10.97  -59.02    966.58    1990/04/03  00
      1   4      0.47  -60.55    964.22    1990/04/03  12
      1   5     12.90  -61.29    965.47    1990/04/04  00
      1   6     21.11  -60.74    964.08    1990/04/04  12
      1   7     26.15  -61.08    968.13    1990/04/05  00
      2   1     12.02  -13.60   1010.48    1990/04/02  00
      2   2     14.07  -19.94   1007.30    1990/04/02  12
      2   3     15.44  -28.21   1010.19    1990/04/03  00
      2   4     16.92  -28.41   1009.04    1990/04/03  12
      3   1    153.92   39.34   1001.29    1990/04/02  00
      3   2    158.79   40.87    999.78    1990/04/02  12
      3   3    163.44   42.87    998.42    1990/04/03  00
      3   4    167.90   44.16    996.72    1990/04/03  12
      3   5    176.02   44.75    994.30    1990/04/04  00
      3   6   -174.46   46.52    990.17    1990/04/04  12
      3   7   -168.04   47.13    988.07    1990/04/05  00
      3   8   -162.96   46.88    993.27    1990/04/05  12
      3   9   -160.13   45.84    997.89    1990/04/06  00
      3  10   -156.83   45.27    998.79    1990/04/06  12
      4   1     -5.24   56.42   1002.22    1990/04/02  00
      4   2     -0.34   58.06    990.66    1990/04/02  12
      4   3      6.21   59.73    985.48    1990/04/03  00
      4   4     12.54   60.55    981.85    1990/04/03  12
      4   5     25.19   62.48    984.37    1990/04/04  00
      4   6     41.26   65.03    985.05    1990/04/04  12
 1990/04/02  12   Number of Storms Begun  3
      1   1     33.36  -58.41    969.71    1990/04/02  12
      1   2     41.32  -55.70    967.45    1990/04/03  00
      1   3     49.02  -55.27    967.75    1990/04/03  12
      1   4     56.68  -56.74    967.65    1990/04/04  00
      1   5     62.38  -58.33    964.35    1990/04/04  12
      1   6     66.91  -60.22    957.36    1990/04/05  00
      1   7     71.44  -61.02    955.57    1990/04/05  12
      2   1   -144.23  -30.77   1010.15    1990/04/02  12
      2   2   -142.18  -29.86   1006.65    1990/04/03  00
      2   3   -140.86  -29.47   1004.94    1990/04/03  12
      2   4   -135.58  -30.56   1003.44    1990/04/04  00
      2   5   -132.38  -33.96   1002.30    1990/04/04  12
      2   6   -130.53  -37.10   1001.76    1990/04/05  00
      2   7   -129.60  -40.24   1002.45    1990/04/05  12
      2   8   -128.26  -42.41   1000.50    1990/04/06  00
      2   9   -125.41  -43.34   1000.99    1990/04/06  12
      2  10   -121.19  -43.08   1002.67    1990/04/07  00
      3   1     62.07   57.75    980.33    1990/04/02  12
      3   2     69.15   62.53    967.88    1990/04/03  00
      3   3     76.30   68.09    966.76    1990/04/03  12
      3   4     80.06   71.19    966.71    1990/04/04  00
      3   5     86.49   73.55    969.65    1990/04/04  12
      3   6     92.64   75.74    975.47    1990/04/05  00
      3   7    100.83   76.95    983.89    1990/04/05  12
 1990/04/03  00   Number of Storms Begun  2
      1   1    -40.57  -47.28    986.07    1990/04/03  00
      1   2    -37.09  -46.72    983.34    1990/04/03  12
      1   3    -30.70  -46.98    978.09    1990/04/04  00
      1   4    -27.21  -50.10    976.38    1990/04/04  12
      1   5    -20.69  -50.83    977.57    1990/04/05  00
      2   1   -129.79   23.35   1009.43    1990/04/03  00
      2   2   -125.25   25.81   1008.25    1990/04/03  12
      2   3   -123.61   28.12   1010.89    1990/04/04  00
      2   4   -120.24   30.37   1011.28    1990/04/04  12
 1990/04/03  12   Number of Storms Begun  1
      1   1    -74.12   34.64   1001.01    1990/04/03  12
      1   2    -71.30   36.95    995.60    1990/04/04  00
      1   3    -71.87   42.25    988.39    1990/04/04  12
      1   4    -73.87   46.57    984.91    1990/04/05  00
      1   5    -73.21   50.22    986.12    1990/04/05  12
      1   6    -73.02   57.60    983.11    1990/04/06  00
      1   7    -71.49   58.75    982.05    1990/04/06  12
      1   8    -60.42   58.87    986.39    1990/04/07  00
      1   9    -56.14   59.86    984.24    1990/04/07  12
      1  10    -50.90   70.43    988.73    1990/04/08  00
      1  11    -44.64   73.22    990.97    1990/04/08  12
 1990/04/04  00   Number of Storms Begun  0
 1990/04/04  12   Number of Storms Begun  0
 1990/04/05  00   Number of Storms Begun  3
      1   1    167.62  -67.40    968.51    1990/04/05  00
      1   2    142.68  -64.77    963.68    1990/04/05  12
      1   3    139.89  -64.72    962.61    1990/04/06  00
      1   4    118.99  -64.37    968.61    1990/04/06  12
      1   5    105.29  -63.17    971.03    1990/04/07  00
      2   1    -20.69  -50.83    977.57    1990/04/05  00
      2   2    -30.32  -51.48    981.07    1990/04/05  12
      2   3    -33.95  -52.57    982.54    1990/04/06  00
      2   4    -42.42  -53.41    981.84    1990/04/06  12
      2   5    -43.60  -54.47    977.41    1990/04/07  00
      2   6    -47.17  -55.69    978.13    1990/04/07  12
      3   1    147.40   42.91    991.11    1990/04/05  00
      3   2    149.48   49.54    986.02    1990/04/05  12
      3   3    148.47   54.19    980.13    1990/04/06  00
      3   4    144.50   55.90    980.87    1990/04/06  12
      3   5    145.77   57.05    983.42    1990/04/07  00
      3   6    141.83   66.43    986.62    1990/04/07  12
      3   7    143.90   70.23    986.54    1990/04/08  00
      3   8    143.35   78.28    988.07    1990/04/08  12
      3   9    148.93   81.07    988.63    1990/04/09  00
 1990/04/05  12   Number of Storms Begun  3
      1   1     23.58  -63.27    973.43    1990/04/05  12
      1   2     22.19  -62.53    972.94    1990/04/06  00
      1   3     25.22  -60.81    964.65    1990/04/06  12
      1   4     27.98  -60.54    963.95    1990/04/07  00
      1   5     42.10  -62.74    961.47    1990/04/07  12
      1   6     41.31  -64.80    963.51    1990/04/08  00
      1   7     32.79  -66.85    971.55    1990/04/08  12
      1   8     28.71  -66.36    974.84    1990/04/09  00
      2   1   -101.95  -70.53    986.28    1990/04/05  12
      2   2    -99.25  -68.32    986.12    1990/04/06  00
      2   3    -87.80  -60.51    982.41    1990/04/06  12
      2   4    -83.80  -57.87    975.04    1990/04/07  00
      2   5    -79.55  -57.93    970.46    1990/04/07  12
      2   6    -78.13  -57.08    973.42    1990/04/08  00
      2   7    -74.76  -57.08    974.09    1990/04/08  12
      2   8    -50.41  -58.38    978.60    1990/04/09  00
      3   1   -101.90   33.23   1008.48    1990/04/05  12
      3   2   -101.34   30.18   1001.72    1990/04/06  00
      3   3    -96.07   26.04   1007.65    1990/04/06  12
      3   4    -93.05   20.00   1007.24    1990/04/07  00
 1990/04/06  00   Number of Storms Begun  2
      1   1     69.03   27.15   1002.92    1990/04/06  00
      1   2     70.93   26.68    999.47    1990/04/06  12
      1   3     73.23   26.31   1005.27    1990/04/07  00
      1   4     75.45   24.32   1002.64    1990/04/07  12
      1   5     82.84   23.06   1006.04    1990/04/08  00
      1   6     92.21   31.70   1001.48    1990/04/08  12
      2   1     82.63   65.35    990.20    1990/04/06  00
      2   2     96.31   65.98    989.07    1990/04/06  12
      2   3    110.68   63.44    986.46    1990/04/07  00
      2   4    141.83   66.43    986.62    1990/04/07  12
 1990/04/06  12   Number of Storms Begun  1
      1   1     -5.88   42.85    994.02    1990/04/06  12
      1   2     -0.55   44.49    999.61    1990/04/07  00
      1   3     13.09   45.12   1001.84    1990/04/07  12
      1   4     22.10   46.86   1001.54    1990/04/08  00
      1   5     27.48   46.48   1002.54    1990/04/08  12
      1   6     33.27   46.80   1002.41    1990/04/09  00
      1   7     37.14   47.81   1005.01    1990/04/09  12
 1990/04/07  00   Number of Storms Begun  1
      1   1   -158.44   48.92    996.25    1990/04/07  00
      1   2   -153.50   44.55   1001.73    1990/04/07  12
      1   3   -150.51   40.80    997.31    1990/04/08  00
      1   4   -146.64   40.20    992.49    1990/04/08  12
      1   5   -145.94   41.37    989.75    1990/04/09  00
      1   6   -145.32   42.83    989.37    1990/04/09  12
      1   7   -145.40   45.39    991.83    1990/04/10  00
      1   8   -147.45   46.28    992.75    1990/04/10  12
      1   9   -149.73   47.23    995.98    1990/04/11  00
      1  10   -152.96   47.38    998.02    1990/04/11  12
      1  11   -153.40   46.93    998.44    1990/04/12  00
 1990/04/07  12   Number of Storms Begun  4
      1   1   -171.16  -65.21    985.10    1990/04/07  12
      1   2   -165.33  -66.00    979.64    1990/04/08  00
      1   3   -161.32  -67.77    974.35    1990/04/08  12
      1   4   -159.21  -69.36    970.43    1990/04/09  00
      1   5   -158.76  -70.96    971.72    1990/04/09  12
      1   6   -160.70  -73.29    973.16    1990/04/10  00
      1   7   -165.94  -76.79    975.64    1990/04/10  12
      1   8   -167.39  -78.87    976.29    1990/04/11  00
      1   9   -169.88  -79.12    978.61    1990/04/11  12
      1  10   -170.81  -79.89    979.52    1990/04/12  00
      1  11   -174.56  -79.81    983.01    1990/04/12  12
      2   1    -15.50   37.80   1000.54    1990/04/07  12
      2   2    -11.90   37.07   1000.40    1990/04/08  00
      2   3    -10.48   38.50   1004.51    1990/04/08  12
      2   4     -8.12   38.72   1007.52    1990/04/09  00
      3   1   -119.25   43.82   1012.97    1990/04/07  12
      3   2   -115.12   48.40   1007.80    1990/04/08  00
      3   3   -110.71   48.22   1007.81    1990/04/08  12
      3   4   -102.81   42.59   1003.01    1990/04/09  00
      3   5   -100.43   40.14   1008.62    1990/04/09  12
      3   6   -101.97   33.67   1007.80    1990/04/10  00
      4   1    128.48   46.47    988.71    1990/04/07  12
      4   2    135.09   46.27    977.71    1990/04/08  00
      4   3    139.38   48.67    970.13    1990/04/08  12
      4   4    142.86   51.63    970.73    1990/04/09  00
      4   5    143.87   52.96    983.78    1990/04/09  12
      4   6    144.60   53.59    995.02    1990/04/10  00
 1990/04/08  00   Number of Storms Begun  0
 1990/04/08  12   Number of Storms Begun  2
      1   1   -109.73  -36.80   1002.29    1990/04/08  12
      1   2   -108.83  -34.72   1000.70    1990/04/09  00
      1   3   -105.90  -33.03   1001.08    1990/04/09  12
      1   4   -104.54  -32.72   1003.17    1990/04/10  00
      2   1    -54.73   51.02    990.23    1990/04/08  12
      2   2    -49.19   57.17    981.27    1990/04/09  00
      2   3    -42.46   61.33    980.47    1990/04/09  12
      2   4    -26.01   63.85    979.58    1990/04/10  00
 1990/04/09  00   Number of Storms Begun  2
      1   1     -8.90  -46.20    986.88    1990/04/09  00
      1   2     -3.34  -46.46    977.95    1990/04/09  12
      1   3     -0.76  -46.31    978.09    1990/04/10  00
      1   4      2.29  -44.19    984.92    1990/04/10  12
      1   5      8.53  -42.19    990.72    1990/04/11  00
      2   1   -177.99   34.81   1008.89    1990/04/09  00
      2   2   -176.26   36.00   1008.15    1990/04/09  12
      2   3   -173.96   34.62   1006.08    1990/04/10  00
      2   4   -168.96   33.63   1002.73    1990/04/10  12
 1990/04/09  12   Number of Storms Begun  5
      1   1    -54.85  -54.09    978.61    1990/04/09  12
      1   2    -45.78  -54.02    971.01    1990/04/10  00
      1   3    -34.94  -55.14    963.59    1990/04/10  12
      1   4    -26.43  -57.53    961.95    1990/04/11  00
      1   5    -21.44  -59.88    960.90    1990/04/11  12
      1   6    -19.77  -61.53    959.53    1990/04/12  00
      1   7    -16.44  -62.01    960.67    1990/04/12  12
      1   8    -12.82  -63.12    965.59    1990/04/13  00
      1   9    -10.08  -64.44    966.07    1990/04/13  12
      1  10     -9.33  -65.50    965.88    1990/04/14  00
      1  11     -8.37  -65.53    966.33    1990/04/14  12
      1  12     -6.29  -65.57    969.86    1990/04/15  00
      1  13     -1.70  -64.97    971.39    1990/04/15  12
      1  14     28.36  -66.32    973.51    1990/04/16  00
      2   1      9.10   38.16   1001.64    1990/04/09  12
      2   2     14.40   40.79    994.61    1990/04/10  00
      2   3     17.28   40.60    993.29    1990/04/10  12
      2   4     20.90   40.03    996.44    1990/04/11  00
      2   5     34.31   45.23    994.83    1990/04/11  12
      2   6     35.87   48.21    997.23    1990/04/12  00
      2   7     36.90   50.04   1000.80    1990/04/12  12
      3   1    106.58   45.77    995.02    1990/04/09  12
      3   2    111.93   45.32   1003.93    1990/04/10  00
      3   3    121.64   46.13   1003.76    1990/04/10  12
      3   4    129.58   48.15   1009.36    1990/04/11  00
      3   5    136.43   49.02   1011.13    1990/04/11  12
      3   6    144.75   50.84   1012.75    1990/04/12  00
      3   7    149.30   55.10   1011.79    1990/04/12  12
      3   8    151.15   56.11   1014.56    1990/04/13  00
      4   1     66.11   61.71    992.81    1990/04/09  12
      4   2     76.49   62.65    990.93    1990/04/10  00
      4   3     86.88   64.26    995.99    1990/04/10  12
      4   4     95.19   64.91   1000.70    1990/04/11  00
      4   5    102.94   64.45   1004.94    1990/04/11  12
      4   6    112.36   63.68   1004.19    1990/04/12  00
      4   7    120.60   63.21   1007.17    1990/04/12  12
      4   8    126.25   65.76   1013.19    1990/04/13  00
      5   1     -0.99   69.24    983.11    1990/04/09  12
      5   2      8.72   70.98    977.72    1990/04/10  00
      5   3     13.37   74.67    974.00    1990/04/10  12
      5   4     16.45   78.76    978.00    1990/04/11  00
      5   5     -9.10   82.38    973.56    1990/04/11  12
 1990/04/10  00   Number of Storms Begun  2
      1   1   -124.10    1.77   1006.19    1990/04/10  00
      1   2   -111.87    1.79   1008.26    1990/04/10  12
      1   3   -103.26    7.08   1007.19    1990/04/11  00
      1   4    -94.40    3.15   1007.63    1990/04/11  12
      2   1   -101.97   33.67   1007.80    1990/04/10  00
      2   2    -89.11   39.45   1009.65    1990/04/10  12
      2   3    -78.78   41.78   1001.73    1990/04/11  00
      2   4    -71.12   43.61    996.62    1990/04/11  12
      2   5    -66.88   43.99   1000.37    1990/04/12  00
 1990/04/10  12   Number of Storms Begun  1
      1   1   -103.14   81.41    979.52    1990/04/10  12
      1   2    -77.62   80.35    973.03    1990/04/11  00
      1   3     -9.10   82.38    973.56    1990/04/11  12
      1   4     -0.63   72.71    958.33    1990/04/12  00
 1990/04/11  00   Number of Storms Begun  5
      1   1     35.34  -57.52    978.58    1990/04/11  00
      1   2     48.76  -60.75    971.27    1990/04/11  12
      1   3     58.95  -61.22    964.35    1990/04/12  00
      1   4     67.69  -61.29    959.75    1990/04/12  12
      1   5     74.22  -61.00    958.14    1990/04/13  00
      1   6     81.69  -60.86    956.73    1990/04/13  12
      1   7     86.74  -61.10    956.19    1990/04/14  00
      1   8     87.33  -62.05    966.30    1990/04/14  12
      2   1     75.98  -63.19    981.27    1990/04/11  00
      2   2     91.37  -61.28    970.75    1990/04/11  12
      2   3     99.22  -61.42    961.98    1990/04/12  00
      2   4    107.31  -61.93    967.03    1990/04/12  12
      3   1   -116.01  -41.46    996.25    1990/04/11  00
      3   2   -111.97  -41.68    996.31    1990/04/11  12
      3   3   -108.61  -41.77    994.44    1990/04/12  00
      3   4   -102.04  -42.58    995.08    1990/04/12  12
      4   1    109.17   21.54   1004.47    1990/04/11  00
      4   2    119.81   28.54   1004.97    1990/04/11  12
      4   3    123.27   33.47   1003.52    1990/04/12  00
      4   4    125.76   37.11   1001.82    1990/04/12  12
      4   5    124.27   40.28   1001.68    1990/04/13  00
      4   6    123.73   41.81   1002.82    1990/04/13  12
      4   7    125.43   42.31   1001.57    1990/04/14  00
      5   1    -34.21   60.96    980.78    1990/04/11  00
      5   2    -20.98   65.24    962.36    1990/04/11  12
      5   3     -0.63   72.71    958.33    1990/04/12  00
      5   4     11.51   78.63    953.41    1990/04/12  12
      5   5     17.73   82.57    957.11    1990/04/13  00
 1990/04/11  12   Number of Storms Begun  2
      1   1     86.19   -7.90   1004.74    1990/04/11  12
      1   2     85.34   -9.50   1004.29    1990/04/12  00
      1   3     86.31  -11.13   1004.16    1990/04/12  12
      1   4     87.12  -11.33   1004.50    1990/04/13  00
      2   1     72.88   26.35   1001.90    1990/04/11  12
      2   2     74.04   27.70   1003.73    1990/04/12  00
      2   3     83.33   23.04    999.99    1990/04/12  12
      2   4     84.21   23.06   1003.27    1990/04/13  00
 1990/04/12  00   Number of Storms Begun  0
 1990/04/12  12   Number of Storms Begun  1
      1   1   -143.48   48.79    998.85    1990/04/12  12
      1   2   -148.67   50.62   1000.01    1990/04/13  00
      1   3   -153.52   50.59    999.45    1990/04/13  12
      1   4   -156.71   50.74   1003.09    1990/04/14  00
 1990/04/13  00   Number of Storms Begun  2
      1   1    169.50   31.12   1001.34    1990/04/13  00
      1   2    170.96   34.89    993.35    1990/04/13  12
      1   3    172.21   38.05    987.58    1990/04/14  00
      1   4    173.38   40.31    979.32    1990/04/14  12
      1   5    173.12   41.30    977.98    1990/04/15  00
      2   1    -49.00   55.36    987.87    1990/04/13  00
      2   2    -38.55   60.28    973.83    1990/04/13  12
      2   3    -27.59   62.13    967.82    1990/04/14  00
      2   4    -22.61   62.73    969.15    1990/04/14  12
      2   5    -16.46   62.85    975.37    1990/04/15  00
      2   6    -11.12   63.78    976.80    1990/04/15  12
      2   7     -8.86   65.57    977.89    1990/04/16  00
      2   8     -9.55   66.37    980.41    1990/04/16  12
      2   9     -9.53   67.52    986.38    1990/04/17  00
      2  10    -12.82   71.14    993.88    1990/04/17  12
 1990/04/13  12   Number of Storms Begun  2
      1   1    156.59   -6.67   1008.95    1990/04/13  12
      1   2    166.97   -1.36   1007.94    1990/04/14  00
      1   3    174.35    0.30   1008.00    1990/04/14  12
      1   4    174.80   -0.13   1007.07    1990/04/15  00
      2   1   -153.08    2.73   1008.49    1990/04/13  12
      2   2   -149.88    0.24   1007.18    1990/04/14  00
      2   3   -147.76   -0.57   1007.83    1990/04/14  12
      2   4   -145.12    0.29   1008.30    1990/04/15  00
 1990/04/14  00   Number of Storms Begun  2
      1   1   -160.84  -79.85    986.59    1990/04/14  00
      1   2   -158.96  -80.04    984.23    1990/04/14  12
      1   3   -160.11  -80.86    978.00    1990/04/15  00
      1   4   -170.94  -81.00    981.24    1990/04/15  12
      2   1     85.97  -11.74   1003.95    1990/04/14  00
      2   2     86.60  -12.38   1002.23    1990/04/14  12
      2   3     88.04  -14.58   1002.45    1990/04/15  00
      2   4     88.94  -14.73   1001.66    1990/04/15  12
      2   5     88.93  -17.78   1002.32    1990/04/16  00
      2   6     88.36  -18.86   1003.33    1990/04/16  12
      2   7     88.26  -22.36   1006.81    1990/04/17  00
 1990/04/14  12   Number of Storms Begun  0
 1990/04/15  00   Number of Storms Begun  6
      1   1     86.80  -61.89    969.69    1990/04/15  00
      1   2     88.78  -61.76    973.17    1990/04/15  12
      1   3     92.57  -61.41    981.06    1990/04/16  00
      1   4     93.61  -59.48    988.92    1990/04/16  12
      1   5    107.92  -55.13    990.75    1990/04/17  00
      2   1   -115.78  -29.72   1012.34    1990/04/15  00
      2   2   -110.53  -30.35   1012.08    1990/04/15  12
      2   3   -103.81  -34.05   1009.52    1990/04/16  00
      2   4   -102.40  -36.21   1004.61    1990/04/16  12
      2   5   -101.66  -37.54    999.53    1990/04/17  00
      3   1    145.24   36.09   1002.90    1990/04/15  00
      3   2    149.04   37.02   1000.94    1990/04/15  12
      3   3    153.48   38.41    999.01    1990/04/16  00
      3   4    156.98   39.71    998.74    1990/04/16  12
      3   5    157.99   40.89    999.57    1990/04/17  00
      3   6    164.17   42.69    998.11    1990/04/17  12
      3   7    174.67   45.61    994.20    1990/04/18  00
      3   8   -179.70   48.26    990.21    1990/04/18  12
      3   9   -174.31   49.06    985.75    1990/04/19  00
      3  10   -167.19   50.49    984.34    1990/04/19  12
      3  11   -159.05   53.59    983.13    1990/04/20  00
      3  12   -156.84   54.11    988.73    1990/04/20  12
      3  13   -156.02   55.05    995.37    1990/04/21  00
      3  14   -145.45   56.99    997.68    1990/04/21  12
      4   1    173.12   41.30    977.98    1990/04/15  00
      4   2    177.30   41.91    982.05    1990/04/15  12
      4   3   -178.36   42.43    986.71    1990/04/16  00
      4   4   -173.00   42.44    990.19    1990/04/16  12
      4   5   -158.50   50.66    991.43    1990/04/17  00
      4   6   -156.04   50.94    987.67    1990/04/17  12
      4   7   -153.60   52.55    986.23    1990/04/18  00
      4   8   -149.42   53.13    985.97    1990/04/18  12
      4   9   -148.80   54.54    987.65    1990/04/19  00
      5   1     84.26   41.54   1002.39    1990/04/15  00
      5   2     96.14   44.13   1001.02    1990/04/15  12
      5   3     98.66   45.07   1003.79    1990/04/16  00
      5   4    102.84   44.31    999.38    1990/04/16  12
      5   5    105.21   43.42   1004.31    1990/04/17  00
      5   6    106.23   43.67    997.84    1990/04/17  12
      5   7    110.39   44.63   1001.75    1990/04/18  00
      5   8    113.25   44.87    996.27    1990/04/18  12
      5   9    116.51   45.35    997.35    1990/04/19  00
      5  10    120.78   47.62    999.30    1990/04/19  12
      5  11    125.47   51.73    998.87    1990/04/20  00
      5  12    133.47   54.71    999.30    1990/04/20  12
      5  13    139.81   57.20   1000.92    1990/04/21  00
      6   1    -89.79   47.51   1007.94    1990/04/15  00
      6   2    -82.88   47.66   1005.31    1990/04/15  12
      6   3    -74.17   49.66   1002.92    1990/04/16  00
      6   4    -69.29   51.69    997.45    1990/04/16  12
      6   5    -61.22   54.74    992.24    1990/04/17  00
      6   6    -53.41   58.73    987.27    1990/04/17  12
      6   7    -47.69   62.22    993.88    1990/04/18  00
 1990/04/15  12   Number of Storms Begun  0
 1990/04/16  00   Number of Storms Begun  3
      1   1    157.82  -61.15    974.16    1990/04/16  00
      1   2    165.47  -61.56    969.00    1990/04/16  12
      1   3    174.33  -55.82    967.97    1990/04/17  00
      1   4    178.80  -57.22    964.38    1990/04/17  12
      1   5   -179.72  -59.36    964.57    1990/04/18  00
      1   6   -179.95  -61.65    963.77    1990/04/18  12
      1   7    179.29  -62.90    959.30    1990/04/19  00
      1   8    177.80  -62.78    961.60    1990/04/19  12
      2   1    -13.39  -36.57   1008.58    1990/04/16  00
      2   2     -2.28  -38.98   1004.45    1990/04/16  12
      2   3      6.09  -41.59    993.03    1990/04/17  00
      2   4     13.89  -45.05    989.29    1990/04/17  12
      3   1    120.90   79.12    990.36    1990/04/16  00
      3   2    138.04   77.07    995.57    1990/04/16  12
      3   3    163.28   76.77    997.82    1990/04/17  00
      3   4    172.97   76.47   1000.21    1990/04/17  12
 1990/04/16  12   Number of Storms Begun  1
      1   1   -121.67    3.32   1008.43    1990/04/16  12
      1   2   -126.88   -2.80   1007.67    1990/04/17  00
      1   3   -134.79   -2.91   1005.92    1990/04/17  12
      1   4   -141.78    1.17   1005.48    1990/04/18  00
 1990/04/17  00   Number of Storms Begun  1
      1   1     54.56  -61.55    968.27    1990/04/17  00
      1   2     59.02  -62.44    967.40    1990/04/17  12
      1   3     67.86  -63.59    967.34    1990/04/18  00
      1   4     75.47  -64.10    973.56    1990/04/18  12
      1   5     81.80  -63.97    974.11    1990/04/19  00
 1990/04/17  12   Number of Storms Begun  2
      1   1   -128.53  -42.80    990.22    1990/04/17  12
      1   2   -128.34  -41.44    988.98    1990/04/18  00
      1   3   -126.50  -40.09    991.48    1990/04/18  12
      1   4   -126.26  -39.17    993.92    1990/04/19  00
      1   5   -125.85  -37.80    996.11    1990/04/19  12
      1   6   -124.42  -37.35    996.31    1990/04/20  00
      1   7   -124.20  -37.49    998.83    1990/04/20  12
      1   8   -123.67  -38.12    998.36    1990/04/21  00
      1   9   -123.55  -38.09   1001.46    1990/04/21  12
      2   1    -76.10   46.39    999.75    1990/04/17  12
      2   2    -67.68   48.67    997.77    1990/04/18  00
      2   3    -60.50   53.00    990.47    1990/04/18  12
      2   4    -54.23   58.37    985.85    1990/04/19  00
      2   5    -52.74   68.61    978.30    1990/04/19  12
      2   6    -47.83   76.47    977.70    1990/04/20  00
      2   7    -17.81   78.14    978.99    1990/04/20  12
      2   8      8.76   82.50    977.73    1990/04/21  00
      2   9     15.54   82.96    979.24    1990/04/21  12
      2  10     78.07   80.51    982.00    1990/04/22  00
      2  11    100.07   74.02    979.69    1990/04/22  12
      2  12    110.68   68.24    981.84    1990/04/23  00
      2  13    116.85   62.78    984.76    1990/04/23  12
      2  14    122.10   53.47    987.67    1990/04/24  00
 1990/04/18  00   Number of Storms Begun  1
      1   1   -141.78    1.17   1005.48    1990/04/18  00
      1   2   -130.68   -2.72   1006.18    1990/04/18  12
      1   3   -124.69   -2.67   1007.02    1990/04/19  00
      1   4   -123.92    2.36   1006.89    1990/04/19  12
      1   5   -114.59    7.44   1007.35    1990/04/20  00
 1990/04/18  12   Number of Storms Begun  1
      1   1    -30.74  -52.28    964.97    1990/04/18  12
      1   2    -23.86  -58.85    943.83    1990/04/19  00
      1   3    -19.25  -61.78    938.91    1990/04/19  12
      1   4    -12.25  -62.76    941.11    1990/04/20  00
      1   5     -3.74  -64.19    944.92    1990/04/20  12
      1   6      2.38  -65.02    948.33    1990/04/21  00
      1   7     11.87  -64.84    958.44    1990/04/21  12
      1   8     36.99  -65.82    960.37    1990/04/22  00
      1   9     42.80  -65.26    967.92    1990/04/22  12
      1  10     66.27  -61.60    974.01    1990/04/23  00
      1  11     76.88  -59.89    978.69    1990/04/23  12
 1990/04/19  00   Number of Storms Begun  3
      1   1    -95.27  -37.00   1006.79    1990/04/19  00
      1   2    -91.78  -35.10   1007.31    1990/04/19  12
      1   3    -87.64  -33.68   1009.29    1990/04/20  00
      1   4    -81.58  -31.10   1009.95    1990/04/20  12
      2   1    155.94   33.92   1002.26    1990/04/19  00
      2   2    160.70   34.10    999.28    1990/04/19  12
      2   3    169.14   34.88    998.60    1990/04/20  00
      2   4    176.45   37.85    997.24    1990/04/20  12
      3   1   -103.91   56.37    992.41    1990/04/19  00
      3   2    -93.87   53.97    997.11    1990/04/19  12
      3   3    -88.98   51.59   1004.74    1990/04/20  00
      3   4    -79.51   51.09   1010.99    1990/04/20  12
      3   5    -70.89   50.53   1013.20    1990/04/21  00
      3   6    -64.92   49.56   1013.51    1990/04/21  12
 1990/04/19  12   Number of Storms Begun  4
      1   1    177.80  -62.78    961.60    1990/04/19  12
      1   2   -175.64  -61.31    962.12    1990/04/20  00
      1   3   -168.18  -64.02    965.06    1990/04/20  12
      1   4   -159.30  -69.57    965.32    1990/04/21  00
      1   5   -152.14  -72.51    963.73    1990/04/21  12
      1   6   -158.87  -80.63    959.73    1990/04/22  00
      2   1    -87.40  -68.23    979.99    1990/04/19  12
      2   2    -78.87  -66.78    973.67    1990/04/20  00
      2   3    -71.13  -66.51    970.58    1990/04/20  12
      2   4    -59.20  -64.10    968.35    1990/04/21  00
      2   5    -49.75  -65.35    968.62    1990/04/21  12
      2   6    -39.95  -67.62    968.87    1990/04/22  00
      2   7    -33.99  -68.75    966.13    1990/04/22  12
      2   8    -30.25  -67.45    961.48    1990/04/23  00
      2   9    -27.69  -67.89    958.87    1990/04/23  12
      2  10    -27.39  -68.90    959.76    1990/04/24  00
      2  11    -29.84  -70.24    961.88    1990/04/24  12
      3   1     62.33  -60.50    975.34    1990/04/19  12
      3   2     70.01  -61.62    964.65    1990/04/20  00
      3   3     75.87  -63.33    953.41    1990/04/20  12
      3   4     77.38  -64.88    951.48    1990/04/21  00
      3   5     79.05  -65.80    958.17    1990/04/21  12
      4   1    145.33  -32.33   1009.92    1990/04/19  12
      4   2    145.43  -32.69   1003.59    1990/04/20  00
      4   3    145.57  -33.93   1000.20    1990/04/20  12
      4   4    147.25  -34.37    999.55    1990/04/21  00
      4   5    150.93  -36.61    998.87    1990/04/21  12
      4   6    154.14  -38.01    997.62    1990/04/22  00
      4   7    156.64  -38.91   1000.07    1990/04/22  12
      4   8    160.16  -40.51    997.14    1990/04/23  00
      4   9    163.59  -42.23    994.90    1990/04/23  12
      4  10    168.12  -40.42    994.47    1990/04/24  00
      4  11    175.05  -42.38    992.49    1990/04/24  12
      4  12    178.89  -43.79    992.33    1990/04/25  00
      4  13   -177.42  -45.36    991.07    1990/04/25  12
      4  14   -176.86  -46.47    994.05    1990/04/26  00
 1990/04/20  00   Number of Storms Begun  0
 1990/04/20  12   Number of Storms Begun  1
      1   1     96.63  -33.56   1005.32    1990/04/20  12
      1   2    102.84  -33.74   1003.13    1990/04/21  00
      1   3    109.52  -35.92    999.10    1990/04/21  12
      1   4    114.94  -38.34    992.97    1990/04/22  00
      1   5    120.88  -40.93    987.80    1990/04/22  12
 1990/04/21  00   Number of Storms Begun  0
 1990/04/21  12   Number of Storms Begun  2
      1   1   -123.55  -38.09   1001.46    1990/04/21  12
      1   2   -124.98  -37.77   1001.46    1990/04/22  00
      1   3   -127.06  -36.64   1003.67    1990/04/22  12
      1   4   -128.97  -33.86   1004.26    1990/04/23  00
      1   5   -131.03  -33.45   1006.93    1990/04/23  12
      1   6   -132.02  -33.54   1007.08    1990/04/24  00
      2   1    -54.96   25.83   1010.61    1990/04/21  12
      2   2    -55.26   27.48   1008.21    1990/04/22  00
      2   3    -56.00   30.38   1007.13    1990/04/22  12
      2   4    -54.93   30.88   1007.11    1990/04/23  00
      2   5    -59.14   38.89   1005.61    1990/04/23  12
      2   6    -56.23   41.79   1002.02    1990/04/24  00
      2   7    -53.54   43.90    998.85    1990/04/24  12
      2   8    -50.59   44.73   1004.38    1990/04/25  00
 1990/04/22  00   Number of Storms Begun  3
      1   1    127.13   30.20   1003.80    1990/04/22  00
      1   2    132.74   32.68    999.47    1990/04/22  12
      1   3    140.06   38.37    993.78    1990/04/23  00
      1   4    145.02   42.59    990.61    1990/04/23  12
      1   5    148.17   47.23    985.38    1990/04/24  00
      1   6    149.14   55.19    980.74    1990/04/24  12
      1   7    149.07   59.00    982.87    1990/04/25  00
      2   1     -0.54   28.98   1005.61    1990/04/22  00
      2   2      7.00   31.10   1004.19    1990/04/22  12
      2   3     15.43   40.38   1007.65    1990/04/23  00
      2   4     14.58   47.89   1004.24    1990/04/23  12
      2   5     16.42   49.84   1005.86    1990/04/24  00
      2   6     15.50   50.65   1006.84    1990/04/24  12
      3   1    -26.34   67.05    997.74    1990/04/22  00
      3   2     -4.54   72.49    997.87    1990/04/22  12
      3   3      5.22   76.33    994.22    1990/04/23  00
      3   4      6.55   78.93    990.67    1990/04/23  12
      3   5      6.88   80.60    991.91    1990/04/24  00
      3   6     14.23   81.52   1000.38    1990/04/24  12
 1990/04/22  12   Number of Storms Begun  2
      1   1   -168.61  -68.96    955.76    1990/04/22  12
      1   2   -157.83  -71.79    952.12    1990/04/23  00
      1   3   -155.59  -75.05    957.43    1990/04/23  12
      1   4   -161.72  -78.72    966.13    1990/04/24  00
      2   1   -113.04   58.75   1000.47    1990/04/22  12
      2   2   -105.53   51.50    994.89    1990/04/23  00
      2   3   -101.60   51.71    994.43    1990/04/23  12
      2   4   -100.71   48.98    993.49    1990/04/24  00
      2   5   -102.73   42.12    997.74    1990/04/24  12
 1990/04/23  00   Number of Storms Begun  1
      1   1    104.06  -48.78    981.99    1990/04/23  00
      1   2    105.48  -52.11    978.58    1990/04/23  12
      1   3    109.12  -53.84    976.81    1990/04/24  00
      1   4    107.91  -56.57    974.42    1990/04/24  12
      1   5    103.82  -59.11    971.48    1990/04/25  00
      1   6     98.04  -60.36    967.70    1990/04/25  12
 1990/04/23  12   Number of Storms Begun  0
 1990/04/24  00   Number of Storms Begun  2
      1   1     85.88   23.35   1004.15    1990/04/24  00
      1   2     80.45   24.31    999.93    1990/04/24  12
      1   3     73.48   28.43   1002.19    1990/04/25  00
      1   4     71.53   28.17   1000.07    1990/04/25  12
      2   1     65.97   45.28   1012.08    1990/04/24  00
      2   2     63.88   49.78   1012.09    1990/04/24  12
      2   3     63.32   51.66   1010.27    1990/04/25  00
      2   4     62.62   52.52   1009.13    1990/04/25  12
 1990/04/24  12   Number of Storms Begun  4
      1   1   -102.73   42.12    997.74    1990/04/24  12
      1   2   -102.14   43.52    996.10    1990/04/25  00
      1   3    -99.52   47.67    999.16    1990/04/25  12
      1   4    -95.95   48.82    998.33    1990/04/26  00
      1   5    -92.80   48.82   1001.45    1990/04/26  12
      1   6    -91.14   47.38   1001.11    1990/04/27  00
      1   7    -95.74   41.38   1002.78    1990/04/27  12
      2   1     15.50   50.65   1006.84    1990/04/24  12
      2   2     17.21   50.98   1009.25    1990/04/25  00
      2   3     31.55   47.86   1009.41    1990/04/25  12
      2   4     34.33   49.81   1005.32    1990/04/26  00
      2   5     35.67   51.49   1002.42    1990/04/26  12
      2   6     37.88   52.80   1001.56    1990/04/27  00
      3   1    -84.09   58.75    996.89    1990/04/24  12
      3   2    -74.61   61.05    999.98    1990/04/25  00
      3   3    -63.17   59.31   1002.11    1990/04/25  12
      3   4    -56.46   59.70   1002.78    1990/04/26  00
      3   5    -51.25   60.74    998.38    1990/04/26  12
      3   6    -49.04   62.89    998.17    1990/04/27  00
      3   7    -31.57   62.60    992.22    1990/04/27  12
      4   1    -31.35   64.56    992.70    1990/04/24  12
      4   2    -28.08   62.51    989.50    1990/04/25  00
      4   3    -14.00   65.18    978.37    1990/04/25  12
      4   4     -6.64   67.99    970.45    1990/04/26  00
      4   5     -0.81   70.05    973.90    1990/04/26  12
      4   6      4.39   71.68    975.81    1990/04/27  00
      4   7     11.18   75.11    976.56    1990/04/27  12
      4   8     16.31   77.79    974.27    1990/04/28  00
      4   9     28.46   80.58    977.82    1990/04/28  12
 1990/04/25  00   Number of Storms Begun  2
      1   1   -153.21  -47.02    997.65    1990/04/25  00
      1   2   -144.84  -45.54    997.95    1990/04/25  12
      1   3   -140.24  -45.99    996.95    1990/04/26  00
      1   4   -134.64  -49.52    994.46    1990/04/26  12
      1   5   -128.76  -56.75    989.13    1990/04/27  00
      1   6   -125.48  -58.64    982.74    1990/04/27  12
      1   7   -121.96  -60.58    979.50    1990/04/28  00
      1   8   -120.99  -63.09    979.38    1990/04/28  12
      1   9   -117.96  -63.67    981.11    1990/04/29  00
      1  10   -117.34  -64.30    980.42    1990/04/29  12
      1  11    -99.04  -61.21    981.34    1990/04/30  00
      1  12    -94.84  -61.13    978.08    1990/04/30  12
      2   1    166.43   74.80    991.68    1990/04/25  00
      2   2    176.78   78.71    993.31    1990/04/25  12
      2   3   -171.71   81.72    987.34    1990/04/26  00
      2   4   -156.83   83.66    984.85    1990/04/26  12
 1990/04/25  12   Number of Storms Begun  3
      1   1    179.46  -67.80    982.37    1990/04/25  12
      1   2   -169.78  -68.99    981.24    1990/04/26  00
      1   3   -159.53  -70.41    981.36    1990/04/26  12
      1   4   -155.82  -71.23    977.43    1990/04/27  00
      1   5   -154.12  -71.34    977.60    1990/04/27  12
      2   1    -54.19  -58.80    971.74    1990/04/25  12
      2   2    -51.23  -57.39    968.43    1990/04/26  00
      2   3    -48.58  -54.55    959.55    1990/04/26  12
      2   4    -39.21  -56.41    944.99    1990/04/27  00
      2   5    -35.08  -58.47    936.38    1990/04/27  12
      2   6    -33.39  -60.12    939.75    1990/04/28  00
      2   7    -31.91  -60.45    954.05    1990/04/28  12
      2   8    -27.21  -60.50    955.73    1990/04/29  00
      3   1    126.77   50.91    988.84    1990/04/25  12
      3   2    127.31   50.93    989.15    1990/04/26  00
      3   3    130.52   51.62    995.76    1990/04/26  12
      3   4    134.58   52.71    996.98    1990/04/27  00
      3   5    136.85   53.65    998.62    1990/04/27  12
      3   6    139.49   54.09   1006.29    1990/04/28  00
 1990/04/26  00   Number of Storms Begun  1
      1   1    156.46  -37.07    993.63    1990/04/26  00
      1   2    158.22  -37.18    992.23    1990/04/26  12
      1   3    159.70  -37.59    992.34    1990/04/27  00
      1   4    161.63  -44.55    994.75    1990/04/27  12
      1   5    161.26  -46.75    989.33    1990/04/28  00
      1   6    166.39  -48.56    988.30    1990/04/28  12
 1990/04/26  12   Number of Storms Begun  0
 1990/04/27  00   Number of Storms Begun  3
      1   1     14.67  -42.59    979.89    1990/04/27  00
      1   2     18.16  -46.48    975.93    1990/04/27  12
      1   3     20.21  -48.77    978.84    1990/04/28  00
      1   4     21.44  -51.35    980.31    1990/04/28  12
      1   5     23.23  -53.06    984.63    1990/04/29  00
      1   6     24.66  -53.62    985.05    1990/04/29  12
      1   7     27.23  -54.96    985.61    1990/04/30  00
      1   8     30.75  -57.12    991.04    1990/04/30  12
      2   1     78.40  -53.40    967.92    1990/04/27  00
      2   2     82.75  -52.31    971.64    1990/04/27  12
      2   3     86.71  -51.33    973.82    1990/04/28  00
      2   4     97.43  -50.48    967.21    1990/04/28  12
      2   5     98.05  -51.39    965.14    1990/04/29  00
      2   6    101.70  -51.07    968.21    1990/04/29  12
      2   7    109.61  -54.39    972.42    1990/04/30  00
      2   8    112.82  -55.04    972.90    1990/04/30  12
      2   9    112.78  -56.11    979.57    1990/05/01  00
      3   1   -102.33   35.73   1001.72    1990/04/27  00
      3   2    -95.74   41.38   1002.78    1990/04/27  12
      3   3    -92.41   43.10    999.52    1990/04/28  00
      3   4    -90.54   44.90    996.14    1990/04/28  12
 1990/04/27  12   Number of Storms Begun  2
      1   1     43.43  -38.81   1000.27    1990/04/27  12
      1   2     49.39  -39.50   1001.41    1990/04/28  00
      1   3     55.41  -39.43    998.39    1990/04/28  12
      1   4     59.28  -38.00    998.32    1990/04/29  00
      1   5     64.10  -35.25   1000.42    1990/04/29  12
      1   6     70.44  -34.37    998.80    1990/04/30  00
      1   7     75.88  -33.33    998.48    1990/04/30  12
      2   1   -159.07   35.05   1006.45    1990/04/27  12
      2   2   -157.15   40.06    995.23    1990/04/28  00
      2   3   -157.91   44.49    991.04    1990/04/28  12
      2   4   -161.06   46.78    991.03    1990/04/29  00
      2   5   -164.07   47.52    995.45    1990/04/29  12
      2   6   -164.43   48.16    997.45    1990/04/30  00
      2   7   -164.53   49.67   1000.58    1990/04/30  12
      2   8   -162.91   51.71   1006.44    1990/05/01  00
      2   9   -159.86   55.05   1005.87    1990/05/01  12
      2  10   -157.92   56.85   1007.61    1990/05/02  00
      2  11   -155.70   58.68   1009.15    1990/05/02  12
 1990/04/28  00   Number of Storms Begun  1
      1   1     15.49   12.44   1004.07    1990/04/28  00
      1   2     28.02   12.37   1005.20    1990/04/28  12
      1   3     28.91   10.93   1003.21    1990/04/29  00
      1   4     30.30    7.54   1003.50    1990/04/29  12
 1990/04/28  12   Number of Storms Begun  0
 1990/04/29  00   Number of Storms Begun  2
      1   1    141.48   38.32   1013.93    1990/04/29  00
      1   2    146.03   37.67   1008.79    1990/04/29  12
      1   3    148.75   39.25   1000.92    1990/04/30  00
      1   4    149.21   39.53    997.54    1990/04/30  12
      2   1    -42.11   47.70    992.95    1990/04/29  00
      2   2    -38.56   47.30    984.06    1990/04/29  12
      2   3    -36.22   50.48    978.12    1990/04/30  00
      2   4    -35.90   52.25    977.97    1990/04/30  12
      2   5    -34.84   56.19    980.19    1990/05/01  00
      2   6    -34.16   60.88    983.07    1990/05/01  12
      2   7    -34.57   61.31    995.19    1990/05/02  00
 1990/04/29  12   Number of Storms Begun  0
 1990/04/30  00   Number of Storms Begun  2
      1   1    -87.53   56.62   1002.45    1990/04/30  00
      1   2    -84.10   58.44   1001.50    1990/04/30  12
      1   3    -82.22   60.12    994.17    1990/05/01  00
      1   4    -81.42   62.47    983.95    1990/05/01  12
      1   5    -80.93   64.11    978.92    1990/05/02  00
      1   6    -80.57   65.71    982.68    1990/05/02  12
      1   7    -76.72   69.57    985.20    1990/05/03  00
      2   1     37.46   73.41    982.71    1990/04/30  00
      2   2     86.72   80.85    982.58    1990/04/30  12
      2   3     97.66   81.01    977.31    1990/05/01  00
      2   4    118.45   82.88    974.37    1990/05/01  12
 1990/04/30  12   Number of Storms Begun  3
      1   1    -94.84  -61.13    978.08    1990/04/30  12
      1   2    -95.72  -60.85    982.48    1990/05/01  00
      1   3    -95.31  -58.51    984.05    1990/05/01  12
      1   4    -92.21  -52.08    981.55    1990/05/02  00
      1   5    -84.86  -51.64    978.15    1990/05/02  12
      1   6    -80.70  -54.20    981.87    1990/05/03  00
      2   1    168.45  -40.83    998.27    1990/04/30  12
      2   2    173.09  -40.58    994.09    1990/05/01  00
      2   3    179.39  -40.54    993.65    1990/05/01  12
      2   4   -175.54  -40.85    993.63    1990/05/02  00
      2   5   -169.89  -40.95    989.95    1990/05/02  12
      2   6   -164.99  -43.54    988.71    1990/05/03  00
      3   1    149.21   39.53    997.54    1990/04/30  12
      3   2    148.92   37.81    999.87    1990/05/01  00
      3   3    151.17   36.04   1002.45    1990/05/01  12
      3   4    155.01   35.50   1003.53    1990/05/02  00
      3   5    162.03   39.36    998.57    1990/05/02  12
      3   6    164.41   43.60    994.05    1990/05/03  00
      3   7    167.11   46.36    990.75    1990/05/03  12
      3   8    169.34   48.45    986.10    1990/05/04  00
      3   9    171.40   49.23    986.23    1990/05/04  12
      3  10    173.41   49.74    992.15    1990/05/05  00
      3  11    177.62   53.49   1000.77    1990/05/05  12
      3  12   -170.74   52.85    999.61    1990/05/06  00
 1990/05/01  00   Number of Storms Begun  1
      1   1    -28.38  -60.74    966.55    1990/05/01  00
      1   2    -28.42  -60.76    971.56    1990/05/01  12
      1   3    -29.41  -60.75    977.72    1990/05/02  00
      1   4    -30.26  -59.34    980.33    1990/05/02  12
      1   5    -11.41  -54.36    980.51    1990/05/03  00
      1   6     -4.45  -55.47    971.30    1990/05/03  12
      1   7      1.44  -57.33    967.95    1990/05/04  00
      1   8      4.77  -59.06    974.81    1990/05/04  12
      1   9      3.19  -60.25    977.95    1990/05/05  00
 1990/05/01  12   Number of Storms Begun  2
      1   1   -145.62  -59.62    982.11    1990/05/01  12
      1   2   -142.36  -63.00    975.51    1990/05/02  00
      1   3   -140.12  -66.04    978.39    1990/05/02  12
      1   4   -138.47  -68.17    980.74    1990/05/03  00
      1   5   -135.77  -68.50    982.47    1990/05/03  12
      1   6   -129.63  -69.08    984.27    1990/05/04  00
      1   7   -129.75  -69.55    988.30    1990/05/04  12
      1   8   -128.72  -69.96    993.34    1990/05/05  00
      1   9   -128.76  -70.50    996.77    1990/05/05  12
      2   1     14.33  -48.96    985.04    1990/05/01  12
      2   2     20.44  -46.95    981.44    1990/05/02  00
      2   3     24.13  -46.41    981.13    1990/05/02  12
      2   4     27.65  -45.46    982.14    1990/05/03  00
      2   5     31.76  -45.36    985.08    1990/05/03  12
      2   6     34.60  -46.06    985.19    1990/05/04  00
      2   7     39.48  -45.52    989.00    1990/05/04  12
      2   8     46.44  -44.65    990.92    1990/05/05  00
      2   9     54.49  -44.83    990.13    1990/05/05  12
      2  10     61.06  -45.06    991.73    1990/05/06  00
      2  11     63.25  -46.55    989.05    1990/05/06  12
      2  12     61.29  -48.30    992.26    1990/05/07  00
 1990/05/02  00   Number of Storms Begun  2
      1   1   -122.27  -32.46   1011.57    1990/05/02  00
      1   2   -119.39  -32.80   1007.95    1990/05/02  12
      1   3   -115.41  -32.98   1003.89    1990/05/03  00
      1   4   -110.58  -33.11   1002.05    1990/05/03  12
      1   5   -107.14  -34.21   1000.47    1990/05/04  00
      1   6   -104.13  -34.17   1003.20    1990/05/04  12
      1   7   -102.23  -34.52   1000.17    1990/05/05  00
      1   8   -101.41  -34.35    998.56    1990/05/05  12
      1   9   -100.61  -34.76    997.56    1990/05/06  00
      1  10    -97.96  -37.51    994.19    1990/05/06  12
      1  11    -94.34  -39.75    991.36    1990/05/07  00
      1  12    -90.68  -42.29    986.57    1990/05/07  12
      1  13    -88.32  -48.53    981.46    1990/05/08  00
      1  14    -88.54  -52.16    973.23    1990/05/08  12
      1  15    -91.24  -54.66    975.60    1990/05/09  00
      1  16    -97.30  -58.21    980.09    1990/05/09  12
      1  17   -102.59  -60.77    981.06    1990/05/10  00
      1  18   -108.25  -61.96    981.46    1990/05/10  12
      1  19   -110.78  -61.76    980.11    1990/05/11  00
      2   1     45.73   41.22   1004.34    1990/05/02  00
      2   2     49.13   42.45    995.43    1990/05/02  12
      2   3     47.85   46.87    991.26    1990/05/03  00
      2   4     48.21   48.05    991.68    1990/05/03  12
      2   5     50.06   49.20    991.96    1990/05/04  00
      2   6     56.42   52.99    989.43    1990/05/04  12
      2   7     78.41   59.17    979.02    1990/05/05  00
      2   8     92.22   63.26    974.85    1990/05/05  12
      2   9    104.77   67.05    971.72    1990/05/06  00
      2  10    113.60   71.01    975.43    1990/05/06  12
      2  11    121.19   76.69    979.34    1990/05/07  00
      2  12    121.54   82.18    986.40    1990/05/07  12
 1990/05/02  12   Number of Storms Begun  4
      1   1    120.75  -49.44    981.71    1990/05/02  12
      1   2    129.27  -52.81    980.38    1990/05/03  00
      1   3    132.87  -55.47    981.79    1990/05/03  12
      1   4    137.23  -58.61    977.62    1990/05/04  00
      1   5    141.32  -60.28    974.55    1990/05/04  12
      2   1     31.46   12.77   1002.47    1990/05/02  12
      2   2     18.41   12.05   1003.80    1990/05/03  00
      2   3     14.62   14.11   1003.26    1990/05/03  12
      2   4      3.50   16.03   1003.43    1990/05/04  00
      3   1   -100.53   29.10   1004.82    1990/05/02  12
      3   2   -100.34   26.52   1001.70    1990/05/03  00
      3   3    -96.67   24.50   1006.95    1990/05/03  12
      3   4    -94.78   18.86   1005.81    1990/05/04  00
      4   1    -30.56   40.68   1008.22    1990/05/02  12
      4   2    -30.99   39.47   1009.10    1990/05/03  00
      4   3    -31.41   37.51   1008.52    1990/05/03  12
      4   4    -33.48   37.38   1007.15    1990/05/04  00
 1990/05/03  00   Number of Storms Begun  1
      1   1    173.29  -45.18    988.40    1990/05/03  00
      1   2    178.91  -45.15    985.23    1990/05/03  12
      1   3   -179.42  -45.02    988.95    1990/05/04  00
      1   4   -175.78  -44.11    989.91    1990/05/04  12
      1   5   -171.58  -45.55    992.99    1990/05/05  00
 1990/05/03  12   Number of Storms Begun  2
      1   1    -33.55  -24.91   1010.18    1990/05/03  12
      1   2    -30.12  -24.84   1008.26    1990/05/04  00
      1   3    -26.45  -27.82   1007.94    1990/05/04  12
      1   4    -22.84  -28.09   1006.86    1990/05/05  00
      1   5    -20.23  -28.47   1008.92    1990/05/05  12
      1   6    -15.94  -28.39   1010.40    1990/05/06  00
      1   7    -15.09  -27.15   1012.88    1990/05/06  12
      1   8    -13.20  -26.76   1014.03    1990/05/07  00
      2   1    -59.50  -21.06   1008.37    1990/05/03  12
      2   2    -61.04  -17.60   1005.20    1990/05/04  00
      2   3    -61.62  -13.75   1008.21    1990/05/04  12
      2   4    -67.09  -11.49   1004.11    1990/05/05  00
      2   5    -70.54   -0.81   1008.85    1990/05/05  12
 1990/05/04  00   Number of Storms Begun  1
      1   1   -150.54  -49.05    993.20    1990/05/04  00
      1   2   -139.76  -51.36    997.19    1990/05/04  12
      1   3   -130.98  -53.41    995.98    1990/05/05  00
      1   4   -123.41  -53.52    998.45    1990/05/05  12
      1   5   -117.13  -54.92    997.36    1990/05/06  00
      1   6   -112.29  -59.44    989.69    1990/05/06  12
      1   7   -109.44  -60.19    986.25    1990/05/07  00
 1990/05/04  12   Number of Storms Begun  2
      1   1    -80.18  -56.33    991.73    1990/05/04  12
      1   2    -81.47  -54.32    992.64    1990/05/05  00
      1   3    -78.65  -52.26    992.91    1990/05/05  12
      1   4    -72.58  -52.57    994.74    1990/05/06  00
      1   5    -61.75  -51.13    993.91    1990/05/06  12
      1   6    -51.64  -47.13    993.11    1990/05/07  00
      1   7    -44.66  -46.09    985.23    1990/05/07  12
      1   8    -37.59  -46.12    982.42    1990/05/08  00
      1   9    -29.27  -48.88    983.77    1990/05/08  12
      1  10    -20.66  -52.92    978.60    1990/05/09  00
      1  11    -17.03  -55.90    970.27    1990/05/09  12
      1  12    -18.01  -58.49    969.25    1990/05/10  00
      2   1    -91.58   38.73   1009.65    1990/05/04  12
      2   2    -84.48   39.90   1006.41    1990/05/05  00
      2   3    -75.32   41.10   1001.78    1990/05/05  12
      2   4    -68.10   41.03    997.73    1990/05/06  00
      2   5    -62.01   42.89    992.47    1990/05/06  12
      2   6    -56.19   44.93    986.91    1990/05/07  00
      2   7    -50.97   48.64    987.48    1990/05/07  12
      2   8    -48.32   52.57    988.42    1990/05/08  00
      2   9    -44.94   55.60    987.05    1990/05/08  12
      2  10    -44.02   59.45    988.55    1990/05/09  00
      2  11    -51.39   64.94    987.40    1990/05/09  12
      2  12    -54.18   74.11    984.41    1990/05/10  00
      2  13    -55.11   75.41    992.91    1990/05/10  12
      2  14    -36.39   78.61    997.06    1990/05/11  00
 1990/05/05  00   Number of Storms Begun  3
      1   1     92.80  -48.97    987.55    1990/05/05  00
      1   2     99.07  -50.75    984.55    1990/05/05  12
      1   3    104.27  -51.96    983.41    1990/05/06  00
      1   4    109.44  -52.31    980.87    1990/05/06  12
      1   5    116.54  -54.08    980.88    1990/05/07  00
      1   6    121.44  -55.33    972.79    1990/05/07  12
      1   7    124.61  -56.41    969.39    1990/05/08  00
      1   8    127.32  -56.74    966.96    1990/05/08  12
      1   9    129.93  -58.35    970.29    1990/05/09  00
      1  10    130.98  -58.92    973.19    1990/05/09  12
      1  11    132.88  -59.57    977.85    1990/05/10  00
      1  12    136.50  -58.96    982.13    1990/05/10  12
      1  13    151.08  -57.38    986.01    1990/05/11  00
      1  14    155.81  -58.93    982.01    1990/05/11  12
      1  15    161.77  -59.71    977.92    1990/05/12  00
      1  16    168.01  -61.73    980.38    1990/05/12  12
      2   1   -100.49    9.67   1006.44    1990/05/05  00
      2   2   -103.15    9.55   1006.99    1990/05/05  12
      2   3   -111.04    5.36   1005.01    1990/05/06  00
      2   4   -120.69    3.28   1005.80    1990/05/06  12
      3   1    -41.13   40.39   1003.57    1990/05/05  00
      3   2    -38.53   40.03   1001.05    1990/05/05  12
      3   3    -34.90   39.29    999.18    1990/05/06  00
      3   4    -31.88   39.30    999.60    1990/05/06  12
      3   5    -28.61   38.16   1005.26    1990/05/07  00
      3   6    -25.45   36.90   1008.63    1990/05/07  12
      3   7    -21.76   34.60   1011.29    1990/05/08  00
 1990/05/05  12   Number of Storms Begun  2
      1   1      2.44  -59.42    970.73    1990/05/05  12
      1   2      2.52  -60.57    967.92    1990/05/06  00
      1   3      6.24  -61.05    973.51    1990/05/06  12
      1   4      8.01  -61.44    971.64    1990/05/07  00
      1   5      9.42  -61.18    974.48    1990/05/07  12
      1   6     11.17  -61.14    978.56    1990/05/08  00
      1   7     34.18  -63.03    982.83    1990/05/08  12
      1   8     48.31  -58.75    984.67    1990/05/09  00
      2   1   -131.01   52.00   1010.47    1990/05/05  12
      2   2   -127.02   56.16    996.12    1990/05/06  00
      2   3   -119.00   56.83    995.71    1990/05/06  12
      2   4   -105.98   50.66    992.76    1990/05/07  00
      2   5    -99.95   47.35    994.76    1990/05/07  12
      2   6    -95.79   45.98    996.40    1990/05/08  00
      2   7    -90.93   46.54   1001.41    1990/05/08  12
 1990/05/06  00   Number of Storms Begun  3
      1   1    162.73  -63.89    982.30    1990/05/06  00
      1   2    162.95  -63.45    983.19    1990/05/06  12
      1   3    165.15  -63.10    984.82    1990/05/07  00
      1   4    168.35  -62.03    985.85    1990/05/07  12
      2   1   -164.38  -49.66    995.99    1990/05/06  00
      2   2   -159.94  -50.87    994.34    1990/05/06  12
      2   3   -157.38  -53.01    991.49    1990/05/07  00
      2   4   -156.58  -56.57    984.59    1990/05/07  12
      2   5   -154.26  -57.55    984.70    1990/05/08  00
      3   1    153.66   52.06    991.71    1990/05/06  00
      3   2    161.09   53.17    990.09    1990/05/06  12
      3   3    168.21   53.91    989.22    1990/05/07  00
      3   4    172.88   53.77    989.61    1990/05/07  12
      3   5    176.51   53.60    990.82    1990/05/08  00
      3   6   -179.15   53.36    993.99    1990/05/08  12
      3   7   -176.68   53.55    999.52    1990/05/09  00
 1990/05/06  12   Number of Storms Begun  0
 1990/05/07  00   Number of Storms Begun  1
      1   1     82.35    9.03   1003.30    1990/05/07  00
      1   2     81.55    9.90   1000.80    1990/05/07  12
      1   3     82.65   11.79   1000.33    1990/05/08  00
      1   4     78.77   15.59    997.64    1990/05/08  12
      1   5     73.85   26.55    999.10    1990/05/09  00
 1990/05/07  12   Number of Storms Begun  2
      1   1     16.76   14.30   1001.99    1990/05/07  12
      1   2     16.08   15.53   1001.84    1990/05/08  00
      1   3     21.87   21.55   1002.29    1990/05/08  12
      1   4     25.43   21.94   1002.58    1990/05/09  00
      1   5     29.93   17.64   1003.23    1990/05/09  12
      2   1    116.38   48.65    989.55    1990/05/07  12
      2   2    123.68   52.03    992.41    1990/05/08  00
      2   3    126.42   50.46    993.04    1990/05/08  12
      2   4    131.09   51.90    997.11    1990/05/09  00
 1990/05/08  00   Number of Storms Begun  0
 1990/05/08  12   Number of Storms Begun  0
 1990/05/09  00   Number of Storms Begun  2
      1   1   -101.69   37.48    997.85    1990/05/09  00
      1   2    -93.61   40.03   1001.37    1990/05/09  12
      1   3    -87.59   42.07    997.66    1990/05/10  00
      1   4    -83.78   44.46    987.67    1990/05/10  12
      1   5    -78.31   47.31    987.88    1990/05/11  00
      1   6    -73.38   50.12    986.69    1990/05/11  12
      1   7    -68.97   56.23    984.06    1990/05/12  00
      1   8    -71.76   62.84    985.45    1990/05/12  12
      1   9    -79.87   65.04    989.70    1990/05/13  00
      1  10    -84.18   63.69    992.70    1990/05/13  12
      1  11    -84.78   63.48    998.95    1990/05/14  00
      2   1    151.40   42.46    996.22    1990/05/09  00
      2   2    159.40   44.74    990.64    1990/05/09  12
      2   3    168.21   47.31    981.77    1990/05/10  00
      2   4    174.29   49.36    980.11    1990/05/10  12
      2   5    178.66   52.99    980.09    1990/05/11  00
      2   6    178.24   54.82    981.90    1990/05/11  12
      2   7    175.53   54.83    985.32    1990/05/12  00
 1990/05/09  12   Number of Storms Begun  1
      1   1    119.00   47.16   1000.00    1990/05/09  12
      1   2    121.20   48.67    999.22    1990/05/10  00
      1   3    125.25   48.77    998.45    1990/05/10  12
      1   4    127.00   48.67    999.91    1990/05/11  00
      1   5    131.52   49.23   1000.85    1990/05/11  12
      1   6    131.96   50.17   1000.95    1990/05/12  00
 1990/05/10  00   Number of Storms Begun  1
      1   1   -154.49  -47.62    982.04    1990/05/10  00
      1   2   -148.01  -49.63    977.33    1990/05/10  12
      1   3   -142.89  -51.07    973.12    1990/05/11  00
      1   4   -139.19  -52.54    969.72    1990/05/11  12
      1   5   -135.87  -52.88    967.60    1990/05/12  00
      1   6   -129.70  -52.63    976.84    1990/05/12  12
      1   7   -110.55  -60.77    981.98    1990/05/13  00
      1   8   -109.89  -63.36    983.33    1990/05/13  12
      1   9   -112.00  -67.26    985.74    1990/05/14  00
 1990/05/10  12   Number of Storms Begun  4
      1   1   -154.32   36.48   1017.18    1990/05/10  12
      1   2   -152.61   37.00   1016.46    1990/05/11  00
      1   3   -150.28   37.56   1014.86    1990/05/11  12
      1   4   -147.35   35.12   1014.57    1990/05/12  00
      2   1   -118.08   39.62   1010.06    1990/05/10  12
      2   2   -106.70   38.79   1003.83    1990/05/11  00
      2   3   -103.58   38.24   1003.38    1990/05/11  12
      2   4   -101.57   35.83    998.01    1990/05/12  00
      2   5    -96.19   37.61   1002.61    1990/05/12  12
      2   6    -91.08   37.43   1005.39    1990/05/13  00
      2   7    -82.39   40.97   1008.19    1990/05/13  12
      2   8    -74.68   41.44   1010.44    1990/05/14  00
      2   9    -68.21   41.18   1012.19    1990/05/14  12
      2  10    -63.45   41.63   1011.57    1990/05/15  00
      2  11    -59.99   40.64   1012.10    1990/05/15  12
      2  12    -57.07   39.30   1013.12    1990/05/16  00
      2  13    -53.89   38.14   1013.73    1990/05/16  12
      2  14    -48.65   38.19   1012.29    1990/05/17  00
      2  15    -45.90   39.95   1006.79    1990/05/17  12
      2  16    -43.92   41.39   1002.52    1990/05/18  00
      3   1    100.32   44.25   1002.03    1990/05/10  12
      3   2    101.97   43.81   1005.43    1990/05/11  00
      3   3    106.95   40.73   1001.17    1990/05/11  12
      3   4    112.21   38.99   1003.68    1990/05/12  00
      3   5    115.02   36.63   1001.71    1990/05/12  12
      3   6    119.36   31.65   1005.85    1990/05/13  00
      4   1     73.65   58.50    987.45    1990/05/10  12
      4   2     79.35   63.18    979.25    1990/05/11  00
      4   3     82.75   68.12    979.81    1990/05/11  12
      4   4     77.67   71.14    978.94    1990/05/12  00
      4   5     74.87   71.14    979.21    1990/05/12  12
      4   6     74.16   71.11    982.07    1990/05/13  00
 1990/05/11  00   Number of Storms Begun  5
      1   1      8.82  -58.49    976.80    1990/05/11  00
      1   2     11.55  -60.31    977.47    1990/05/11  12
      1   3      9.93  -61.76    973.48    1990/05/12  00
      1   4      8.61  -62.13    973.31    1990/05/12  12
      1   5      6.89  -62.79    971.92    1990/05/13  00
      2   1     60.77  -48.08    966.92    1990/05/11  00
      2   2     67.42  -51.20    962.77    1990/05/11  12
      2   3     75.90  -55.34    960.85    1990/05/12  00
      2   4     81.18  -58.72    959.67    1990/05/12  12
      2   5     84.69  -60.27    958.38    1990/05/13  00
      2   6     85.98  -61.87    963.87    1990/05/13  12
      2   7     84.00  -64.45    968.75    1990/05/14  00
      3   1     69.28   -5.54   1001.97    1990/05/11  00
      3   2     67.53   -7.27   1001.15    1990/05/11  12
      3   3     65.44   -7.00   1001.76    1990/05/12  00
      3   4     64.03   -8.19   1001.80    1990/05/12  12
      3   5     63.50   -7.82   1002.29    1990/05/13  00
      3   6     62.91   -7.85   1002.07    1990/05/13  12
      3   7     62.58   -7.50   1002.71    1990/05/14  00
      4   1     -0.13   27.98   1003.60    1990/05/11  00
      4   2     -0.12   28.67   1003.05    1990/05/11  12
      4   3      8.23   31.30   1002.28    1990/05/12  00
      4   4     10.59   34.30   1005.25    1990/05/12  12
      5   1    -36.36   51.44   1004.19    1990/05/11  00
      5   2    -29.60   51.42    996.76    1990/05/11  12
      5   3    -26.54   49.92    993.92    1990/05/12  00
      5   4    -26.76   49.12    989.92    1990/05/12  12
      5   5    -27.76   47.18    992.66    1990/05/13  00
      5   6    -26.38   45.78    990.82    1990/05/13  12
      5   7    -24.17   45.77    993.76    1990/05/14  00
      5   8    -20.97   47.26    996.57    1990/05/14  12
      5   9    -16.91   50.32    997.69    1990/05/15  00
      5  10    -14.30   52.09   1001.04    1990/05/15  12
      5  11    -12.69   53.42   1006.18    1990/05/16  00
 1990/05/11  12   Number of Storms Begun  3
      1   1    179.21  -23.61   1008.47    1990/05/11  12
      1   2   -179.73  -25.11   1006.71    1990/05/12  00
      1   3   -179.03  -27.29   1004.30    1990/05/12  12
      1   4   -176.74  -30.75    998.42    1990/05/13  00
      1   5   -174.28  -34.08    993.58    1990/05/13  12
      2   1    178.16   -0.86   1007.60    1990/05/11  12
      2   2   -171.21   -0.87   1005.93    1990/05/12  00
      2   3   -161.29   -0.90   1005.94    1990/05/12  12
      2   4   -158.38   -0.66   1005.31    1990/05/13  00
      2   5   -146.48   -1.58   1006.84    1990/05/13  12
      3   1     16.32   14.40   1003.29    1990/05/11  12
      3   2     16.04   13.53   1005.38    1990/05/12  00
      3   3     14.79   13.61   1004.21    1990/05/12  12
      3   4     12.66   15.08   1005.97    1990/05/13  00
 1990/05/12  00   Number of Storms Begun  0
 1990/05/12  12   Number of Storms Begun  1
      1   1     73.52   26.50    994.85    1990/05/12  12
      1   2     73.76   27.44    996.30    1990/05/13  00
      1   3     73.28   28.22    992.51    1990/05/13  12
      1   4     73.20   28.21    995.58    1990/05/14  00
 1990/05/13  00   Number of Storms Begun  3
      1   1     32.63  -57.47    972.19    1990/05/13  00
      1   2     40.15  -56.76    968.01    1990/05/13  12
      1   3     46.90  -56.47    965.46    1990/05/14  00
      1   4     52.85  -56.88    965.54    1990/05/14  12
      1   5     70.16  -56.72    962.80    1990/05/15  00
      1   6     72.75  -59.98    958.95    1990/05/15  12
      1   7     70.90  -63.23    963.78    1990/05/16  00
      2   1   -177.67    0.30   1006.00    1990/05/13  00
      2   2   -167.62   -2.92   1006.75    1990/05/13  12
      2   3   -155.88   -1.16   1006.13    1990/05/14  00
      2   4   -143.87   -0.88   1006.92    1990/05/14  12
      2   5   -141.49    0.55   1006.57    1990/05/15  00
      3   1     74.16   71.11    982.07    1990/05/13  00
      3   2     77.88   71.55    987.80    1990/05/13  12
      3   3    102.52   75.91    985.92    1990/05/14  00
      3   4    110.19   78.82    979.69    1990/05/14  12
      3   5    110.10   80.31    979.88    1990/05/15  00
      3   6    106.38   81.12    983.26    1990/05/15  12
      3   7     98.49   82.74    983.40    1990/05/16  00
      3   8     78.39   83.49    984.38    1990/05/16  12
      3   9     67.09   81.16    989.89    1990/05/17  00
 1990/05/13  12   Number of Storms Begun  1
      1   1    162.20   47.19    997.88    1990/05/13  12
      1   2    168.94   48.11    994.66    1990/05/14  00
      1   3    174.57   48.61    989.28    1990/05/14  12
      1   4   -179.85   49.67    987.79    1990/05/15  00
      1   5   -177.63   51.75    987.35    1990/05/15  12
      1   6   -177.48   53.80    988.71    1990/05/16  00
 1990/05/14  00   Number of Storms Begun  5
      1   1      2.29  -63.39    969.89    1990/05/14  00
      1   2      1.53  -63.54    968.04    1990/05/14  12
      1   3     -1.59  -63.76    969.22    1990/05/15  00
      1   4     -4.57  -63.58    971.94    1990/05/15  12
      2   1   -113.63  -52.57    985.13    1990/05/14  00
      2   2   -107.27  -55.43    983.82    1990/05/14  12
      2   3   -103.86  -57.48    984.96    1990/05/15  00
      2   4   -103.51  -59.33    987.89    1990/05/15  12
      3   1     22.92   26.64   1006.10    1990/05/14  00
      3   2     27.21   26.46   1004.29    1990/05/14  12
      3   3     31.06   24.91   1003.72    1990/05/15  00
      3   4     31.01   19.14   1002.03    1990/05/15  12
      4   1    140.52   37.25   1005.98    1990/05/14  00
      4   2    145.21   36.96    999.51    1990/05/14  12
      4   3    151.31   38.82    990.58    1990/05/15  00
      4   4    156.72   40.75    988.29    1990/05/15  12
      4   5    164.30   43.46    987.86    1990/05/16  00
      4   6    169.63   46.24    988.93    1990/05/16  12
      4   7    174.95   49.07    987.10    1990/05/17  00
      4   8   -176.92   53.94    984.41    1990/05/17  12
      4   9   -168.08   56.21    987.43    1990/05/18  00
      4  10   -168.46   61.02    992.16    1990/05/18  12
      5   1     65.36   45.85    993.93    1990/05/14  00
      5   2     74.04   51.43    990.72    1990/05/14  12
      5   3     83.10   57.56    986.32    1990/05/15  00
      5   4     95.12   61.08    985.69    1990/05/15  12
      5   5    100.43   62.36    983.20    1990/05/16  00
      5   6    112.83   64.69    978.14    1990/05/16  12
      5   7    122.84   67.32    974.95    1990/05/17  00
      5   8    138.90   69.43    979.87    1990/05/17  12
      5   9    149.08   71.52    982.80    1990/05/18  00
      5  10    153.81   73.74    983.46    1990/05/18  12
      5  11    145.94   77.64    983.78    1990/05/19  00
      5  12    138.15   79.36    985.98    1990/05/19  12
      5  13    128.59   80.85    989.80    1990/05/20  00
 1990/05/14  12   Number of Storms Begun  1
      1   1     63.45   -7.26   1004.33    1990/05/14  12
      1   2     62.52   -7.98   1004.38    1990/05/15  00
      1   3     60.87   -9.56   1004.41    1990/05/15  12
      1   4     59.30   -9.32   1004.74    1990/05/16  00
      1   5     58.43   -9.71   1001.03    1990/05/16  12
      1   6     56.97   -8.63   1002.61    1990/05/17  00
      1   7     56.97   -8.01   1003.24    1990/05/17  12
      1   8     56.07   -7.32   1002.55    1990/05/18  00
 1990/05/15  00   Number of Storms Begun  1
      1   1    171.44  -61.71    968.38    1990/05/15  00
      1   2    175.00  -63.36    958.74    1990/05/15  12
      1   3    176.22  -64.45    961.05    1990/05/16  00
      1   4    178.21  -65.09    962.20    1990/05/16  12
      1   5   -176.30  -68.13    963.54    1990/05/17  00
      1   6   -171.28  -70.22    966.54    1990/05/17  12
      1   7   -168.72  -72.65    970.30    1990/05/18  00
      1   8   -165.63  -73.76    969.54    1990/05/18  12
      1   9   -166.09  -76.23    967.34    1990/05/19  00
      1  10   -166.66  -76.83    965.79    1990/05/19  12
      1  11   -167.00  -77.43    965.37    1990/05/20  00
      1  12   -168.55  -78.65    967.48    1990/05/20  12
      1  13   -168.10  -79.32    972.27    1990/05/21  00
      1  14   -168.00  -80.08    978.59    1990/05/21  12
 1990/05/15  12   Number of Storms Begun  3
      1   1     -4.57  -63.58    971.94    1990/05/15  12
      1   2     -1.69  -63.28    972.10    1990/05/16  00
      1   3      2.73  -64.21    977.61    1990/05/16  12
      1   4      5.24  -64.74    974.17    1990/05/17  00
      1   5     11.63  -66.32    973.13    1990/05/17  12
      1   6     18.05  -66.33    975.41    1990/05/18  00
      2   1    -48.44  -34.24   1010.05    1990/05/15  12
      2   2    -44.25  -34.86   1005.72    1990/05/16  00
      2   3    -38.42  -35.54   1001.31    1990/05/16  12
      2   4    -31.16  -36.68    993.91    1990/05/17  00
      2   5    -24.26  -37.72    991.14    1990/05/17  12
      2   6    -14.05  -38.68    985.12    1990/05/18  00
      2   7     -3.44  -41.06    977.82    1990/05/18  12
      2   8      4.07  -44.53    963.32    1990/05/19  00
      2   9      8.83  -47.44    957.49    1990/05/19  12
      2  10     13.40  -48.45    961.53    1990/05/20  00
      2  11     22.62  -57.65    967.19    1990/05/20  12
      2  12     25.46  -59.13    963.37    1990/05/21  00
      2  13     28.64  -59.16    963.31    1990/05/21  12
      2  14     32.96  -59.35    962.00    1990/05/22  00
      2  15     39.73  -60.99    965.46    1990/05/22  12
      2  16     44.20  -62.52    971.28    1990/05/23  00
      2  17     47.84  -63.05    974.89    1990/05/23  12
      2  18     52.35  -62.78    978.22    1990/05/24  00
      2  19     55.26  -62.13    981.91    1990/05/24  12
      3   1    -81.67   66.69   1008.24    1990/05/15  12
      3   2    -79.60   69.18   1008.59    1990/05/16  00
      3   3    -81.17   71.05   1011.96    1990/05/16  12
      3   4    -84.11   72.37   1016.85    1990/05/17  00
 1990/05/16  00   Number of Storms Begun  2
      1   1   -107.17  -50.02    985.83    1990/05/16  00
      1   2   -102.86  -54.14    980.98    1990/05/16  12
      1   3    -99.77  -56.37    974.12    1990/05/17  00
      1   4    -97.24  -57.30    975.68    1990/05/17  12
      1   5    -90.42  -58.79    975.55    1990/05/18  00
      1   6    -84.01  -59.54    970.33    1990/05/18  12
      1   7    -77.05  -58.88    971.11    1990/05/19  00
      1   8    -71.64  -58.76    971.05    1990/05/19  12
      1   9    -55.96  -55.29    973.39    1990/05/20  00
      1  10    -51.00  -55.55    975.94    1990/05/20  12
      2   1    -27.65   40.74   1005.46    1990/05/16  00
      2   2    -24.88   41.69   1005.18    1990/05/16  12
      2   3    -23.06   42.80   1007.01    1990/05/17  00
      2   4    -20.49   42.81   1008.35    1990/05/17  12
 1990/05/16  12   Number of Storms Begun  1
      1   1     81.34  -56.70    961.52    1990/05/16  12
      1   2     80.10  -63.17    962.72    1990/05/17  00
      1   3     74.43  -65.76    966.94    1990/05/17  12
      1   4     71.13  -66.29    969.37    1990/05/18  00
 1990/05/17  00   Number of Storms Begun  1
      1   1    -92.49   48.53    998.21    1990/05/17  00
      1   2    -88.36   49.08    994.29    1990/05/17  12
      1   3    -81.77   48.96    990.83    1990/05/18  00
      1   4    -79.57   49.44    989.81    1990/05/18  12
      1   5    -77.08   49.03    998.51    1990/05/19  00
 1990/05/17  12   Number of Storms Begun  1
      1   1    -48.05  -23.39   1012.58    1990/05/17  12
      1   2    -42.72  -25.06   1007.90    1990/05/18  00
      1   3    -40.34  -29.73   1004.29    1990/05/18  12
      1   4    -38.71  -32.39    996.51    1990/05/19  00
      1   5    -37.62  -32.91    997.11    1990/05/19  12
      1   6    -34.32  -32.88   1001.15    1990/05/20  00
 1990/05/18  00   Number of Storms Begun  3
      1   1    -43.92   41.39   1002.52    1990/05/18  00
      1   2    -43.76   41.20    999.26    1990/05/18  12
      1   3    -41.06   39.78   1000.48    1990/05/19  00
      1   4    -37.75   38.66   1003.32    1990/05/19  12
      2   1   -115.41   40.89   1004.87    1990/05/18  00
      2   2   -108.60   42.87   1005.15    1990/05/18  12
      2   3   -101.95   40.36    996.08    1990/05/19  00
      2   4    -96.53   40.87    996.72    1990/05/19  12
      3   1     53.66   68.96    994.52    1990/05/18  00
      3   2     63.48   70.95    992.93    1990/05/18  12
      3   3     70.10   73.54    990.17    1990/05/19  00
      3   4     75.15   74.54    990.84    1990/05/19  12
      3   5    128.59   80.85    989.80    1990/05/20  00
      3   6     73.32   77.20    990.99    1990/05/20  12
 1990/05/18  12   Number of Storms Begun  3
      1   1     33.54  -51.84    979.62    1990/05/18  12
      1   2     44.60  -53.14    981.45    1990/05/19  00
      1   3     57.93  -53.95    982.82    1990/05/19  12
      1   4     70.11  -55.91    981.46    1990/05/20  00
      1   5     78.58  -57.34    988.14    1990/05/20  12
      2   1   -122.02  -23.36   1005.84    1990/05/18  12
      2   2   -119.78  -26.39   1003.64    1990/05/19  00
      2   3   -118.42  -29.48    997.05    1990/05/19  12
      2   4   -113.69  -34.08    992.70    1990/05/20  00
      2   5   -110.45  -38.78    991.27    1990/05/20  12
      3   1     87.97   -8.38   1005.76    1990/05/18  12
      3   2     88.09   -9.48   1006.20    1990/05/19  00
      3   3     87.80   -9.82   1006.21    1990/05/19  12
      3   4     87.25  -10.88   1005.48    1990/05/20  00
 1990/05/19  00   Number of Storms Begun  0
 1990/05/19  12   Number of Storms Begun  3
      1   1     86.26  -31.92   1001.58    1990/05/19  12
      1   2     87.70  -35.29    997.44    1990/05/20  00
      1   3     89.48  -36.39    994.87    1990/05/20  12
      1   4     88.81  -44.34    989.92    1990/05/21  00
      1   5     90.28  -48.52    988.86    1990/05/21  12
      2   1    168.35   36.44   1014.42    1990/05/19  12
      2   2    169.58   38.98   1008.62    1990/05/20  00
      2   3    169.68   42.47   1000.39    1990/05/20  12
      2   4    170.49   42.97   1002.30    1990/05/21  00
      2   5    176.71   46.49   1004.27    1990/05/21  12
      2   6   -176.90   49.78   1001.69    1990/05/22  00
      2   7   -168.97   52.51    998.04    1990/05/22  12
      2   8   -162.97   53.41    996.45    1990/05/23  00
      2   9   -157.85   54.15    999.16    1990/05/23  12
      3   1    -60.60   42.78   1005.79    1990/05/19  12
      3   2    -53.87   42.31   1002.72    1990/05/20  00
      3   3    -51.82   43.13   1000.98    1990/05/20  12
      3   4    -52.31   44.29   1001.41    1990/05/21  00
 1990/05/20  00   Number of Storms Begun  3
      1   1   -109.97   40.83   1000.05    1990/05/20  00
      1   2    -99.29   33.89   1003.44    1990/05/20  12
      1   3    -99.35   33.66   1001.87    1990/05/21  00
      1   4    -98.46   28.35   1008.38    1990/05/21  12
      1   5   -106.34   26.36   1005.59    1990/05/22  00
      1   6   -111.79   25.67   1010.18    1990/05/22  12
      2   1    127.24   43.79    998.03    1990/05/20  00
      2   2    131.20   43.31    997.10    1990/05/20  12
      2   3    134.77   43.59   1000.13    1990/05/21  00
      2   4    143.46   44.30   1000.18    1990/05/21  12
      2   5    149.26   44.53    995.62    1990/05/22  00
      2   6    154.63   46.47    989.81    1990/05/22  12
      2   7    159.74   48.52    988.64    1990/05/23  00
      2   8    165.80   50.37    985.47    1990/05/23  12
      2   9    169.81   51.39    985.08    1990/05/24  00
      2  10    173.99   53.67    985.20    1990/05/24  12
      2  11    177.40   54.84    984.74    1990/05/25  00
      2  12   -178.85   55.77    986.18    1990/05/25  12
      2  13   -175.65   56.64    990.47    1990/05/26  00
      3   1   -177.68   65.00    998.45    1990/05/20  00
      3   2   -171.12   64.76   1000.71    1990/05/20  12
      3   3   -163.00   66.54    998.44    1990/05/21  00
      3   4   -161.87   66.79    997.67    1990/05/21  12
 1990/05/20  12   Number of Storms Begun  4
      1   1    160.51  -59.25    967.01    1990/05/20  12
      1   2    166.87  -60.72    961.28    1990/05/21  00
      1   3    170.78  -62.84    957.32    1990/05/21  12
      1   4    166.66  -64.65    961.96    1990/05/22  00
      1   5    159.44  -61.88    965.07    1990/05/22  12
      2   1   -118.82  -68.98    977.51    1990/05/20  12
      2   2    -96.37  -61.79    978.47    1990/05/21  00
      2   3    -85.88  -61.45    972.46    1990/05/21  12
      2   4    -73.14  -61.24    959.61    1990/05/22  00
      2   5    -72.50  -63.19    955.09    1990/05/22  12
      2   6    -70.16  -63.55    956.41    1990/05/23  00
      2   7    -67.25  -64.22    959.70    1990/05/23  12
      3   1    126.04  -13.22   1008.58    1990/05/20  12
      3   2    136.08  -22.20   1006.34    1990/05/21  00
      3   3    139.78  -24.25   1005.19    1990/05/21  12
      3   4    142.77  -27.32   1005.12    1990/05/22  00
      3   5    143.46  -31.52   1004.16    1990/05/22  12
      4   1     73.32   77.20    990.99    1990/05/20  12
      4   2     76.40   79.23    986.60    1990/05/21  00
      4   3     81.90   80.73    984.60    1990/05/21  12
      4   4     86.74   81.57    983.55    1990/05/22  00
 1990/05/21  00   Number of Storms Begun  2
      1   1    -25.15  -61.90    980.26    1990/05/21  00
      1   2    -17.44  -62.10    978.33    1990/05/21  12
      1   3    -14.13  -62.68    979.35    1990/05/22  00
      1   4     -8.14  -62.14    979.97    1990/05/22  12
      2   1    -52.31   44.29   1001.41    1990/05/21  00
      2   2    -45.66   42.67   1001.73    1990/05/21  12
      2   3    -43.66   43.11    999.78    1990/05/22  00
      2   4    -41.33   43.58    999.92    1990/05/22  12
      2   5    -39.68   46.06    997.77    1990/05/23  00
      2   6    -38.63   48.26    997.06    1990/05/23  12
      2   7    -39.60   49.78    998.60    1990/05/24  00
 1990/05/21  12   Number of Storms Begun  2
      1   1     90.28  -48.52    988.86    1990/05/21  12
      1   2     86.43  -41.00    992.63    1990/05/22  00
      1   3     86.62  -40.29    995.30    1990/05/22  12
      1   4     90.22  -39.77    998.35    1990/05/23  00
      2   1     71.74   28.70    996.42    1990/05/21  12
      2   2     72.67   28.27    997.64    1990/05/22  00
      2   3     72.75   28.12    996.90    1990/05/22  12
      2   4     73.58   28.32    998.05    1990/05/23  00
      2   5     82.65   22.71    997.79    1990/05/23  12
 1990/05/22  00   Number of Storms Begun  2
      1   1    -18.97   60.37   1012.11    1990/05/22  00
      1   2    -13.38   60.23   1008.86    1990/05/22  12
      1   3     -4.11   60.97   1008.51    1990/05/23  00
      1   4      3.28   61.70   1006.87    1990/05/23  12
      1   5     10.84   61.87   1005.53    1990/05/24  00
      1   6     15.91   60.62   1005.23    1990/05/24  12
      1   7     21.19   60.22   1003.01    1990/05/25  00
      1   8     30.99   60.81    999.56    1990/05/25  12
      1   9     42.40   61.79    996.90    1990/05/26  00
      1  10     55.29   63.26    995.57    1990/05/26  12
      1  11     69.72   64.38    991.06    1990/05/27  00
      1  12     81.48   66.09    991.14    1990/05/27  12
      1  13     92.61   69.69    984.93    1990/05/28  00
      1  14    104.58   71.47    984.03    1990/05/28  12
      1  15    112.97   72.75    983.39    1990/05/29  00
      1  16    120.10   73.05    984.33    1990/05/29  12
      2   1     86.74   81.57    983.55    1990/05/22  00
      2   2     86.97   81.54    983.51    1990/05/22  12
      2   3     92.26   81.35    986.62    1990/05/23  00
      2   4    112.32   82.13    988.35    1990/05/23  12
 1990/05/22  12   Number of Storms Begun  3
      1   1   -151.82  -67.54    954.39    1990/05/22  12
      1   2   -144.53  -69.60    951.79    1990/05/23  00
      1   3   -138.40  -70.57    953.30    1990/05/23  12
      1   4   -120.56  -69.60    962.79    1990/05/24  00
      1   5   -110.02  -68.80    967.92    1990/05/24  12
      1   6    -89.68  -66.65    969.22    1990/05/25  00
      1   7    -78.94  -65.85    973.20    1990/05/25  12
      1   8    -74.86  -64.96    980.72    1990/05/26  00
      2   1    159.44  -61.88    965.07    1990/05/22  12
      2   2    168.29  -59.48    963.87    1990/05/23  00
      2   3    173.33  -59.85    960.82    1990/05/23  12
      2   4   -178.56  -60.82    964.51    1990/05/24  00
      2   5   -162.54  -60.62    972.96    1990/05/24  12
      2   6   -143.44  -60.81    970.32    1990/05/25  00
      2   7   -130.74  -62.34    971.82    1990/05/25  12
      2   8   -120.70  -64.14    973.16    1990/05/26  00
      2   9   -113.39  -66.13    968.00    1990/05/26  12
      2  10   -107.51  -67.41    967.89    1990/05/27  00
      2  11   -100.26  -68.46    967.51    1990/05/27  12
      3   1    164.26   -2.37   1011.01    1990/05/22  12
      3   2    168.81    4.23   1010.83    1990/05/23  00
      3   3    169.08    4.20   1011.44    1990/05/23  12
      3   4   -179.31    8.43   1010.43    1990/05/24  00
 1990/05/23  00   Number of Storms Begun  0
 1990/05/23  12   Number of Storms Begun  2
      1   1    -27.49  -47.04    990.34    1990/05/23  12
      1   2    -23.80  -50.63    985.18    1990/05/24  00
      1   3    -18.94  -53.13    981.52    1990/05/24  12
      1   4    -12.55  -54.48    980.83    1990/05/25  00
      2   1     89.13  -32.58   1004.28    1990/05/23  12
      2   2     94.94  -32.97    999.42    1990/05/24  00
      2   3     98.97  -35.66    995.84    1990/05/24  12
      2   4    103.06  -39.15    995.19    1990/05/25  00
 1990/05/24  00   Number of Storms Begun  1
      1   1   -113.60   41.10    999.81    1990/05/24  00
      1   2   -111.37   46.66    999.75    1990/05/24  12
      1   3   -110.22   49.15    997.27    1990/05/25  00
      1   4   -112.63   51.48   1001.55    1990/05/25  12
 1990/05/24  12   Number of Storms Begun  4
      1   1    -55.47  -53.98    969.55    1990/05/24  12
      1   2    -47.67  -56.43    967.47    1990/05/25  00
      1   3    -42.08  -56.36    968.87    1990/05/25  12
      1   4    -33.79  -55.42    968.39    1990/05/26  00
      1   5    -28.37  -55.51    971.32    1990/05/26  12
      1   6    -10.41  -56.16    973.78    1990/05/27  00
      2   1    -55.66   40.29    998.09    1990/05/24  12
      2   2    -55.43   41.00    998.06    1990/05/25  00
      2   3    -43.42   46.53    999.05    1990/05/25  12
      2   4    -43.73   49.67    995.06    1990/05/26  00
      2   5    -46.01   51.14    994.86    1990/05/26  12
      2   6    -47.01   51.65    993.67    1990/05/27  00
      3   1    131.28   68.49    989.92    1990/05/24  12
      3   2    143.48   66.37    987.18    1990/05/25  00
      3   3    146.12   63.64    991.96    1990/05/25  12
      3   4    146.16   59.44    993.99    1990/05/26  00
      4   1     80.29   79.61    987.36    1990/05/24  12
      4   2     95.11   78.95    987.74    1990/05/25  00
      4   3     97.57   79.06    989.66    1990/05/25  12
      4   4    106.54   79.66    989.40    1990/05/26  00
      4   5    104.42   80.79    989.22    1990/05/26  12
      4   6    100.37   80.76    991.81    1990/05/27  00
 1990/05/25  00   Number of Storms Begun  0
 1990/05/25  12   Number of Storms Begun  2
      1   1    153.46  -64.68    958.19    1990/05/25  12
      1   2    153.38  -64.16    956.32    1990/05/26  00
      1   3    168.48  -59.69    958.33    1990/05/26  12
      1   4    174.42  -60.93    959.24    1990/05/27  00
      1   5    174.37  -63.02    966.45    1990/05/27  12
      1   6    169.89  -64.83    963.44    1990/05/28  00
      2   1    111.57   15.22   1007.21    1990/05/25  12
      2   2    111.67   16.19   1007.82    1990/05/26  00
      2   3    111.34   16.38   1005.63    1990/05/26  12
      2   4    111.10   16.81   1006.67    1990/05/27  00
 1990/05/26  00   Number of Storms Begun  0
 1990/05/26  12   Number of Storms Begun  3
      1   1   -153.66  -56.48    967.59    1990/05/26  12
      1   2   -148.25  -57.18    967.38    1990/05/27  00
      1   3   -137.52  -56.85    971.83    1990/05/27  12
      1   4   -121.96  -59.65    965.85    1990/05/28  00
      1   5   -109.58  -63.46    955.63    1990/05/28  12
      1   6    -99.89  -66.67    947.10    1990/05/29  00
      1   7    -96.46  -68.12    952.86    1990/05/29  12
      1   8    -91.44  -69.15    959.09    1990/05/30  00
      1   9    -89.03  -67.82    958.82    1990/05/30  12
      1  10    -84.36  -67.53    955.17    1990/05/31  00
      1  11    -83.74  -66.61    953.51    1990/05/31  12
      2   1     83.14   23.41    995.96    1990/05/26  12
      2   2     73.55   28.42    996.91    1990/05/27  00
      2   3     73.52   28.52    994.72    1990/05/27  12
      2   4     72.67   28.51    995.41    1990/05/28  00
      2   5     72.08   28.97    992.89    1990/05/28  12
      3   1    174.08   47.24    992.50    1990/05/26  12
      3   2   -176.68   49.19    990.56    1990/05/27  00
      3   3   -166.75   49.57    985.96    1990/05/27  12
      3   4   -159.58   51.40    979.14    1990/05/28  00
      3   5   -154.87   51.64    979.49    1990/05/28  12
      3   6   -151.00   52.81    986.98    1990/05/29  00
      3   7   -146.48   52.89    992.46    1990/05/29  12
      3   8   -137.00   48.09    998.00    1990/05/30  00
      3   9   -131.75   46.25    998.99    1990/05/30  12
 1990/05/27  00   Number of Storms Begun  0
 1990/05/27  12   Number of Storms Begun  1
      1   1    -50.64  -49.45    990.58    1990/05/27  12
      1   2    -44.88  -50.16    975.13    1990/05/28  00
      1   3    -37.84  -50.70    972.30    1990/05/28  12
      1   4    -26.34  -52.74    970.78    1990/05/29  00
      1   5    -17.63  -54.95    969.19    1990/05/29  12
      1   6    -11.29  -56.57    967.53    1990/05/30  00
      1   7     -5.47  -57.22    968.67    1990/05/30  12
      1   8      0.55  -56.28    967.23    1990/05/31  00
      1   9      7.83  -56.68    967.75    1990/05/31  12
      1  10     12.96  -57.85    973.06    1990/06/01  00
      1  11     19.47  -59.08    974.81    1990/06/01  12
      1  12     24.43  -68.87    978.85    1990/06/02  00
 1990/05/28  00   Number of Storms Begun  2
      1   1     95.39  -61.24    971.07    1990/05/28  00
      1   2    104.35  -61.66    973.92    1990/05/28  12
      1   3    116.12  -62.23    972.88    1990/05/29  00
      1   4    123.72  -63.89    971.43    1990/05/29  12
      1   5    131.17  -64.21    973.65    1990/05/30  00
      1   6    147.31  -64.99    978.55    1990/05/30  12
      1   7    154.82  -65.68    985.51    1990/05/31  00
      2   1   -163.52  -46.07    975.17    1990/05/28  00
      2   2   -156.46  -45.80    973.95    1990/05/28  12
      2   3   -151.24  -47.84    973.19    1990/05/29  00
      2   4   -144.48  -49.81    978.00    1990/05/29  12
      2   5   -135.69  -51.41    987.92    1990/05/30  00
 1990/05/28  12   Number of Storms Begun  1
      1   1    165.73  -62.25    965.05    1990/05/28  12
      1   2    176.14  -59.17    961.34    1990/05/29  00
      1   3    179.96  -59.54    964.04    1990/05/29  12
      1   4   -176.03  -55.76    975.89    1990/05/30  00
      1   5   -174.76  -55.38    979.21    1990/05/30  12
      1   6   -168.67  -54.52    983.55    1990/05/31  00
      1   7   -163.57  -55.76    983.04    1990/05/31  12
      1   8   -159.46  -52.34    981.23    1990/06/01  00
      1   9   -154.72  -53.27    978.08    1990/06/01  12
      1  10   -150.80  -54.56    978.44    1990/06/02  00
      1  11   -147.87  -56.98    978.21    1990/06/02  12
      1  12   -144.52  -57.89    974.44    1990/06/03  00
      1  13   -142.27  -57.56    973.95    1990/06/03  12
      1  14   -137.38  -55.97    977.77    1990/06/04  00
      1  15   -124.87  -58.88    978.85    1990/06/04  12
 1990/05/29  00   Number of Storms Begun  1
      1   1    -83.45   35.98   1003.93    1990/05/29  00
      1   2    -79.25   36.22   1001.67    1990/05/29  12
      1   3    -73.15   38.00    997.93    1990/05/30  00
      1   4    -65.44   42.47    990.72    1990/05/30  12
      1   5    -58.87   47.55    984.56    1990/05/31  00
      1   6    -53.49   51.39    976.21    1990/05/31  12
      1   7    -51.03   56.10    971.40    1990/06/01  00
      1   8    -50.56   58.22    971.41    1990/06/01  12
      1   9    -48.98   59.60    982.86    1990/06/02  00
 1990/05/29  12   Number of Storms Begun  0
 1990/05/30  00   Number of Storms Begun  3
      1   1     69.41  -60.06    977.04    1990/05/30  00
      1   2     79.09  -58.42    970.28    1990/05/30  12
      1   3     91.79  -58.15    965.28    1990/05/31  00
      1   4     98.09  -58.19    968.98    1990/05/31  12
      1   5    110.25  -58.37    971.85    1990/06/01  00
      1   6    118.86  -60.88    968.04    1990/06/01  12
      1   7    124.47  -62.93    961.78    1990/06/02  00
      2   1    151.37   27.67   1007.03    1990/05/30  00
      2   2    156.60   31.54   1001.18    1990/05/30  12
      2   3    159.52   34.24    997.90    1990/05/31  00
      2   4    161.51   35.85    996.65    1990/05/31  12
      2   5    164.30   36.94    999.47    1990/06/01  00
      2   6    168.29   38.98   1001.87    1990/06/01  12
      2   7    171.09   39.79   1004.73    1990/06/02  00
      2   8    178.59   42.27   1003.93    1990/06/02  12
      2   9   -174.88   42.35   1004.03    1990/06/03  00
      3   1    118.06   32.19   1003.48    1990/05/30  00
      3   2    119.78   33.19   1002.28    1990/05/30  12
      3   3    123.41   37.15   1002.05    1990/05/31  00
      3   4    125.61   40.69    998.17    1990/05/31  12
      3   5    130.18   43.21    999.19    1990/06/01  00
      3   6    130.69   46.25    998.49    1990/06/01  12
      3   7    126.36   48.74    999.34    1990/06/02  00
 1990/05/30  12   Number of Storms Begun  4
      1   1    157.10  -29.32   1012.78    1990/05/30  12
      1   2    151.74  -35.36   1006.24    1990/05/31  00
      1   3    154.05  -39.09    997.86    1990/05/31  12
      1   4    153.58  -43.72    987.73    1990/06/01  00
      1   5    152.56  -46.78    980.01    1990/06/01  12
      1   6    153.74  -49.59    981.15    1990/06/02  00
      2   1   -156.31   -1.54   1010.70    1990/05/30  12
      2   2   -153.90   -1.97   1009.67    1990/05/31  00
      2   3   -145.49   -3.58   1009.93    1990/05/31  12
      2   4   -138.70   -1.23   1009.30    1990/06/01  00
      2   5   -133.26    3.94   1008.79    1990/06/01  12
      2   6   -123.83   -0.57   1008.73    1990/06/02  00
      2   7   -122.19    1.38   1008.81    1990/06/02  12
      2   8   -121.77    1.52   1007.84    1990/06/03  00
      3   1   -170.01   51.82    982.17    1990/05/30  12
      3   2   -169.12   51.65    981.93    1990/05/31  00
      3   3   -165.06   50.34    984.54    1990/05/31  12
      3   4   -158.49   48.94    988.87    1990/06/01  00
      3   5   -151.87   49.29    988.35    1990/06/01  12
      3   6   -150.22   49.93    989.15    1990/06/02  00
      4   1    122.80   75.15    986.42    1990/05/30  12
      4   2    121.77   76.43    984.60    1990/05/31  00
      4   3    119.36   77.91    984.97    1990/05/31  12
      4   4    119.38   79.77    983.29    1990/06/01  00
      4   5    109.26   82.03    981.97    1990/06/01  12
      4   6    121.01   83.87    981.21    1990/06/02  00
 1990/05/31  00   Number of Storms Begun  0
 1990/05/31  12   Number of Storms Begun  0
 1990/06/01  00   Number of Storms Begun  0
 1990/06/01  12   Number of Storms Begun  0
 1990/06/02  00   Number of Storms Begun  5
      1   1     24.43  -68.87    978.85    1990/06/02  00
      1   2     29.23  -60.52    975.56    1990/06/02  12
      1   3     41.26  -58.81    971.12    1990/06/03  00
      1   4     54.68  -61.34    963.03    1990/06/03  12
      1   5     63.96  -60.72    961.39    1990/06/04  00
      1   6     72.21  -60.99    961.67    1990/06/04  12
      1   7     77.48  -62.29    960.97    1990/06/05  00
      1   8     79.86  -63.47    968.10    1990/06/05  12
      2   1     76.29  -43.81    989.36    1990/06/02  00
      2   2     82.63  -43.06    987.94    1990/06/02  12
      2   3     86.09  -41.67    991.42    1990/06/03  00
      2   4     93.27  -42.71    995.92    1990/06/03  12
      2   5     98.06  -44.00    998.70    1990/06/04  00
      3   1   -123.83   -0.57   1008.73    1990/06/02  00
      3   2   -135.95    0.60   1008.59    1990/06/02  12
      3   3   -143.80   -0.61   1007.25    1990/06/03  00
      3   4   -145.82    1.67   1008.63    1990/06/03  12
      4   1   -100.13   41.01    995.66    1990/06/02  00
      4   2    -96.47   46.18    993.23    1990/06/02  12
      4   3    -91.39   46.61    988.65    1990/06/03  00
      4   4    -87.01   46.95    987.73    1990/06/03  12
      4   5    -70.21   51.22    987.68    1990/06/04  00
      4   6    -62.38   53.44    986.17    1990/06/04  12
      5   1   -150.22   49.93    989.15    1990/06/02  00
      5   2   -149.91   48.49    993.77    1990/06/02  12
      5   3   -144.41   48.68    995.32    1990/06/03  00
      5   4   -142.41   49.41    995.69    1990/06/03  12
      5   5   -143.48   51.05   1002.81    1990/06/04  00
      5   6   -145.19   50.91   1008.18    1990/06/04  12
 1990/06/02  12   Number of Storms Begun  3
      1   1    -54.84  -57.03    969.16    1990/06/02  12
      1   2    -38.34  -60.74    966.36    1990/06/03  00
      1   3    -24.18  -62.86    960.70    1990/06/03  12
      1   4    -14.12  -63.75    957.60    1990/06/04  00
      1   5    -11.22  -63.47    955.61    1990/06/04  12
      1   6     -6.75  -63.07    952.67    1990/06/05  00
      1   7     -2.54  -62.49    956.78    1990/06/05  12
      1   8      1.00  -62.38    958.89    1990/06/06  00
      1   9      3.59  -62.21    961.01    1990/06/06  12
      2   1    105.34   45.85    996.51    1990/06/02  12
      2   2    111.15   45.89    989.91    1990/06/03  00
      2   3    116.44   45.99    986.57    1990/06/03  12
      2   4    118.21   47.34    988.91    1990/06/04  00
      3   1    -60.75   59.36    983.97    1990/06/02  12
      3   2    -53.96   61.38    986.19    1990/06/03  00
      3   3    -46.74   60.92    983.13    1990/06/03  12
      3   4    -40.64   61.70    982.76    1990/06/04  00
      3   5    -32.35   61.25    986.61    1990/06/04  12
      3   6    -23.74   61.31    989.94    1990/06/05  00
      3   7    -16.88   61.16    990.70    1990/06/05  12
      3   8    -16.11   60.94    994.48    1990/06/06  00
      3   9     -8.46   56.80    995.78    1990/06/06  12
      3  10     -4.02   58.08    995.33    1990/06/07  00
      3  11     -3.94   59.08    994.38    1990/06/07  12
 1990/06/03  00   Number of Storms Begun  4
      1   1   -155.84  -80.60    993.82    1990/06/03  00
      1   2   -165.05  -80.61    994.79    1990/06/03  12
      1   3   -170.39  -80.59    992.01    1990/06/04  00
      1   4   -173.31  -80.42    992.16    1990/06/04  12
      2   1    119.37  -65.86    967.67    1990/06/03  00
      2   2    134.42  -63.00    979.34    1990/06/03  12
      2   3    150.81  -64.16    982.89    1990/06/04  00
      2   4    153.64  -65.37    977.41    1990/06/04  12
      2   5    154.43  -66.31    971.91    1990/06/05  00
      2   6    153.10  -66.97    973.90    1990/06/05  12
      3   1   -102.08   11.86   1006.20    1990/06/03  00
      3   2   -104.76   11.84   1007.78    1990/06/03  12
      3   3   -106.70   12.88   1006.33    1990/06/04  00
      3   4   -109.04   14.54   1006.54    1990/06/04  12
      4   1    150.03   47.23    999.75    1990/06/03  00
      4   2    153.62   44.39    999.55    1990/06/03  12
      4   3    158.56   43.70   1000.83    1990/06/04  00
      4   4    159.87   45.05   1002.21    1990/06/04  12
      4   5    157.67   47.14   1003.37    1990/06/05  00
      4   6    156.32   48.28   1003.25    1990/06/05  12
 1990/06/03  12   Number of Storms Begun  1
      1   1   -162.25   -5.51   1008.23    1990/06/03  12
      1   2   -150.73   -4.32   1007.44    1990/06/04  00
      1   3   -139.65   -4.80   1008.28    1990/06/04  12
      1   4   -129.86   -1.61   1006.80    1990/06/05  00
      1   5   -127.79   -1.23   1007.84    1990/06/05  12
      1   6   -125.81    0.05   1007.01    1990/06/06  00
 1990/06/04  00   Number of Storms Begun  0
 1990/06/04  12   Number of Storms Begun  1
      1   1     31.59   54.39    998.91    1990/06/04  12
      1   2     31.04   56.92    994.35    1990/06/05  00
      1   3     30.81   57.69    993.79    1990/06/05  12
      1   4     54.29   63.75    994.03    1990/06/06  00
      1   5     59.80   64.29    993.85    1990/06/06  12
      1   6     64.25   64.98    995.48    1990/06/07  00
 1990/06/05  00   Number of Storms Begun  2
      1   1   -176.62  -39.42   1004.66    1990/06/05  00
      1   2   -175.56  -42.92    996.19    1990/06/05  12
      1   3   -173.78  -46.86    991.17    1990/06/06  00
      1   4   -173.89  -53.83    989.98    1990/06/06  12
      2   1   -107.84   53.69    997.39    1990/06/05  00
      2   2   -100.69   52.11    995.20    1990/06/05  12
      2   3    -93.94   51.15    994.08    1990/06/06  00
      2   4    -87.34   51.21    996.03    1990/06/06  12
      2   5    -80.68   52.69    998.37    1990/06/07  00
 1990/06/05  12   Number of Storms Begun  4
      1   1   -118.91  -58.74    985.96    1990/06/05  12
      1   2   -111.83  -59.45    986.08    1990/06/06  00
      1   3    -99.33  -58.70    982.81    1990/06/06  12
      1   4    -86.79  -58.94    986.32    1990/06/07  00
      2   1    141.30  -11.26   1009.99    1990/06/05  12
      2   2    147.99  -15.21   1008.61    1990/06/06  00
      2   3    151.29  -16.06   1007.92    1990/06/06  12
      2   4    153.91  -17.43   1006.79    1990/06/07  00
      2   5    156.29  -19.11   1006.13    1990/06/07  12
      2   6    158.64  -20.51   1003.50    1990/06/08  00
      2   7    161.53  -20.92   1002.52    1990/06/08  12
      2   8    165.95  -21.90   1001.92    1990/06/09  00
      2   9    169.46  -22.58   1000.85    1990/06/09  12
      2  10    173.92  -24.34   1000.94    1990/06/10  00
      2  11    178.26  -26.65    997.60    1990/06/10  12
      2  12   -176.70  -29.10    996.77    1990/06/11  00
      2  13   -169.60  -33.45    998.00    1990/06/11  12
      2  14   -163.37  -36.35    994.98    1990/06/12  00
      2  15   -159.82  -37.72    993.02    1990/06/12  12
      2  16   -156.83  -39.35    991.55    1990/06/13  00
      2  17   -154.79  -40.81    989.16    1990/06/13  12
      2  18   -153.32  -41.49    986.42    1990/06/14  00
      2  19   -151.75  -42.16    986.42    1990/06/14  12
      2  20   -150.20  -42.69    987.29    1990/06/15  00
      2  21   -146.85  -43.01    989.97    1990/06/15  12
      2  22   -143.88  -43.66    989.87    1990/06/16  00
      2  23   -139.47  -43.09    992.91    1990/06/16  12
      2  24   -133.07  -41.69    989.93    1990/06/17  00
      2  25   -127.59  -39.72    987.45    1990/06/17  12
      2  26   -124.31  -39.08    986.39    1990/06/18  00
      2  27   -120.84  -39.66    987.83    1990/06/18  12
      2  28   -117.27  -40.97    989.86    1990/06/19  00
      2  29   -103.56  -44.24    993.19    1990/06/19  12
      2  30    -91.47  -47.69    989.63    1990/06/20  00
      3   1    -61.57   49.39    997.56    1990/06/05  12
      3   2    -58.89   50.81   1002.05    1990/06/06  00
      3   3    -56.22   50.44   1004.03    1990/06/06  12
      3   4    -51.34   53.17   1001.65    1990/06/07  00
      3   5    -48.42   57.02    996.90    1990/06/07  12
      3   6    -49.74   59.52    999.39    1990/06/08  00
      4   1    114.80   42.46    996.75    1990/06/05  12
      4   2    117.57   50.52   1001.02    1990/06/06  00
      4   3    117.95   51.63    999.44    1990/06/06  12
      4   4    119.29   53.24    998.42    1990/06/07  00
      4   5    122.85   53.01   1000.06    1990/06/07  12
      4   6    124.89   52.69    999.57    1990/06/08  00
 1990/06/06  00   Number of Storms Begun  4
      1   1    -61.71  -50.20    984.49    1990/06/06  00
      1   2    -55.40  -49.39    980.69    1990/06/06  12
      1   3    -51.96  -49.71    978.86    1990/06/07  00
      1   4    -50.72  -50.00    975.61    1990/06/07  12
      2   1    106.81   28.78   1001.62    1990/06/06  00
      2   2    107.75   25.80   1000.61    1990/06/06  12
      2   3    109.01   25.17   1002.41    1990/06/07  00
      2   4    117.50   30.59   1002.03    1990/06/07  12
      2   5    121.74   32.19    997.49    1990/06/08  00
      2   6    125.90   35.88    993.73    1990/06/08  12
      2   7    128.69   41.44    986.53    1990/06/09  00
      2   8    128.03   45.40    983.02    1990/06/09  12
      2   9    127.82   46.52    986.42    1990/06/10  00
      3   1    154.89   35.44   1003.33    1990/06/06  00
      3   2    169.93   39.32   1004.08    1990/06/06  12
      3   3    174.07   40.29    998.67    1990/06/07  00
      3   4    177.51   42.18    995.31    1990/06/07  12
      3   5    179.61   44.55    993.18    1990/06/08  00
      3   6   -177.10   46.25    991.99    1990/06/08  12
      3   7   -175.42   47.24    992.11    1990/06/09  00
      3   8   -170.79   48.66    991.85    1990/06/09  12
      3   9   -165.16   50.33    993.35    1990/06/10  00
      3  10   -159.39   53.29    996.68    1990/06/10  12
      3  11   -153.38   55.56    999.82    1990/06/11  00
      4   1    -94.94   75.22    992.18    1990/06/06  00
      4   2   -110.33   72.27    994.78    1990/06/06  12
      4   3   -110.79   71.53    997.03    1990/06/07  00
      4   4    -87.87   67.51   1000.08    1990/06/07  12
 1990/06/06  12   Number of Storms Begun  2
      1   1     39.51  -56.63    961.58    1990/06/06  12
      1   2     38.50  -58.90    957.56    1990/06/07  00
      1   3     34.45  -60.44    959.75    1990/06/07  12
      1   4     30.38  -61.16    960.32    1990/06/08  00
      1   5     29.02  -60.70    961.03    1990/06/08  12
      2   1    104.78  -46.61    978.22    1990/06/06  12
      2   2    109.54  -50.90    975.72    1990/06/07  00
      2   3    113.31  -52.86    972.98    1990/06/07  12
      2   4    113.08  -53.56    976.39    1990/06/08  00
 1990/06/07  00   Number of Storms Begun  3
      1   1    139.61  -62.74    979.05    1990/06/07  00
      1   2    154.54  -64.53    971.89    1990/06/07  12
      1   3    171.18  -67.21    971.61    1990/06/08  00
      1   4   -174.27  -70.96    969.59    1990/06/08  12
      1   5   -165.19  -73.59    968.03    1990/06/09  00
      1   6   -149.05  -73.55    971.45    1990/06/09  12
      1   7   -117.46  -70.47    970.63    1990/06/10  00
      1   8   -107.64  -70.90    966.48    1990/06/10  12
      1   9    -97.20  -70.17    964.26    1990/06/11  00
      1  10    -92.70  -70.38    952.97    1990/06/11  12
      2   1   -119.47  -42.68   1000.59    1990/06/07  00
      2   2   -115.77  -44.39    998.56    1990/06/07  12
      2   3   -113.96  -46.98    998.09    1990/06/08  00
      2   4   -115.67  -48.05    998.37    1990/06/08  12
      3   1   -102.93   10.63   1007.76    1990/06/07  00
      3   2   -103.61   11.47   1008.76    1990/06/07  12
      3   3   -104.59   10.95   1008.12    1990/06/08  00
      3   4   -106.79   13.62   1008.14    1990/06/08  12
 1990/06/07  12   Number of Storms Begun  5
      1   1   -141.30  -80.72    978.07    1990/06/07  12
      1   2   -130.07  -71.00    980.07    1990/06/08  00
      1   3   -106.21  -70.99    975.69    1990/06/08  12
      1   4    -92.46  -71.73    977.89    1990/06/09  00
      1   5    -82.77  -72.34    977.15    1990/06/09  12
      2   1    -50.72  -50.00    975.61    1990/06/07  12
      2   2    -51.53  -48.94    978.89    1990/06/08  00
      2   3    -49.63  -47.40    983.30    1990/06/08  12
      2   4    -43.77  -46.56    985.18    1990/06/09  00
      2   5    -35.19  -46.82    989.15    1990/06/09  12
      2   6    -30.70  -47.54    978.62    1990/06/10  00
      2   7    -24.95  -50.15    976.50    1990/06/10  12
      2   8    -19.21  -52.43    973.91    1990/06/11  00
      2   9    -17.18  -52.74    974.65    1990/06/11  12
      2  10    -13.45  -52.55    982.21    1990/06/12  00
      2  11    -11.22  -51.83    984.99    1990/06/12  12
      3   1     93.80   -8.54   1006.69    1990/06/07  12
      3   2     93.34  -10.15   1007.22    1990/06/08  00
      3   3     91.20  -10.18   1005.06    1990/06/08  12
      3   4     89.46   -9.97   1007.47    1990/06/09  00
      3   5     88.59   -9.12   1007.57    1990/06/09  12
      3   6     88.64   -9.01   1007.73    1990/06/10  00
      4   1     49.08   56.74    997.10    1990/06/07  12
      4   2     53.53   57.21    994.61    1990/06/08  00
      4   3     57.27   58.63    992.43    1990/06/08  12
      4   4     59.05   60.70    990.61    1990/06/09  00
      4   5     61.56   60.66    991.23    1990/06/09  12
      4   6     66.27   60.29    990.24    1990/06/10  00
      5   1    -87.87   67.51   1000.08    1990/06/07  12
      5   2    -90.66   70.68    998.75    1990/06/08  00
      5   3    -86.50   71.23   1000.62    1990/06/08  12
      5   4    -81.17   72.57    997.16    1990/06/09  00
      5   5    -84.33   74.65    998.98    1990/06/09  12
      5   6    -93.35   76.80   1001.27    1990/06/10  00
 1990/06/08  00   Number of Storms Begun  2
      1   1    113.08  -53.56    976.39    1990/06/08  00
      1   2    115.88  -53.71    980.34    1990/06/08  12
      1   3    130.03  -56.96    975.41    1990/06/09  00
      1   4    135.20  -61.15    972.61    1990/06/09  12
      1   5    142.22  -64.49    975.32    1990/06/10  00
      1   6    157.88  -68.45    985.27    1990/06/10  12
      1   7    163.01  -70.59    981.17    1990/06/11  00
      1   8    165.69  -71.40    977.37    1990/06/11  12
      1   9   -164.93  -73.06    966.38    1990/06/12  00
      1  10   -156.36  -72.57    960.60    1990/06/12  12
      1  11   -148.12  -73.33    963.41    1990/06/13  00
      1  12   -137.01  -70.60    966.64    1990/06/13  12
      1  13   -120.74  -68.11    962.64    1990/06/14  00
      1  14   -103.18  -69.00    953.06    1990/06/14  12
      1  15    -96.12  -70.62    946.42    1990/06/15  00
      2   1   -157.51  -40.36    987.53    1990/06/08  00
      2   2   -154.47  -42.48    988.01    1990/06/08  12
      2   3   -156.37  -44.89    990.85    1990/06/09  00
      2   4   -160.69  -46.19    992.76    1990/06/09  12
 1990/06/08  12   Number of Storms Begun  1
      1   1   -115.67  -48.05    998.37    1990/06/08  12
      1   2   -116.11  -47.26    998.92    1990/06/09  00
      1   3   -114.06  -45.79    997.36    1990/06/09  12
      1   4   -111.23  -45.40    997.23    1990/06/10  00
 1990/06/09  00   Number of Storms Begun  1
      1   1    -51.43   46.24   1006.65    1990/06/09  00
      1   2    -45.38   47.94   1005.65    1990/06/09  12
      1   3    -42.57   50.17   1005.36    1990/06/10  00
      1   4    -42.01   53.41   1001.49    1990/06/10  12
      1   5    -42.93   55.80   1001.40    1990/06/11  00
      1   6    -41.09   57.22   1006.01    1990/06/11  12
 1990/06/09  12   Number of Storms Begun  3
      1   1    -84.15   48.11   1005.28    1990/06/09  12
      1   2    -76.35   46.56   1007.02    1990/06/10  00
      1   3    -71.71   42.55   1007.90    1990/06/10  12
      1   4    -68.15   41.01   1006.18    1990/06/11  00
      1   5    -64.13   40.55   1004.07    1990/06/11  12
      1   6    -61.43   40.43   1003.38    1990/06/12  00
      2   1    167.30   74.27   1005.61    1990/06/09  12
      2   2    168.69   70.29   1001.88    1990/06/10  00
      2   3    172.38   68.64    998.68    1990/06/10  12
      2   4    176.10   67.57    999.06    1990/06/11  00
      3   1   -130.95   65.60   1005.03    1990/06/09  12
      3   2   -118.08   64.67   1001.92    1990/06/10  00
      3   3   -105.83   66.41    997.40    1990/06/10  12
      3   4    -93.79   69.10    999.28    1990/06/11  00
      3   5    -86.91   71.20    999.12    1990/06/11  12
      3   6    -85.06   72.35    998.88    1990/06/12  00
      3   7    -87.01   73.56    999.32    1990/06/12  12
 1990/06/10  00   Number of Storms Begun  0
 1990/06/10  12   Number of Storms Begun  1
      1   1     58.70  -61.05    966.62    1990/06/10  12
      1   2     66.49  -60.61    969.94    1990/06/11  00
      1   3     69.11  -60.98    975.16    1990/06/11  12
      1   4     73.51  -61.19    978.17    1990/06/12  00
 1990/06/11  00   Number of Storms Begun  2
      1   1   -113.92    8.54   1007.95    1990/06/11  00
      1   2   -115.16   12.58   1008.51    1990/06/11  12
      1   3   -115.37   13.12   1008.42    1990/06/12  00
      1   4   -118.04   13.21   1009.37    1990/06/12  12
      1   5   -118.59   13.07   1009.44    1990/06/13  00
      1   6   -119.81   13.15   1008.72    1990/06/13  12
      2   1   -173.63   33.15   1010.48    1990/06/11  00
      2   2   -170.63   34.59   1007.57    1990/06/11  12
      2   3   -168.77   37.59   1007.23    1990/06/12  00
      2   4   -166.36   43.44   1009.03    1990/06/12  12
      2   5   -163.41   48.12   1007.27    1990/06/13  00
      2   6   -160.20   52.16   1005.86    1990/06/13  12
      2   7   -157.18   56.27   1003.55    1990/06/14  00
 1990/06/11  12   Number of Storms Begun  2
      1   1     28.65   46.31   1003.56    1990/06/11  12
      1   2     31.19   48.78   1000.10    1990/06/12  00
      1   3     33.56   49.91    997.12    1990/06/12  12
      1   4     36.06   50.70    995.41    1990/06/13  00
      1   5     38.43   51.79    996.02    1990/06/13  12
      1   6     41.24   54.15    996.38    1990/06/14  00
      1   7     43.97   57.98    997.23    1990/06/14  12
      1   8     44.19   60.56    997.83    1990/06/15  00
      1   9     42.94   62.98   1001.49    1990/06/15  12
      1  10     42.60   64.77   1004.96    1990/06/16  00
      2   1    153.91   52.30    994.31    1990/06/11  12
      2   2    157.74   52.26    992.90    1990/06/12  00
      2   3    161.76   52.62    996.08    1990/06/12  12
      2   4    167.80   51.42    999.95    1990/06/13  00
 1990/06/12  00   Number of Storms Begun  3
      1   1   -129.15  -37.35    995.75    1990/06/12  00
      1   2   -127.27  -34.98    997.44    1990/06/12  12
      1   3   -118.81  -34.61    994.81    1990/06/13  00
      1   4   -116.33  -37.13    992.94    1990/06/13  12
      1   5   -113.19  -38.73    992.63    1990/06/14  00
      1   6   -109.25  -40.99    992.70    1990/06/14  12
      2   1    158.67    6.29   1008.69    1990/06/12  00
      2   2    162.66    4.33   1008.90    1990/06/12  12
      2   3    163.27    2.16   1008.49    1990/06/13  00
      2   4    169.91   -3.23   1009.18    1990/06/13  12
      3   1    -61.43   40.43   1003.38    1990/06/12  00
      3   2    -63.35   37.60   1004.18    1990/06/12  12
      3   3    -64.70   34.55   1007.82    1990/06/13  00
      3   4    -65.71   33.84   1008.83    1990/06/13  12
      3   5    -66.44   33.40   1009.62    1990/06/14  00
      3   6    -67.17   33.89   1011.44    1990/06/14  12
 1990/06/12  12   Number of Storms Begun  2
      1   1     70.72  -55.80    966.26    1990/06/12  12
      1   2     81.19  -60.02    953.91    1990/06/13  00
      1   3     84.83  -63.06    952.90    1990/06/13  12
      1   4     80.13  -64.68    967.22    1990/06/14  00
      2   1     80.63   60.87    993.89    1990/06/12  12
      2   2     78.82   63.99    993.21    1990/06/13  00
      2   3     84.49   70.32    997.54    1990/06/13  12
      2   4     84.89   71.10    999.14    1990/06/14  00
 1990/06/13  00   Number of Storms Begun  4
      1   1     15.40  -50.00    980.71    1990/06/13  00
      1   2     28.84  -51.68    971.66    1990/06/13  12
      1   3     38.47  -52.01    972.29    1990/06/14  00
      1   4     50.33  -51.77    975.26    1990/06/14  12
      2   1    120.03   44.90    999.14    1990/06/13  00
      2   2    123.12   45.44    998.83    1990/06/13  12
      2   3    125.83   47.83    999.81    1990/06/14  00
      2   4    126.38   49.26   1000.48    1990/06/14  12
      3   1    -44.10   48.23   1008.21    1990/06/13  00
      3   2    -36.82   51.20   1002.89    1990/06/13  12
      3   3    -30.00   55.10    992.52    1990/06/14  00
      3   4    -27.49   58.33    980.46    1990/06/14  12
      3   5    -28.17   59.64    978.63    1990/06/15  00
      3   6    -28.90   60.17    987.86    1990/06/15  12
      4   1    -87.26   55.62    993.03    1990/06/13  00
      4   2    -83.64   57.23    990.56    1990/06/13  12
      4   3    -78.88   59.69    989.82    1990/06/14  00
      4   4    -75.82   63.56    984.14    1990/06/14  12
      4   5    -80.74   66.89    981.92    1990/06/15  00
      4   6    -84.63   66.67    983.11    1990/06/15  12
 1990/06/13  12   Number of Storms Begun  1
      1   1    -59.10  -52.15    982.47    1990/06/13  12
      1   2    -51.79  -50.97    980.17    1990/06/14  00
      1   3    -47.86  -51.67    981.10    1990/06/14  12
      1   4    -43.24  -52.36    983.59    1990/06/15  00
      1   5    -37.28  -57.43    986.82    1990/06/15  12
 1990/06/14  00   Number of Storms Begun  3
      1   1    149.53  -64.46    986.72    1990/06/14  00
      1   2    161.54  -63.28    983.52    1990/06/14  12
      1   3    171.94  -63.14    976.73    1990/06/15  00
      1   4   -179.56  -62.97    971.23    1990/06/15  12
      1   5   -171.62  -63.87    971.09    1990/06/16  00
      1   6   -156.78  -66.42    971.53    1990/06/16  12
      1   7   -143.52  -67.90    968.36    1990/06/17  00
      1   8   -133.64  -70.22    963.08    1990/06/17  12
      1   9   -119.90  -71.27    967.72    1990/06/18  00
      1  10    -99.19  -72.41    970.61    1990/06/18  12
      2   1     86.67   20.55    995.64    1990/06/14  00
      2   2     84.00   21.99    994.20    1990/06/14  12
      2   3     83.27   22.17    996.99    1990/06/15  00
      2   4     82.14   21.74    995.22    1990/06/15  12
      3   1    168.50   53.13   1003.98    1990/06/14  00
      3   2    169.07   52.84   1002.01    1990/06/14  12
      3   3   -179.00   49.04    999.85    1990/06/15  00
      3   4   -174.66   51.88    994.17    1990/06/15  12
      3   5   -169.10   54.67    991.66    1990/06/16  00
      3   6   -166.00   56.85    993.78    1990/06/16  12
      3   7   -163.98   57.76    997.84    1990/06/17  00
 1990/06/14  12   Number of Storms Begun  1
      1   1     74.77  -48.71    978.23    1990/06/14  12
      1   2     77.51  -51.82    962.79    1990/06/15  00
      1   3     78.77  -52.78    951.11    1990/06/15  12
      1   4     81.09  -52.84    952.15    1990/06/16  00
      1   5     85.89  -53.73    959.44    1990/06/16  12
      1   6     91.95  -60.23    959.46    1990/06/17  00
      1   7     92.19  -61.28    965.90    1990/06/17  12
 1990/06/15  00   Number of Storms Begun  2
      1   1    114.52   14.69   1002.76    1990/06/15  00
      1   2    113.45   15.73   1000.07    1990/06/15  12
      1   3    113.43   16.68    998.08    1990/06/16  00
      1   4    112.59   17.25    998.16    1990/06/16  12
      1   5    111.65   19.01    996.49    1990/06/17  00
      1   6    110.86   19.35    998.00    1990/06/17  12
      1   7    109.01   20.43    998.67    1990/06/18  00
      1   8    106.78   21.76    999.56    1990/06/18  12
      2   1     97.50   61.04   1001.75    1990/06/15  00
      2   2     99.51   61.05   1001.38    1990/06/15  12
      2   3    100.69   62.95   1002.38    1990/06/16  00
      2   4    112.40   68.36    999.79    1990/06/16  12
      2   5    124.50   70.30    996.52    1990/06/17  00
      2   6    133.76   70.64    992.51    1990/06/17  12
      2   7    147.74   70.29    991.21    1990/06/18  00
      2   8    173.03   68.34    988.09    1990/06/18  12
      2   9   -176.91   70.89    992.82    1990/06/19  00
      2  10    178.30   74.58    993.21    1990/06/19  12
      2  11    174.75   74.90    994.24    1990/06/20  00
 1990/06/15  12   Number of Storms Begun  4
      1   1    102.17   42.19    997.09    1990/06/15  12
      1   2    106.55   44.94    998.72    1990/06/16  00
      1   3    111.58   45.07    995.06    1990/06/16  12
      1   4    114.60   48.10    997.27    1990/06/17  00
      1   5    116.96   49.38    995.29    1990/06/17  12
      1   6    118.78   50.84    993.51    1990/06/18  00
      1   7    120.17   51.20    993.73    1990/06/18  12
      1   8    121.89   52.58    991.74    1990/06/19  00
      1   9    126.41   52.20    993.72    1990/06/19  12
      1  10    129.36   53.46    995.07    1990/06/20  00
      2   1    -28.90   60.17    987.86    1990/06/15  12
      2   2    -29.21   60.04    993.22    1990/06/16  00
      2   3    -29.47   60.09    994.09    1990/06/16  12
      2   4    -29.76   61.06    995.48    1990/06/17  00
      3   1    -84.63   66.67    983.11    1990/06/15  12
      3   2    -81.41   64.61    986.36    1990/06/16  00
      3   3    -77.75   64.41    990.42    1990/06/16  12
      3   4    -75.63   64.53    994.89    1990/06/17  00
      3   5    -69.57   62.74    999.13    1990/06/17  12
      3   6    -59.02   60.10    998.23    1990/06/18  00
      3   7    -57.33   61.09    997.58    1990/06/18  12
      4   1   -179.06   77.97    989.42    1990/06/15  12
      4   2    177.39   78.32    990.90    1990/06/16  00
      4   3    171.65   77.65    993.54    1990/06/16  12
      4   4    169.80   77.00    995.65    1990/06/17  00
 1990/06/16  00   Number of Storms Begun  5
      1   1    -36.34  -53.29    989.88    1990/06/16  00
      1   2    -28.72  -59.41    986.80    1990/06/16  12
      1   3    -20.09  -61.10    981.98    1990/06/17  00
      1   4     -9.85  -60.36    980.10    1990/06/17  12
      1   5     11.13  -60.58    970.72    1990/06/18  00
      1   6     21.95  -60.26    965.50    1990/06/18  12
      1   7     30.26  -60.64    963.34    1990/06/19  00
      1   8     35.03  -60.69    961.53    1990/06/19  12
      1   9     38.97  -59.84    959.48    1990/06/20  00
      1  10     43.48  -59.04    967.37    1990/06/20  12
      1  11     56.48  -58.31    970.40    1990/06/21  00
      1  12     57.88  -57.07    971.29    1990/06/21  12
      1  13     67.53  -57.39    965.85    1990/06/22  00
      1  14     78.54  -58.58    958.77    1990/06/22  12
      1  15     89.71  -59.80    957.91    1990/06/23  00
      1  16    100.66  -59.81    960.97    1990/06/23  12
      1  17    115.22  -59.72    961.16    1990/06/24  00
      1  18    123.94  -58.77    963.17    1990/06/24  12
      1  19    129.44  -58.55    964.64    1990/06/25  00
      1  20    135.21  -58.80    968.88    1990/06/25  12
      1  21    139.62  -58.19    972.73    1990/06/26  00
      2   1    145.17  -56.90    986.88    1990/06/16  00
      2   2    154.56  -53.53    985.39    1990/06/16  12
      2   3    160.70  -55.80    980.46    1990/06/17  00
      2   4    169.07  -57.78    977.52    1990/06/17  12
      2   5    176.40  -60.60    970.26    1990/06/18  00
      2   6   -175.87  -62.30    964.04    1990/06/18  12
      3   1     29.83  -48.83    985.38    1990/06/16  00
      3   2     38.83  -51.59    969.20    1990/06/16  12
      3   3     45.22  -53.06    963.34    1990/06/17  00
      3   4     59.05  -55.66    966.25    1990/06/17  12
      3   5     65.40  -55.94    968.96    1990/06/18  00
      3   6     71.99  -55.70    973.02    1990/06/18  12
      3   7     84.63  -56.83    981.12    1990/06/19  00
      4   1     82.71   21.00    996.44    1990/06/16  00
      4   2     74.44   27.56    993.18    1990/06/16  12
      4   3     72.68   28.04    994.66    1990/06/17  00
      4   4     72.52   28.05    992.02    1990/06/17  12
      5   1    141.71   40.55   1000.48    1990/06/16  00
      5   2    146.28   42.41    999.47    1990/06/16  12
      5   3    147.85   44.08    999.52    1990/06/17  00
      5   4    150.66   45.37    998.02    1990/06/17  12
      5   5    152.87   45.23   1000.59    1990/06/18  00
      5   6    155.70   44.11   1006.12    1990/06/18  12
      5   7    160.27   42.62   1007.64    1990/06/19  00
      5   8    163.96   41.84   1007.64    1990/06/19  12
      5   9    165.29   42.09   1007.66    1990/06/20  00
 1990/06/16  12   Number of Storms Begun  2
      1   1    179.65  -22.12   1005.64    1990/06/16  12
      1   2   -178.05  -25.86   1000.84    1990/06/17  00
      1   3   -175.57  -29.53    997.12    1990/06/17  12
      1   4   -172.34  -31.92    996.50    1990/06/18  00
      1   5   -168.75  -32.56    992.29    1990/06/18  12
      1   6   -163.33  -33.06    992.26    1990/06/19  00
      1   7   -158.97  -32.58    990.08    1990/06/19  12
      1   8   -155.07  -32.71    990.45    1990/06/20  00
      1   9   -144.04  -32.40    994.83    1990/06/20  12
      1  10   -136.96  -34.88    992.18    1990/06/21  00
      1  11   -131.98  -38.18    991.18    1990/06/21  12
      1  12   -128.74  -41.09    987.80    1990/06/22  00
      1  13   -126.83  -42.91    983.51    1990/06/22  12
      1  14   -126.26  -43.08    981.07    1990/06/23  00
      2   1    143.26    8.61   1007.22    1990/06/16  12
      2   2    140.54    9.79   1006.23    1990/06/17  00
      2   3    135.93    9.69   1005.64    1990/06/17  12
      2   4    135.34    9.81   1006.57    1990/06/18  00
      2   5    132.85   11.31   1004.88    1990/06/18  12
      2   6    130.91   11.69   1004.23    1990/06/19  00
      2   7    129.98   11.69   1003.24    1990/06/19  12
 1990/06/17  00   Number of Storms Begun  1
      1   1    -99.09   39.70   1000.54    1990/06/17  00
      1   2    -96.20   47.42   1002.97    1990/06/17  12
      1   3    -88.24   48.60    999.96    1990/06/18  00
      1   4    -77.12   48.56    998.61    1990/06/18  12
 1990/06/17  12   Number of Storms Begun  2
      1   1     72.52   28.05    992.02    1990/06/17  12
      1   2     72.74   28.28    993.50    1990/06/18  00
      1   3     73.08   28.41    991.70    1990/06/18  12
      1   4     73.26   28.63    992.51    1990/06/19  00
      2   1   -127.85   67.03   1000.62    1990/06/17  12
      2   2   -126.00   66.43   1001.34    1990/06/18  00
      2   3   -115.76   62.73   1001.57    1990/06/18  12
      2   4   -114.41   62.47   1001.16    1990/06/19  00
      2   5    -98.37   57.61   1002.80    1990/06/19  12
      2   6    -96.02   55.18   1000.96    1990/06/20  00
      2   7    -94.55   51.58   1001.47    1990/06/20  12
      2   8    -91.14   51.31   1001.46    1990/06/21  00
      2   9    -87.29   49.35   1001.99    1990/06/21  12
      2  10    -80.98   52.41   1002.84    1990/06/22  00
      2  11    -77.47   53.77   1004.85    1990/06/22  12
 1990/06/18  00   Number of Storms Begun  3
      1   1    160.38  -32.81   1006.94    1990/06/18  00
      1   2    163.17  -32.05   1007.64    1990/06/18  12
      1   3    163.31  -29.39   1011.54    1990/06/19  00
      1   4    163.45  -25.87   1010.88    1990/06/19  12
      2   1    -20.97   58.71    990.77    1990/06/18  00
      2   2    -21.90   57.75    990.82    1990/06/18  12
      2   3    -18.47   55.68    994.68    1990/06/19  00
      2   4    -15.37   53.56    996.09    1990/06/19  12
      2   5    -11.81   52.83    998.38    1990/06/20  00
      3   1     50.39   52.72    999.37    1990/06/18  00
      3   2     50.38   55.97    999.50    1990/06/18  12
      3   3     47.78   58.75    996.30    1990/06/19  00
      3   4     47.06   59.81    994.96    1990/06/19  12
      3   5     46.50   60.34    997.65    1990/06/20  00
 1990/06/18  12   Number of Storms Begun  1
      1   1   -179.55   44.85   1005.53    1990/06/18  12
      1   2   -171.39   47.44    999.99    1990/06/19  00
      1   3   -163.99   49.98    996.64    1990/06/19  12
      1   4   -157.56   52.13    993.84    1990/06/20  00
      1   5   -153.34   53.25    993.94    1990/06/20  12
      1   6   -148.39   55.20    997.40    1990/06/21  00
 1990/06/19  00   Number of Storms Begun  1
      1   1    -43.15  -75.05    969.58    1990/06/19  00
      1   2    -50.67  -76.66    963.85    1990/06/19  12
      1   3    -51.71  -76.72    960.80    1990/06/20  00
      1   4    -52.76  -76.79    963.29    1990/06/20  12
 1990/06/19  12   Number of Storms Begun  2
      1   1    163.45  -25.87   1010.88    1990/06/19  12
      1   2    168.79  -27.02   1009.85    1990/06/20  00
      1   3    173.59  -29.45   1005.77    1990/06/20  12
      1   4    178.35  -29.81   1000.74    1990/06/21  00
      1   5   -178.11  -31.76    997.86    1990/06/21  12
      1   6   -173.48  -35.43    994.06    1990/06/22  00
      1   7   -173.47  -40.76    988.61    1990/06/22  12
      1   8   -172.02  -45.55    981.55    1990/06/23  00
      2   1    129.98   11.69   1003.24    1990/06/19  12
      2   2    130.11   12.66   1001.92    1990/06/20  00
      2   3    129.01   13.86   1000.94    1990/06/20  12
      2   4    126.79   16.19   1000.21    1990/06/21  00
      2   5    123.10   17.44    999.86    1990/06/21  12
      2   6    121.00   18.87    998.96    1990/06/22  00
      2   7    120.68   21.28    995.74    1990/06/22  12
      2   8    120.46   22.66    993.77    1990/06/23  00
      2   9    119.78   24.40    994.91    1990/06/23  12
      2  10    118.34   28.23    997.28    1990/06/24  00
      2  11    118.35   31.33    996.92    1990/06/24  12
      2  12    120.23   33.77    997.62    1990/06/25  00
 1990/06/20  00   Number of Storms Begun  2
      1   1     86.90  -56.24    973.50    1990/06/20  00
      1   2    101.88  -56.95    969.96    1990/06/20  12
      1   3    115.84  -57.53    965.99    1990/06/21  00
      1   4    130.99  -57.90    970.71    1990/06/21  12
      1   5    137.49  -58.14    973.37    1990/06/22  00
      1   6    157.19  -56.53    972.39    1990/06/22  12
      1   7    168.44  -58.35    977.59    1990/06/23  00
      1   8    174.22  -61.59    973.84    1990/06/23  12
      1   9    179.63  -63.95    972.98    1990/06/24  00
      1  10   -169.88  -66.91    970.12    1990/06/24  12
      2   1     87.23   66.45    996.18    1990/06/20  00
      2   2    102.67   68.60    989.10    1990/06/20  12
      2   3    111.66   69.14    988.28    1990/06/21  00
      2   4    120.24   69.20    991.92    1990/06/21  12
      2   5    128.72   69.54    995.17    1990/06/22  00
      2   6    137.88   67.33    994.89    1990/06/22  12
      2   7    146.34   66.61    989.37    1990/06/23  00
      2   8    157.19   66.41    989.11    1990/06/23  12
      2   9    169.79   66.62    992.14    1990/06/24  00
 1990/06/20  12   Number of Storms Begun  1
      1   1    -23.74   58.78    997.64    1990/06/20  12
      1   2    -22.87   58.68    997.48    1990/06/21  00
      1   3     -9.04   53.06    992.21    1990/06/21  12
      1   4     -2.75   53.60    991.20    1990/06/22  00
      1   5      0.96   55.57    992.84    1990/06/22  12
      1   6      1.53   59.18    994.03    1990/06/23  00
      1   7      0.59   61.58    993.71    1990/06/23  12
      1   8      0.23   63.78    999.91    1990/06/24  00
 1990/06/21  00   Number of Storms Begun  3
      1   1    167.80  -60.85    968.55    1990/06/21  00
      1   2    179.25  -64.87    964.22    1990/06/21  12
      1   3   -166.28  -69.66    958.57    1990/06/22  00
      1   4   -152.69  -71.86    962.44    1990/06/22  12
      1   5   -140.96  -72.65    970.06    1990/06/23  00
      2   1    -11.92  -63.29    960.25    1990/06/21  00
      2   2     -1.95  -62.82    963.81    1990/06/21  12
      2   3     10.35  -61.11    967.71    1990/06/22  00
      2   4     20.39  -60.40    966.59    1990/06/22  12
      2   5     27.52  -60.86    967.01    1990/06/23  00
      2   6     32.97  -61.05    969.58    1990/06/23  12
      2   7     38.69  -61.78    971.50    1990/06/24  00
      2   8     38.60  -62.44    976.03    1990/06/24  12
      3   1    -45.71  -25.10   1013.69    1990/06/21  00
      3   2    -43.83  -27.79   1010.89    1990/06/21  12
      3   3    -43.62  -29.52   1008.45    1990/06/22  00
      3   4    -44.61  -30.88   1009.10    1990/06/22  12
 1990/06/21  12   Number of Storms Begun  1
      1   1    145.59   10.19   1006.44    1990/06/21  12
      1   2    145.12    9.44   1005.97    1990/06/22  00
      1   3    143.39    8.05   1005.26    1990/06/22  12
      1   4    141.78    9.22   1005.03    1990/06/23  00
      1   5    139.48    7.93   1003.92    1990/06/23  12
      1   6    137.87    9.68   1004.32    1990/06/24  00
      1   7    134.98   11.61   1003.39    1990/06/24  12
      1   8    132.98   13.85   1003.59    1990/06/25  00
      1   9    130.76   14.50   1002.59    1990/06/25  12
      1  10    129.06   15.57   1002.58    1990/06/26  00
 1990/06/22  00   Number of Storms Begun  2
      1   1    -73.65  -62.62    966.75    1990/06/22  00
      1   2    -65.15  -63.14    966.20    1990/06/22  12
      1   3    -59.70  -65.00    963.28    1990/06/23  00
      1   4    -49.02  -67.26    959.29    1990/06/23  12
      1   5    -46.46  -69.30    954.10    1990/06/24  00
      1   6    -46.30  -71.29    952.50    1990/06/24  12
      2   1    164.69   39.08   1006.55    1990/06/22  00
      2   2    166.30   39.10   1006.74    1990/06/22  12
      2   3    170.14   41.17   1006.66    1990/06/23  00
      2   4    173.32   43.89   1004.49    1990/06/23  12
 1990/06/22  12   Number of Storms Begun  0
 1990/06/23  00   Number of Storms Begun  3
      1   1   -126.26  -43.08    981.07    1990/06/23  00
      1   2   -126.38  -42.37    983.43    1990/06/23  12
      1   3   -125.51  -41.06    985.51    1990/06/24  00
      1   4   -123.83  -39.92    991.85    1990/06/24  12
      1   5   -122.38  -38.26    999.18    1990/06/25  00
      1   6   -119.92  -37.34   1003.17    1990/06/25  12
      1   7   -116.75  -38.21   1004.86    1990/06/26  00
      1   8   -112.06  -38.45   1006.85    1990/06/26  12
      1   9   -108.71  -38.67   1007.10    1990/06/27  00
      1  10   -106.81  -38.37   1007.34    1990/06/27  12
      1  11   -103.32  -36.97   1005.97    1990/06/28  00
      1  12    -99.54  -39.68   1003.87    1990/06/28  12
      2   1    -78.66   10.61   1008.36    1990/06/23  00
      2   2    -81.19    7.61   1009.80    1990/06/23  12
      2   3    -82.26    7.89   1008.03    1990/06/24  00
      2   4    -94.69    8.22   1009.43    1990/06/24  12
      2   5    -99.17   10.66   1007.48    1990/06/25  00
      2   6   -102.52   10.89   1008.00    1990/06/25  12
      2   7   -104.56   11.24   1006.82    1990/06/26  00
      2   8   -107.18   12.55   1006.96    1990/06/26  12
      2   9   -108.41   13.70   1005.05    1990/06/27  00
      2  10   -109.43   15.63   1004.83    1990/06/27  12
      2  11   -110.93   16.09   1002.04    1990/06/28  00
      2  12   -112.14   18.25   1002.33    1990/06/28  12
      2  13   -113.88   19.47   1001.27    1990/06/29  00
      2  14   -116.58   19.37   1003.44    1990/06/29  12
      2  15   -117.75   19.36   1004.59    1990/06/30  00
      2  16   -122.20   17.87   1005.86    1990/06/30  12
      2  17   -124.33   17.29   1008.01    1990/07/01  00
      2  18   -127.82   16.70   1008.15    1990/07/01  12
      2  19   -132.07    5.85   1009.41    1990/07/02  00
      3   1    -85.34   43.64    999.46    1990/06/23  00
      3   2    -81.78   44.49    995.34    1990/06/23  12
      3   3    -76.91   46.73    995.82    1990/06/24  00
      3   4    -75.14   47.40    998.99    1990/06/24  12
      3   5    -71.75   55.67    999.01    1990/06/25  00
      3   6    -69.12   58.08    996.90    1990/06/25  12
      3   7    -66.56   58.55    995.85    1990/06/26  00
      3   8    -63.61   58.49   1000.37    1990/06/26  12
      3   9    -61.27   58.82   1003.47    1990/06/27  00
 1990/06/23  12   Number of Storms Begun  0
 1990/06/24  00   Number of Storms Begun  2
      1   1      1.93   17.80   1005.65    1990/06/24  00
      1   2     -1.67   19.50   1006.91    1990/06/24  12
      1   3     -2.72   19.82   1005.85    1990/06/25  00
      1   4     -2.95   21.94   1007.44    1990/06/25  12
      2   1    106.35   56.85    998.18    1990/06/24  00
      2   2    104.49   53.11    997.16    1990/06/24  12
      2   3    106.36   49.08    997.70    1990/06/25  00
      2   4    106.75   45.24    992.59    1990/06/25  12
 1990/06/24  12   Number of Storms Begun  3
      1   1     69.80   29.43    991.38    1990/06/24  12
      1   2     71.28   29.40    994.11    1990/06/25  00
      1   3     72.76   28.82    990.69    1990/06/25  12
      1   4     73.04   28.76    995.30    1990/06/26  00
      1   5     73.88   28.53    991.11    1990/06/26  12
      2   1     56.28   54.25    999.08    1990/06/24  12
      2   2     58.13   54.28    998.60    1990/06/25  00
      2   3     63.54   53.32    999.18    1990/06/25  12
      2   4     74.45   52.92    997.07    1990/06/26  00
      2   5     78.77   53.15    995.46    1990/06/26  12
      2   6     83.45   55.09    995.33    1990/06/27  00
      2   7     88.36   57.60    996.12    1990/06/27  12
      2   8     96.89   58.62    996.68    1990/06/28  00
      3   1    -18.79   60.42    996.99    1990/06/24  12
      3   2    -15.14   61.38    998.26    1990/06/25  00
      3   3     -6.59   63.69    998.42    1990/06/25  12
      3   4     -0.24   66.34    997.42    1990/06/26  00
      3   5     12.74   69.25    996.16    1990/06/26  12
      3   6     14.28   71.12    993.30    1990/06/27  00
      3   7     14.89   72.57    994.29    1990/06/27  12
      3   8     23.49   72.81    998.03    1990/06/28  00
      3   9     47.81   72.69   1000.15    1990/06/28  12
      3  10     61.13   74.71    998.83    1990/06/29  00
      3  11     66.76   77.13    995.75    1990/06/29  12
 1990/06/25  00   Number of Storms Begun  2
      1   1   -174.54  -63.60    967.86    1990/06/25  00
      1   2   -163.09  -65.71    971.09    1990/06/25  12
      1   3   -150.23  -71.88    971.60    1990/06/26  00
      1   4   -147.73  -75.54    966.77    1990/06/26  12
      1   5   -149.03  -79.47    966.96    1990/06/27  00
      2   1      0.45  -59.13    972.25    1990/06/25  00
      2   2     12.42  -55.54    974.74    1990/06/25  12
      2   3     22.62  -51.79    976.07    1990/06/26  00
      2   4     33.51  -51.43    974.26    1990/06/26  12
      2   5     41.68  -52.48    970.34    1990/06/27  00
      2   6     48.35  -55.32    963.94    1990/06/27  12
      2   7     53.19  -57.62    957.78    1990/06/28  00
      2   8     59.25  -60.15    959.42    1990/06/28  12
      2   9     65.19  -62.45    965.01    1990/06/29  00
      2  10     67.73  -63.99    969.95    1990/06/29  12
 1990/06/25  12   Number of Storms Begun  0
 1990/06/26  00   Number of Storms Begun  2
      1   1    -60.22  -53.04    960.52    1990/06/26  00
      1   2    -53.59  -57.74    952.04    1990/06/26  12
      1   3    -49.36  -61.54    947.21    1990/06/27  00
      1   4    -48.00  -63.91    944.05    1990/06/27  12
      1   5    -46.09  -67.79    952.71    1990/06/28  00
      1   6    -43.50  -70.88    952.60    1990/06/28  12
      1   7    -45.33  -73.19    954.88    1990/06/29  00
      1   8    -46.73  -73.27    957.14    1990/06/29  12
      1   9    -50.27  -74.61    961.03    1990/06/30  00
      2   1     81.84  -55.09    976.90    1990/06/26  00
      2   2     93.01  -56.84    970.54    1990/06/26  12
      2   3    105.05  -57.61    970.37    1990/06/27  00
      2   4    117.83  -56.46    968.82    1990/06/27  12
      2   5    126.47  -55.32    969.61    1990/06/28  00
      2   6    133.81  -54.71    973.95    1990/06/28  12
      2   7    138.90  -54.89    975.36    1990/06/29  00
      2   8    140.84  -56.06    980.58    1990/06/29  12
      2   9    143.64  -58.25    982.16    1990/06/30  00
      2  10    148.28  -61.93    979.70    1990/06/30  12
      2  11    154.25  -63.89    978.68    1990/07/01  00
 1990/06/26  12   Number of Storms Begun  1
      1   1    158.76  -51.67    971.61    1990/06/26  12
      1   2    160.39  -60.23    967.21    1990/06/27  00
      1   3    164.67  -64.67    962.97    1990/06/27  12
      1   4    177.02  -68.56    976.93    1990/06/28  00
 1990/06/27  00   Number of Storms Begun  3
      1   1    139.33   36.74   1000.54    1990/06/27  00
      1   2    150.18   34.69   1000.62    1990/06/27  12
      1   3    157.86   35.37    997.94    1990/06/28  00
      1   4    163.81   36.73    993.80    1990/06/28  12
      1   5    169.15   40.03    995.36    1990/06/29  00
      1   6    175.16   45.24    995.88    1990/06/29  12
      2   1   -109.29   47.91   1004.80    1990/06/27  00
      2   2   -105.44   48.46   1004.95    1990/06/27  12
      2   3   -102.51   44.06   1001.71    1990/06/28  00
      2   4    -99.86   43.90   1004.21    1990/06/28  12
      3   1    134.16   64.47    995.29    1990/06/27  00
      3   2    143.47   66.68    994.42    1990/06/27  12
      3   3    152.33   66.93    996.53    1990/06/28  00
      3   4    160.20   66.78    996.60    1990/06/28  12
      3   5    168.89   66.46    992.09    1990/06/29  00
      3   6    172.46   65.29    993.91    1990/06/29  12
      3   7    173.98   63.40    996.28    1990/06/30  00
 1990/06/27  12   Number of Storms Begun  1
      1   1    -65.65   50.83   1004.58    1990/06/27  12
      1   2    -61.18   53.05   1003.43    1990/06/28  00
      1   3    -57.02   54.45   1002.31    1990/06/28  12
      1   4    -56.13   55.37   1002.01    1990/06/29  00
      1   5    -54.42   57.28   1002.07    1990/06/29  12
 1990/06/28  00   Number of Storms Begun  3
      1   1   -153.59  -36.28   1006.73    1990/06/28  00
      1   2   -153.17  -36.55   1005.03    1990/06/28  12
      1   3   -152.41  -36.62   1003.51    1990/06/29  00
      1   4   -149.56  -37.50   1002.33    1990/06/29  12
      2   1     51.04   48.07    997.31    1990/06/28  00
      2   2     51.30   49.97    997.75    1990/06/28  12
      2   3     52.17   50.64    998.16    1990/06/29  00
      2   4     55.80   52.37    998.89    1990/06/29  12
      2   5     58.54   52.83    997.27    1990/06/30  00
      2   6     64.96   51.70    995.44    1990/06/30  12
      2   7     69.47   51.58    994.82    1990/07/01  00
      3   1    115.79   81.71    999.07    1990/06/28  00
      3   2     99.66   82.48    999.63    1990/06/28  12
      3   3     90.69   83.06    999.69    1990/06/29  00
      3   4     66.76   77.13    995.75    1990/06/29  12
      3   5     79.92   79.07    995.02    1990/06/30  00
      3   6     89.36   82.21    995.11    1990/06/30  12
 1990/06/28  12   Number of Storms Begun  1
      1   1     72.21   28.69    990.61    1990/06/28  12
      1   2     72.79   28.33    992.18    1990/06/29  00
      1   3     72.85   28.23    990.09    1990/06/29  12
      1   4     73.15   28.20    992.48    1990/06/30  00
      1   5     73.39   28.31    990.35    1990/06/30  12
 1990/06/29  00   Number of Storms Begun  2
      1   1    -18.41   49.73   1005.77    1990/06/29  00
      1   2    -14.41   50.30   1002.62    1990/06/29  12
      1   3    -11.14   51.30   1001.42    1990/06/30  00
      1   4     -6.89   52.85    998.73    1990/06/30  12
      1   5     -2.58   54.89    996.35    1990/07/01  00
      1   6      0.32   57.04    994.71    1990/07/01  12
      1   7      1.19   62.12    996.52    1990/07/02  00
      1   8     -0.09   65.22    994.68    1990/07/02  12
      1   9     -0.14   66.33    994.00    1990/07/03  00
      2   1   -108.78   61.76   1004.65    1990/06/29  00
      2   2   -106.32   62.31   1005.62    1990/06/29  12
      2   3   -101.69   62.29   1005.01    1990/06/30  00
      2   4    -95.09   64.83   1008.35    1990/06/30  12
 1990/06/29  12   Number of Storms Begun  0
 1990/06/30  00   Number of Storms Begun  2
      1   1     69.35  -57.75    976.27    1990/06/30  00
      1   2     85.69  -60.63    970.55    1990/06/30  12
      1   3     98.32  -60.81    965.24    1990/07/01  00
      1   4    115.02  -60.87    966.30    1990/07/01  12
      1   5    123.83  -61.90    958.13    1990/07/02  00
      1   6    127.77  -62.28    959.48    1990/07/02  12
      2   1     39.44  -38.39   1007.75    1990/06/30  00
      2   2     44.38  -37.19   1007.17    1990/06/30  12
      2   3     50.53  -37.37   1007.48    1990/07/01  00
      2   4     55.17  -37.94   1006.18    1990/07/01  12
      2   5     59.86  -38.42   1006.01    1990/07/02  00
      2   6     60.99  -38.71   1006.28    1990/07/02  12
      2   7     73.92  -44.06   1007.25    1990/07/03  00
      2   8     76.14  -46.90   1004.36    1990/07/03  12
      2   9     79.92  -50.04    996.32    1990/07/04  00
 1990/06/30  12   Number of Storms Begun  5
      1   1    136.68  -36.69    994.06    1990/06/30  12
      1   2    139.25  -37.63    992.79    1990/07/01  00
      1   3    150.64  -41.33    989.76    1990/07/01  12
      1   4    151.75  -43.49    981.28    1990/07/02  00
      2   1   -175.65  -39.24    995.73    1990/06/30  12
      2   2   -173.14  -38.01    995.29    1990/07/01  00
      2   3   -167.69  -36.47    995.32    1990/07/01  12
      2   4   -162.72  -36.99    994.40    1990/07/02  00
      2   5   -161.35  -36.43    993.10    1990/07/02  12
      2   6   -158.21  -36.39    991.21    1990/07/03  00
      2   7   -156.55  -37.84    991.18    1990/07/03  12
      2   8   -153.92  -41.99    984.87    1990/07/04  00
      2   9   -144.73  -51.26    971.04    1990/07/04  12
      2  10   -144.04  -51.56    966.61    1990/07/05  00
      2  11   -140.62  -52.01    964.41    1990/07/05  12
      3   1     73.39   28.31    990.35    1990/06/30  12
      3   2     72.95   28.56    991.71    1990/07/01  00
      3   3     72.16   28.84    987.81    1990/07/01  12
      3   4     61.33   24.78    992.60    1990/07/02  00
      4   1   -174.72   51.79    998.90    1990/06/30  12
      4   2   -168.66   53.89    996.00    1990/07/01  00
      4   3   -160.98   55.32    998.14    1990/07/01  12
      4   4   -153.21   53.59   1000.91    1990/07/02  00
      4   5   -148.06   52.25   1003.13    1990/07/02  12
      4   6   -141.17   48.30   1007.21    1990/07/03  00
      4   7   -137.84   46.08   1005.48    1990/07/03  12
      4   8   -136.27   43.23   1004.02    1990/07/04  00
      5   1    111.34   44.98   1000.71    1990/06/30  12
      5   2    110.89   53.85   1000.18    1990/07/01  00
      5   3    117.34   61.18    996.29    1990/07/01  12
      5   4    117.42   62.82    994.47    1990/07/02  00
      5   5    120.34   63.33    993.28    1990/07/02  12
      5   6    121.06   64.86    992.56    1990/07/03  00
      5   7    126.06   65.60    993.42    1990/07/03  12
      5   8    135.75   67.53    995.75    1990/07/04  00
      5   9    146.51   68.77    998.09    1990/07/04  12
 1990/07/01  00   Number of Storms Begun  1
      1   1   -109.39   47.67   1005.35    1990/07/01  00
      1   2   -105.13   55.13   1004.61    1990/07/01  12
      1   3    -92.15   55.38   1000.73    1990/07/02  00
      1   4    -82.38   57.14    995.57    1990/07/02  12
      1   5    -78.12   60.75    989.94    1990/07/03  00
 1990/07/01  12   Number of Storms Begun  1
      1   1      3.67  -61.29    967.07    1990/07/01  12
      1   2      8.98  -60.25    965.74    1990/07/02  00
      1   3     15.12  -61.56    964.86    1990/07/02  12
      1   4     28.38  -67.83    966.27    1990/07/03  00
 1990/07/02  00   Number of Storms Begun  1
      1   1    151.75  -43.49    981.28    1990/07/02  00
      1   2    152.27  -43.28    978.19    1990/07/02  12
      1   3    155.52  -43.31    981.13    1990/07/03  00
      1   4    156.25  -46.35    983.20    1990/07/03  12
 1990/07/02  12   Number of Storms Begun  0
 1990/07/03  00   Number of Storms Begun  0
 1990/07/03  12   Number of Storms Begun  4
      1   1     20.19  -51.66    973.86    1990/07/03  12
      1   2     25.90  -58.28    970.42    1990/07/04  00
      1   3     27.77  -60.71    965.64    1990/07/04  12
      1   4     27.27  -64.92    961.06    1990/07/05  00
      1   5     24.61  -66.67    956.03    1990/07/05  12
      2   1    146.97    8.04   1008.88    1990/07/03  12
      2   2    146.29    9.35   1008.21    1990/07/04  00
      2   3    143.95   10.63   1007.42    1990/07/04  12
      2   4    140.88   10.89   1007.15    1990/07/05  00
      2   5    137.71   12.25   1006.65    1990/07/05  12
      2   6    136.24   12.43   1005.84    1990/07/06  00
      2   7    134.13   13.00   1006.80    1990/07/06  12
      2   8    131.62   14.84   1005.93    1990/07/07  00
      2   9    130.53   15.69   1006.16    1990/07/07  12
      2  10    128.27   18.62   1003.86    1990/07/08  00
      3   1     73.64   27.33    990.04    1990/07/03  12
      3   2     73.72   27.29    992.94    1990/07/04  00
      3   3     73.94   27.55    991.04    1990/07/04  12
      3   4     73.87   27.63    992.75    1990/07/05  00
      4   1    -80.89   60.32    990.15    1990/07/03  12
      4   2    -77.71   58.26    995.77    1990/07/04  00
      4   3    -66.32   55.83    995.23    1990/07/04  12
      4   4    -57.53   52.72    991.80    1990/07/05  00
      4   5    -56.49   53.14    987.78    1990/07/05  12
      4   6    -53.42   53.51    986.41    1990/07/06  00
      4   7    -47.97   54.86    987.46    1990/07/06  12
      4   8    -37.07   58.30    987.18    1990/07/07  00
      4   9    -31.41   59.66    983.65    1990/07/07  12
      4  10    -20.91   60.67    984.79    1990/07/08  00
      4  11    -13.73   61.26    985.15    1990/07/08  12
      4  12     -6.55   61.89    989.36    1990/07/09  00
      4  13      8.30   62.75    990.99    1990/07/09  12
      4  14     14.67   65.18    993.07    1990/07/10  00
      4  15     19.69   69.21    997.18    1990/07/10  12
 1990/07/04  00   Number of Storms Begun  3
      1   1   -136.27   43.23   1004.02    1990/07/04  00
      1   2   -135.13   44.02   1003.06    1990/07/04  12
      1   3   -135.21   44.58   1004.32    1990/07/05  00
      1   4   -133.23   45.27   1005.74    1990/07/05  12
      2   1    107.46   45.71    998.16    1990/07/04  00
      2   2    108.26   44.88    995.77    1990/07/04  12
      2   3    115.02   46.53    997.80    1990/07/05  00
      2   4    116.84   47.32    996.18    1990/07/05  12
      2   5    117.80   48.30    996.51    1990/07/06  00
      3   1    -17.78   55.73    997.37    1990/07/04  00
      3   2     -9.44   54.91    991.81    1990/07/04  12
      3   3     -2.61   54.94    987.86    1990/07/05  00
      3   4      3.75   55.70    988.75    1990/07/05  12
      3   5      8.58   57.29    992.56    1990/07/06  00
      3   6     11.64   58.75    995.14    1990/07/06  12
      3   7     16.33   66.15   1000.75    1990/07/07  00
 1990/07/04  12   Number of Storms Begun  1
      1   1     76.86  -42.70    998.08    1990/07/04  12
      1   2     78.21  -45.28    993.61    1990/07/05  00
      1   3     77.29  -47.17    990.08    1990/07/05  12
      1   4     77.22  -48.08    990.01    1990/07/06  00
 1990/07/05  00   Number of Storms Begun  0
 1990/07/05  12   Number of Storms Begun  1
      1   1    141.74   32.26   1006.13    1990/07/05  12
      1   2    144.80   33.48   1006.37    1990/07/06  00
      1   3    147.11   35.23   1005.74    1990/07/06  12
      1   4    151.04   37.08   1003.34    1990/07/07  00
      1   5    153.28   37.53   1002.85    1990/07/07  12
      1   6    158.14   39.38   1003.90    1990/07/08  00
 1990/07/06  00   Number of Storms Begun  3
      1   1   -118.54  -61.10    962.87    1990/07/06  00
      1   2   -109.13  -63.46    956.60    1990/07/06  12
      1   3   -102.62  -65.88    947.62    1990/07/07  00
      1   4   -102.03  -68.19    947.02    1990/07/07  12
      1   5   -104.43  -69.15    950.43    1990/07/08  00
      1   6   -105.09  -69.08    955.14    1990/07/08  12
      2   1   -112.88   45.40   1005.18    1990/07/06  00
      2   2   -107.67   47.73   1005.13    1990/07/06  12
      2   3   -104.15   45.75    999.93    1990/07/07  00
      2   4   -100.15   46.02   1002.42    1990/07/07  12
      3   1    173.94   56.43   1006.41    1990/07/06  00
      3   2    177.17   55.07   1006.68    1990/07/06  12
      3   3    179.13   53.65   1005.49    1990/07/07  00
      3   4   -177.86   52.36   1005.98    1990/07/07  12
      3   5   -168.30   48.54   1003.59    1990/07/08  00
      3   6   -160.60   49.57    998.21    1990/07/08  12
      3   7   -155.70   51.92    993.95    1990/07/09  00
      3   8   -152.59   52.99    988.97    1990/07/09  12
      3   9   -148.73   55.00    991.61    1990/07/10  00
      3  10   -147.91   56.91    997.99    1990/07/10  12
 1990/07/06  12   Number of Storms Begun  0
 1990/07/07  00   Number of Storms Begun  3
      1   1    148.74  -54.08    968.26    1990/07/07  00
      1   2    150.55  -56.52    964.55    1990/07/07  12
      1   3    153.35  -57.70    962.57    1990/07/08  00
      1   4    156.64  -56.46    963.08    1990/07/08  12
      2   1    -74.21   35.07   1011.69    1990/07/07  00
      2   2    -60.52   40.05   1013.41    1990/07/07  12
      2   3    -55.91   42.72   1011.65    1990/07/08  00
      2   4    -50.14   46.27   1009.07    1990/07/08  12
      2   5    -46.83   50.47   1004.82    1990/07/09  00
      2   6    -43.47   56.59   1001.48    1990/07/09  12
      2   7    -38.88   59.09    997.67    1990/07/10  00
      2   8    -36.81   71.58    996.48    1990/07/10  12
      3   1    118.48   38.63    990.27    1990/07/07  00
      3   2    118.85   42.80    985.99    1990/07/07  12
      3   3    118.62   45.39    980.90    1990/07/08  00
      3   4    118.65   46.29    984.16    1990/07/08  12
      3   5    119.38   47.37    987.19    1990/07/09  00
      3   6    121.32   48.46    989.80    1990/07/09  12
      3   7    122.23   49.46    991.78    1990/07/10  00
      3   8    123.18   50.09    992.69    1990/07/10  12
      3   9    125.32   50.41    993.68    1990/07/11  00
      3  10    126.08   49.18    994.37    1990/07/11  12
      3  11    126.58   48.57    996.43    1990/07/12  00
      3  12    133.29   36.99    995.93    1990/07/12  12
 1990/07/07  12   Number of Storms Begun  2
      1   1    -10.74  -59.72    959.86    1990/07/07  12
      1   2     -4.23  -59.41    960.09    1990/07/08  00
      1   3      1.72  -59.26    963.51    1990/07/08  12
      1   4      8.04  -60.71    962.85    1990/07/09  00
      2   1   -108.63   16.58   1005.79    1990/07/07  12
      2   2   -109.60   16.58   1006.78    1990/07/08  00
      2   3   -111.46   17.47   1006.66    1990/07/08  12
      2   4   -112.24   19.17   1006.54    1990/07/09  00
      2   5   -113.38   19.52   1006.89    1990/07/09  12
      2   6   -114.21   20.77   1006.31    1990/07/10  00
      2   7   -115.35   20.84   1008.18    1990/07/10  12
      2   8   -116.14   21.89   1008.11    1990/07/11  00
 1990/07/08  00   Number of Storms Begun  1
      1   1     55.42  -60.85    975.82    1990/07/08  00
      1   2     70.56  -60.57    973.55    1990/07/08  12
      1   3     76.39  -59.42    966.91    1990/07/09  00
      1   4     79.97  -57.13    962.07    1990/07/09  12
      1   5     86.03  -55.24    964.57    1990/07/10  00
      1   6     95.03  -56.97    968.27    1990/07/10  12
      1   7     96.66  -55.20    970.01    1990/07/11  00
      1   8    102.09  -54.86    973.51    1990/07/11  12
      1   9    103.79  -58.91    972.50    1990/07/12  00
      1  10     98.17  -60.31    968.69    1990/07/12  12
      1  11     91.64  -59.17    969.91    1990/07/13  00
 1990/07/08  12   Number of Storms Begun  3
      1   1    156.64  -56.46    963.08    1990/07/08  12
      1   2    162.06  -63.76    971.75    1990/07/09  00
      1   3    166.83  -64.89    978.88    1990/07/09  12
      1   4    173.88  -65.03    980.43    1990/07/10  00
      1   5   -173.11  -55.13    982.19    1990/07/10  12
      2   1   -105.09  -69.08    955.14    1990/07/08  12
      2   2   -100.97  -68.30    960.22    1990/07/09  00
      2   3    -98.52  -67.16    964.86    1990/07/09  12
      2   4    -78.60  -59.66    960.88    1990/07/10  00
      3   1    -87.74   54.02   1002.35    1990/07/08  12
      3   2    -81.08   54.61    994.66    1990/07/09  00
      3   3    -76.43   56.01    990.04    1990/07/09  12
      3   4    -73.11   56.18    992.10    1990/07/10  00
      3   5    -70.14   54.58    996.28    1990/07/10  12
      3   6    -61.48   52.36    995.73    1990/07/11  00
      3   7    -53.89   52.92    993.78    1990/07/11  12
      3   8    -49.89   55.55    993.53    1990/07/12  00
      3   9    -47.87   56.94    993.20    1990/07/12  12
      3  10    -46.72   57.38    995.43    1990/07/13  00
 1990/07/09  00   Number of Storms Begun  1
      1   1    160.26   39.95   1002.88    1990/07/09  00
      1   2    159.31   40.19   1002.93    1990/07/09  12
      1   3    157.21   40.77   1004.62    1990/07/10  00
      1   4    156.46   39.51   1005.41    1990/07/10  12
      1   5    153.18   37.66   1006.13    1990/07/11  00
 1990/07/09  12   Number of Storms Begun  1
      1   1     77.33   77.88    995.84    1990/07/09  12
      1   2     95.40   76.14    990.29    1990/07/10  00
      1   3    111.06   72.94    994.98    1990/07/10  12
      1   4    118.95   68.41    996.59    1990/07/11  00
      1   5    126.84   63.08    994.51    1990/07/11  12
      1   6    130.33   65.67    993.16    1990/07/12  00
      1   7    141.98   66.20    998.83    1990/07/12  12
 1990/07/10  00   Number of Storms Begun  1
      1   1    169.09    1.56   1010.64    1990/07/10  00
      1   2    173.34   -1.06   1010.91    1990/07/10  12
      1   3    178.95    0.69   1009.12    1990/07/11  00
      1   4   -169.78    0.01   1008.53    1990/07/11  12
 1990/07/10  12   Number of Storms Begun  3
      1   1   -173.11  -55.13    982.19    1990/07/10  12
      1   2   -169.48  -57.30    975.62    1990/07/11  00
      1   3   -168.22  -60.25    971.03    1990/07/11  12
      1   4   -169.76  -64.62    965.63    1990/07/12  00
      2   1     99.43   40.26    993.51    1990/07/10  12
      2   2    100.05   39.84    996.76    1990/07/11  00
      2   3    105.20   42.12    994.61    1990/07/11  12
      2   4    105.52   42.35    997.34    1990/07/12  00
      2   5    108.14   42.81    994.81    1990/07/12  12
      2   6    110.97   44.56    994.77    1990/07/13  00
      2   7    114.55   44.20    992.63    1990/07/13  12
      2   8    116.04   45.29    993.93    1990/07/14  00
      3   1    -36.81   71.58    996.48    1990/07/10  12
      3   2    -12.93   64.30    995.90    1990/07/11  00
      3   3     -5.01   65.48    995.05    1990/07/11  12
      3   4      6.00   66.37    999.50    1990/07/12  00
      3   5     20.59   66.48   1001.58    1990/07/12  12
 1990/07/11  00   Number of Storms Begun  2
      1   1    -88.95  -66.89    956.42    1990/07/11  00
      1   2    -90.12  -64.60    960.79    1990/07/11  12
      1   3    -92.04  -61.68    965.17    1990/07/12  00
      1   4    -89.94  -59.50    969.98    1990/07/12  12
      1   5    -82.96  -58.82    972.16    1990/07/13  00
      1   6    -79.51  -60.41    974.21    1990/07/13  12
      1   7    -78.98  -60.53    977.75    1990/07/14  00
      1   8    -76.81  -61.25    981.01    1990/07/14  12
      2   1    -99.82   10.92   1008.99    1990/07/11  00
      2   2   -102.61   11.04   1008.41    1990/07/11  12
      2   3   -103.35   11.87   1008.40    1990/07/12  00
      2   4   -107.04   13.68   1009.27    1990/07/12  12
      2   5   -110.22   14.74   1009.14    1990/07/13  00
      2   6   -111.78   15.46   1010.70    1990/07/13  12
      2   7   -112.11   16.77   1009.78    1990/07/14  00
      2   8   -114.23   16.65   1009.62    1990/07/14  12
      2   9   -115.94   16.81   1008.62    1990/07/15  00
      2  10   -118.98   16.42   1007.98    1990/07/15  12
 1990/07/11  12   Number of Storms Begun  1
      1   1     15.38  -45.97    986.03    1990/07/11  12
      1   2     20.82  -48.52    980.34    1990/07/12  00
      1   3     23.70  -50.35    981.42    1990/07/12  12
      1   4     27.39  -50.59    981.94    1990/07/13  00
      1   5     35.55  -58.86    981.34    1990/07/13  12
      1   6     40.54  -62.42    973.10    1990/07/14  00
 1990/07/12  00   Number of Storms Begun  2
      1   1   -169.76  -64.62    965.63    1990/07/12  00
      1   2   -173.78  -63.14    962.43    1990/07/12  12
      1   3   -171.72  -60.24    964.21    1990/07/13  00
      1   4   -168.41  -60.55    969.92    1990/07/13  12
      1   5   -165.05  -60.21    971.75    1990/07/14  00
      2   1   -164.91   47.68   1003.38    1990/07/12  00
      2   2   -159.53   47.70    996.78    1990/07/12  12
      2   3   -157.89   49.00    995.37    1990/07/13  00
      2   4   -156.50   50.03    999.64    1990/07/13  12
      2   5   -156.10   51.10   1003.55    1990/07/14  00
      2   6   -174.47   59.41   1003.57    1990/07/14  12
      2   7    163.80   63.72    998.95    1990/07/15  00
 1990/07/12  12   Number of Storms Begun  3
      1   1     70.81   28.76    994.36    1990/07/12  12
      1   2     72.65   28.61    996.01    1990/07/13  00
      1   3     72.69   28.69    993.59    1990/07/13  12
      1   4     73.26   28.79    993.76    1990/07/14  00
      2   1    -84.69   39.43   1011.61    1990/07/12  12
      2   2    -84.10   37.03   1012.94    1990/07/13  00
      2   3    -86.71   35.08   1013.61    1990/07/13  12
      2   4    -86.30   33.52   1010.34    1990/07/14  00
      3   1    117.10   81.39    999.49    1990/07/12  12
      3   2    130.94   81.19   1001.50    1990/07/13  00
      3   3    143.35   81.23   1004.57    1990/07/13  12
      3   4    154.89   80.70   1005.52    1990/07/14  00
 1990/07/13  00   Number of Storms Begun  1
      1   1    173.04   -7.95   1009.36    1990/07/13  00
      1   2    179.53   -1.35   1009.21    1990/07/13  12
      1   3   -168.37    1.32   1009.00    1990/07/14  00
      1   4   -160.90   -2.90   1009.80    1990/07/14  12
 1990/07/13  12   Number of Storms Begun  3
      1   1    -15.71  -61.75    953.25    1990/07/13  12
      1   2    -15.35  -61.33    955.22    1990/07/14  00
      1   3    -14.01  -60.63    956.40    1990/07/14  12
      1   4    -10.10  -58.73    954.00    1990/07/15  00
      1   5     -5.04  -57.46    954.25    1990/07/15  12
      1   6      0.76  -56.51    953.75    1990/07/16  00
      1   7      6.33  -57.32    958.22    1990/07/16  12
      1   8     10.11  -57.83    962.39    1990/07/17  00
      1   9     13.71  -59.52    962.84    1990/07/17  12
      1  10     16.01  -59.59    964.57    1990/07/18  00
      1  11     18.51  -60.04    970.37    1990/07/18  12
      1  12     19.50  -61.46    975.83    1990/07/19  00
      1  13     25.46  -66.79    979.14    1990/07/19  12
      1  14     24.94  -67.49    983.47    1990/07/20  00
      2   1    107.21  -47.93    969.77    1990/07/13  12
      2   2    108.10  -49.96    972.56    1990/07/14  00
      2   3    111.03  -52.03    974.84    1990/07/14  12
      2   4    113.45  -53.69    973.63    1990/07/15  00
      2   5    116.65  -54.40    974.73    1990/07/15  12
      2   6    116.92  -54.86    975.33    1990/07/16  00
      2   7    126.13  -61.87    977.71    1990/07/16  12
      3   1     46.58   56.93    997.84    1990/07/13  12
      3   2     44.86   58.27    996.40    1990/07/14  00
      3   3     41.43   60.60    995.92    1990/07/14  12
      3   4     34.77   61.50    997.44    1990/07/15  00
      3   5     27.99   60.19   1000.23    1990/07/15  12
      3   6     24.33   58.61   1000.39    1990/07/16  00
      3   7     25.56   57.28   1001.43    1990/07/16  12
      3   8     26.97   57.44   1001.73    1990/07/17  00
 1990/07/14  00   Number of Storms Begun  4
      1   1    -78.84    9.88   1009.96    1990/07/14  00
      1   2    -79.18    9.12   1010.49    1990/07/14  12
      1   3    -80.10    8.95   1009.31    1990/07/15  00
      1   4    -80.61    9.00   1009.94    1990/07/15  12
      2   1   -110.07   61.61   1000.53    1990/07/14  00
      2   2   -106.62   60.86    998.85    1990/07/14  12
      2   3   -101.40   59.15    999.42    1990/07/15  00
      2   4    -99.92   58.33    999.57    1990/07/15  12
      2   5    -95.43   57.84    999.03    1990/07/16  00
      2   6    -93.73   58.48    997.36    1990/07/16  12
      2   7    -84.56   57.17    999.06    1990/07/17  00
      2   8    -82.53   58.52    999.20    1990/07/17  12
      3   1    -34.48   55.41    993.47    1990/07/14  00
      3   2    -30.01   58.27    987.43    1990/07/14  12
      3   3    -33.26   59.93    987.30    1990/07/15  00
      3   4    -42.79   61.31    992.23    1990/07/15  12
      3   5    -46.11   61.21    994.76    1990/07/16  00
      4   1    143.87   62.71   1005.08    1990/07/14  00
      4   2    146.55   60.59   1002.85    1990/07/14  12
      4   3    163.80   63.72    998.95    1990/07/15  00
      4   4    169.62   65.39    994.60    1990/07/15  12
      4   5    177.68   67.23    995.43    1990/07/16  00
      4   6    168.74   78.50    994.72    1990/07/16  12
 1990/07/14  12   Number of Storms Begun  2
      1   1   -139.70  -55.01    970.18    1990/07/14  12
      1   2   -137.47  -58.75    967.17    1990/07/15  00
      1   3   -136.82  -60.77    968.34    1990/07/15  12
      1   4   -136.71  -60.83    970.65    1990/07/16  00
      2   1    163.15   13.02   1009.42    1990/07/14  12
      2   2    159.29   12.39   1008.15    1990/07/15  00
      2   3    158.71   14.27   1009.47    1990/07/15  12
      2   4    158.97   16.89   1008.85    1990/07/16  00
      2   5    158.50   18.57   1007.40    1990/07/16  12
      2   6    156.48   19.70   1007.66    1990/07/17  00
      2   7    156.26   22.32   1007.67    1990/07/17  12
 1990/07/15  00   Number of Storms Begun  2
      1   1    -76.98  -60.77    979.04    1990/07/15  00
      1   2    -74.78  -62.08    982.05    1990/07/15  12
      1   3    -68.97  -61.61    987.12    1990/07/16  00
      1   4    -63.31  -60.82    992.30    1990/07/16  12
      2   1    114.27   45.71    993.51    1990/07/15  00
      2   2    113.59   44.95    994.03    1990/07/15  12
      2   3    114.00   44.42    995.00    1990/07/16  00
      2   4    114.43   41.73    994.32    1990/07/16  12
      2   5    114.77   40.84    994.85    1990/07/17  00
      2   6    112.97   38.31    993.15    1990/07/17  12
 1990/07/15  12   Number of Storms Begun  0
 1990/07/16  00   Number of Storms Begun  3
      1   1    -60.20  -21.41   1005.82    1990/07/16  00
      1   2    -53.07  -32.51   1007.55    1990/07/16  12
      1   3    -49.13  -34.21   1005.30    1990/07/17  00
      1   4    -45.17  -38.04   1001.52    1990/07/17  12
      1   5    -39.78  -41.39    995.49    1990/07/18  00
      1   6    -34.38  -44.93    990.70    1990/07/18  12
      1   7    -28.34  -48.01    987.60    1990/07/19  00
      2   1   -132.55   -0.38   1008.03    1990/07/16  00
      2   2   -144.96   -0.24   1008.07    1990/07/16  12
      2   3   -145.92   -1.08   1008.01    1990/07/17  00
      2   4   -156.05    1.08   1009.15    1990/07/17  12
      2   5   -164.67    3.13   1008.68    1990/07/18  00
      3   1    146.94   43.46    998.09    1990/07/16  00
      3   2    154.30   45.30    994.57    1990/07/16  12
      3   3    160.55   46.82    992.69    1990/07/17  00
      3   4    166.35   48.15    993.57    1990/07/17  12
      3   5    172.86   52.56    994.96    1990/07/18  00
      3   6    176.77   55.46    997.67    1990/07/18  12
 1990/07/16  12   Number of Storms Begun  3
      1   1   -145.99  -50.77    974.09    1990/07/16  12
      1   2   -141.24  -52.46    974.05    1990/07/17  00
      1   3   -135.92  -53.13    974.37    1990/07/17  12
      1   4   -130.58  -57.44    972.98    1990/07/18  00
      1   5   -124.34  -60.79    969.65    1990/07/18  12
      1   6   -116.63  -68.17    969.52    1990/07/19  00
      1   7   -118.86  -69.78    969.74    1990/07/19  12
      1   8   -126.36  -71.67    974.26    1990/07/20  00
      2   1     75.57  -47.13    989.75    1990/07/16  12
      2   2     79.22  -43.75    982.57    1990/07/17  00
      2   3     83.36  -43.93    979.82    1990/07/17  12
      2   4     86.41  -43.52    986.75    1990/07/18  00
      2   5     90.72  -43.20    995.25    1990/07/18  12
      3   1     -4.05   24.79   1009.00    1990/07/16  12
      3   2     -2.68   22.29   1007.27    1990/07/17  00
      3   3     -4.10   21.21   1007.94    1990/07/17  12
      3   4     -4.78   21.65   1006.82    1990/07/18  00
 1990/07/17  00   Number of Storms Begun  2
      1   1    130.18  -47.96    974.58    1990/07/17  00
      1   2    130.71  -52.67    973.73    1990/07/17  12
      1   3    128.72  -57.04    973.17    1990/07/18  00
      1   4    126.12  -58.17    974.22    1990/07/18  12
      1   5    125.40  -59.35    969.18    1990/07/19  00
      2   1    -32.30   56.60   1009.20    1990/07/17  00
      2   2    -29.56   56.80   1009.23    1990/07/17  12
      2   3    -27.73   58.26   1006.57    1990/07/18  00
      2   4    -26.81   60.46   1000.99    1990/07/18  12
      2   5    -28.78   62.40   1000.26    1990/07/19  00
 1990/07/17  12   Number of Storms Begun  1
      1   1    178.75  -22.63   1006.71    1990/07/17  12
      1   2   -177.12  -23.34   1006.12    1990/07/18  00
      1   3   -167.91  -26.65   1003.47    1990/07/18  12
      1   4   -159.46  -31.25    995.49    1990/07/19  00
      1   5   -150.71  -33.81    988.77    1990/07/19  12
      1   6   -142.20  -37.92    978.22    1990/07/20  00
      1   7   -134.36  -42.77    962.62    1990/07/20  12
      1   8   -129.42  -48.26    953.06    1990/07/21  00
      1   9   -124.98  -52.48    955.90    1990/07/21  12
      1  10   -120.83  -55.17    955.46    1990/07/22  00
      1  11   -114.49  -58.74    955.97    1990/07/22  12
      1  12   -110.22  -61.32    952.52    1990/07/23  00
      1  13   -107.67  -62.44    951.91    1990/07/23  12
      1  14   -106.71  -62.59    951.67    1990/07/24  00
      1  15   -105.40  -62.49    954.59    1990/07/24  12
      1  16   -102.83  -62.74    963.21    1990/07/25  00
 1990/07/18  00   Number of Storms Begun  1
      1   1    -89.69   51.47   1003.36    1990/07/18  00
      1   2    -83.28   55.81   1001.35    1990/07/18  12
      1   3    -78.31   56.55   1000.67    1990/07/19  00
      1   4    -72.37   55.41    998.27    1990/07/19  12
      1   5    -66.15   54.92    999.04    1990/07/20  00
      1   6    -57.77   53.57    996.59    1990/07/20  12
      1   7    -51.48   54.52    994.44    1990/07/21  00
      1   8    -47.75   56.18    996.16    1990/07/21  12
 1990/07/18  12   Number of Storms Begun  2
      1   1     25.69   57.31   1004.16    1990/07/18  12
      1   2     27.63   57.60   1005.88    1990/07/19  00
      1   3     28.30   58.62   1007.09    1990/07/19  12
      1   4     27.16   59.09   1007.40    1990/07/20  00
      2   1    137.84   64.85    994.73    1990/07/18  12
      2   2    144.60   65.32    987.09    1990/07/19  00
      2   3    152.17   67.30    988.61    1990/07/19  12
      2   4    151.94   69.56    992.68    1990/07/20  00
 1990/07/19  00   Number of Storms Begun  1
      1   1   -157.81   -2.13   1008.06    1990/07/19  00
      1   2   -159.88   -2.71   1008.93    1990/07/19  12
      1   3   -167.73   -3.60   1008.50    1990/07/20  00
      1   4   -172.98   -1.15   1008.76    1990/07/20  12
 1990/07/19  12   Number of Storms Begun  3
      1   1    -39.30  -45.81    981.95    1990/07/19  12
      1   2    -28.38  -50.38    972.60    1990/07/20  00
      1   3    -25.44  -53.45    966.64    1990/07/20  12
      1   4    -22.84  -54.29    963.80    1990/07/21  00
      1   5    -18.38  -55.86    961.01    1990/07/21  12
      1   6    -14.51  -56.88    957.82    1990/07/22  00
      1   7    -10.41  -57.40    953.86    1990/07/22  12
      1   8     -6.56  -58.77    951.59    1990/07/23  00
      1   9     -2.90  -61.45    952.28    1990/07/23  12
      1  10     -0.90  -63.47    955.85    1990/07/24  00
      2   1    -31.23   61.60    998.14    1990/07/19  12
      2   2    -28.79   63.48   1000.79    1990/07/20  00
      2   3    -41.97   74.22   1000.04    1990/07/20  12
      2   4    -87.41   74.96    995.29    1990/07/21  00
      2   5    -80.83   72.68    992.97    1990/07/21  12
      2   6    -76.66   73.00    990.76    1990/07/22  00
      3   1   -115.80   83.61   1000.87    1990/07/19  12
      3   2   -117.95   81.19    999.25    1990/07/20  00
      3   3    -99.96   78.69    999.02    1990/07/20  12
      3   4    -87.41   74.96    995.29    1990/07/21  00
 1990/07/20  00   Number of Storms Begun  1
      1   1     35.52  -47.96    991.60    1990/07/20  00
      1   2     39.31  -52.68    984.58    1990/07/20  12
      1   3     43.33  -57.02    978.33    1990/07/21  00
      1   4     46.65  -58.39    973.36    1990/07/21  12
      1   5     51.38  -58.51    974.33    1990/07/22  00
      1   6     57.12  -58.10    979.04    1990/07/22  12
      1   7     64.51  -58.92    978.81    1990/07/23  00
      1   8     73.11  -59.60    980.56    1990/07/23  12
      1   9     88.77  -61.09    978.08    1990/07/24  00
      1  10     95.89  -61.21    975.28    1990/07/24  12
      1  11    105.45  -60.50    975.40    1990/07/25  00
 1990/07/20  12   Number of Storms Begun  3
      1   1   -176.75  -63.98    974.23    1990/07/20  12
      1   2   -172.83  -73.29    978.86    1990/07/21  00
      1   3   -173.78  -73.75    982.67    1990/07/21  12
      1   4   -160.85  -80.22    983.19    1990/07/22  00
      2   1    -78.89   10.66   1010.06    1990/07/20  12
      2   2    -78.83   10.60   1009.69    1990/07/21  00
      2   3    -79.20    9.77   1011.63    1990/07/21  12
      2   4    -80.55    8.35   1009.92    1990/07/22  00
      2   5    -81.50    7.36   1010.49    1990/07/22  12
      3   1      1.69   21.07   1005.45    1990/07/20  12
      3   2      0.76   19.83   1004.22    1990/07/21  00
      3   3     -1.42   20.22   1006.83    1990/07/21  12
      3   4     -4.06   20.92   1005.32    1990/07/22  00
      3   5     -4.47   21.56   1005.34    1990/07/22  12
      3   6     -8.24   20.50   1005.39    1990/07/23  00
      3   7    -11.98   19.36   1006.51    1990/07/23  12
      3   8    -13.46   19.36   1007.10    1990/07/24  00
      3   9    -14.39   20.64   1008.43    1990/07/24  12
 1990/07/21  00   Number of Storms Begun  1
      1   1    111.44  -56.19    975.40    1990/07/21  00
      1   2    111.96  -55.20    973.05    1990/07/21  12
      1   3    115.87  -45.89    971.98    1990/07/22  00
      1   4    121.11  -44.48    972.70    1990/07/22  12
      1   5    127.57  -45.87    974.32    1990/07/23  00
      1   6    132.82  -51.10    972.43    1990/07/23  12
      1   7    136.62  -54.15    973.29    1990/07/24  00
      1   8    141.53  -62.84    973.40    1990/07/24  12
      1   9    141.85  -64.20    972.26    1990/07/25  00
      1  10    142.68  -64.84    970.04    1990/07/25  12
 1990/07/21  12   Number of Storms Begun  1
      1   1    179.46   55.42    983.68    1990/07/21  12
      1   2   -178.47   53.25    987.76    1990/07/22  00
      1   3   -175.09   51.67    991.60    1990/07/22  12
      1   4   -171.27   52.16    995.20    1990/07/23  00
      1   5   -167.80   53.55    999.54    1990/07/23  12
      1   6   -165.65   55.37   1002.82    1990/07/24  00
 1990/07/22  00   Number of Storms Begun  2
      1   1    108.51   50.68    994.81    1990/07/22  00
      1   2    112.97   48.70    992.97    1990/07/22  12
      1   3    118.07   48.40    993.71    1990/07/23  00
      1   4    123.98   46.84    993.08    1990/07/23  12
      1   5    130.87   47.30    991.64    1990/07/24  00
      1   6    134.41   46.59    993.72    1990/07/24  12
      1   7    138.88   47.65    996.63    1990/07/25  00
      1   8    142.30   46.28    997.34    1990/07/25  12
      2   1     80.65   55.64    996.34    1990/07/22  00
      2   2     80.69   57.28    996.32    1990/07/22  12
      2   3     79.54   59.69    997.01    1990/07/23  00
      2   4     79.01   61.57    998.86    1990/07/23  12
 1990/07/22  12   Number of Storms Begun  1
      1   1    -47.00   -3.72   1014.06    1990/07/22  12
      1   2    -48.95  -11.11   1011.44    1990/07/23  00
      1   3    -49.80  -12.48   1012.96    1990/07/23  12
      1   4    -50.39  -13.30   1010.00    1990/07/24  00
 1990/07/23  00   Number of Storms Begun  0
 1990/07/23  12   Number of Storms Begun  4
      1   1    169.27   -1.02   1010.16    1990/07/23  12
      1   2    175.32    1.18   1009.46    1990/07/24  00
      1   3    178.98    1.58   1008.99    1990/07/24  12
      1   4   -175.64   -2.39   1007.33    1990/07/25  00
      2   1     44.41   55.62    998.35    1990/07/23  12
      2   2     49.46   55.12    998.06    1990/07/24  00
      2   3     58.79   56.21    998.19    1990/07/24  12
      2   4     64.09   54.62    997.59    1990/07/25  00
      2   5     72.58   53.05    994.11    1990/07/25  12
      2   6     76.69   53.80    993.41    1990/07/26  00
      2   7     79.70   55.48    994.12    1990/07/26  12
      2   8     80.08   55.77    995.37    1990/07/27  00
      2   9     81.76   57.80    995.09    1990/07/27  12
      2  10     83.61   58.96    997.53    1990/07/28  00
      2  11     86.32   59.96    999.75    1990/07/28  12
      2  12     84.03   64.05    999.87    1990/07/29  00
      3   1    -31.86   57.85    999.06    1990/07/23  12
      3   2    -29.73   59.52    998.15    1990/07/24  00
      3   3    -29.17   60.49    998.71    1990/07/24  12
      3   4    -28.63   60.45   1001.08    1990/07/25  00
      3   5    -27.32   59.92   1004.51    1990/07/25  12
      3   6    -27.02   59.58   1008.11    1990/07/26  00
      4   1    -90.30   63.00    996.58    1990/07/23  12
      4   2    -80.65   63.87    997.44    1990/07/24  00
      4   3    -73.29   66.52    998.52    1990/07/24  12
      4   4    -66.19   70.71    999.73    1990/07/25  00
      4   5    -60.67   75.85   1001.73    1990/07/25  12
      4   6   -112.57   79.10   1002.20    1990/07/26  00
 1990/07/24  00   Number of Storms Begun  1
      1   1     82.99   21.65    998.25    1990/07/24  00
      1   2     73.33   27.68    995.84    1990/07/24  12
      1   3     73.28   27.70    996.77    1990/07/25  00
      1   4     69.47   28.71    992.87    1990/07/25  12
 1990/07/24  12   Number of Storms Begun  0
 1990/07/25  00   Number of Storms Begun  3
      1   1     54.47  -57.22    973.84    1990/07/25  00
      1   2     62.73  -57.38    966.47    1990/07/25  12
      1   3     72.16  -57.22    967.05    1990/07/26  00
      1   4     79.50  -56.83    960.55    1990/07/26  12
      1   5     91.85  -60.12    961.75    1990/07/27  00
      1   6    106.67  -60.95    967.62    1990/07/27  12
      1   7    118.54  -62.71    965.76    1990/07/28  00
      1   8    128.84  -62.60    967.82    1990/07/28  12
      1   9    129.74  -62.34    967.66    1990/07/29  00
      1  10    136.10  -63.26    973.05    1990/07/29  12
      1  11    148.57  -64.17    977.56    1990/07/30  00
      2   1   -121.32   16.45   1007.25    1990/07/25  00
      2   2   -122.25   16.11   1007.28    1990/07/25  12
      2   3   -123.60   16.61   1006.93    1990/07/26  00
      2   4   -124.39   16.06   1008.49    1990/07/26  12
      3   1    167.31   66.64    997.88    1990/07/25  00
      3   2   -177.80   60.87    994.86    1990/07/25  12
      3   3   -170.69   58.97    996.94    1990/07/26  00
      3   4   -161.95   56.09    999.15    1990/07/26  12
      3   5   -158.53   55.31   1000.93    1990/07/27  00
      3   6   -158.13   54.55   1002.49    1990/07/27  12
 1990/07/25  12   Number of Storms Begun  3
      1   1     18.64  -59.75    971.52    1990/07/25  12
      1   2     20.73  -61.05    970.76    1990/07/26  00
      1   3     26.04  -61.03    971.63    1990/07/26  12
      1   4     35.32  -64.51    972.81    1990/07/27  00
      2   1   -174.02  -18.97   1007.44    1990/07/25  12
      2   2   -174.17  -23.46   1004.10    1990/07/26  00
      2   3   -173.65  -25.31   1001.02    1990/07/26  12
      2   4   -170.91  -25.36    999.84    1990/07/27  00
      2   5   -166.51  -32.80    993.61    1990/07/27  12
      2   6   -162.63  -36.73    984.91    1990/07/28  00
      2   7   -160.40  -39.02    978.97    1990/07/28  12
      2   8   -158.61  -39.16    980.06    1990/07/29  00
      3   1    142.30   46.28    997.34    1990/07/25  12
      3   2    145.74   54.47    995.04    1990/07/26  00
      3   3    142.11   57.57    996.30    1990/07/26  12
      3   4    136.55   59.25    995.29    1990/07/27  00
      3   5    135.87   64.05    996.49    1990/07/27  12
      3   6    139.73   68.64    995.54    1990/07/28  00
      3   7    136.44   72.88    998.94    1990/07/28  12
      3   8    125.23   75.75    998.86    1990/07/29  00
      3   9    117.94   76.59    998.54    1990/07/29  12
      3  10    117.02   76.31    999.41    1990/07/30  00
 1990/07/26  00   Number of Storms Begun  1
      1   1    -45.26  -49.16    989.12    1990/07/26  00
      1   2    -28.21  -46.61    979.23    1990/07/26  12
      1   3    -16.09  -48.42    978.32    1990/07/27  00
      1   4     -3.01  -50.61    969.71    1990/07/27  12
      1   5      6.73  -53.00    963.21    1990/07/28  00
      1   6     16.53  -56.72    963.65    1990/07/28  12
      1   7     22.76  -60.31    957.10    1990/07/29  00
      1   8     27.18  -63.64    951.11    1990/07/29  12
      1   9     26.78  -66.29    946.28    1990/07/30  00
      1  10     25.01  -67.09    941.40    1990/07/30  12
      1  11     22.01  -67.59    949.47    1990/07/31  00
 1990/07/26  12   Number of Storms Begun  0
 1990/07/27  00   Number of Storms Begun  3
      1   1      0.33   18.91   1007.07    1990/07/27  00
      1   2     -0.59   20.75   1006.07    1990/07/27  12
      1   3     -1.20   20.94   1007.97    1990/07/28  00
      1   4     -2.41   23.37   1008.49    1990/07/28  12
      2   1    -49.83   54.62   1008.60    1990/07/27  00
      2   2    -39.43   52.58    998.92    1990/07/27  12
      2   3    -33.51   51.75    990.82    1990/07/28  00
      2   4    -27.76   51.37    989.95    1990/07/28  12
      2   5    -22.58   52.11    990.01    1990/07/29  00
      2   6    -19.21   54.94    990.36    1990/07/29  12
      2   7    -18.11   58.42    994.40    1990/07/30  00
      2   8    -17.78   60.52    996.59    1990/07/30  12
      3   1   -102.92   46.72   1005.30    1990/07/27  00
      3   2   -106.48   52.94   1005.49    1990/07/27  12
      3   3   -103.43   55.83   1003.38    1990/07/28  00
      3   4    -96.89   58.27    999.93    1990/07/28  12
      3   5    -89.58   59.69    995.31    1990/07/29  00
      3   6    -84.72   61.69    988.57    1990/07/29  12
      3   7    -84.05   63.28    984.70    1990/07/30  00
      3   8    -83.96   63.78    983.28    1990/07/30  12
      3   9    -82.05   64.32    985.05    1990/07/31  00
      3  10    -80.13   66.46    986.97    1990/07/31  12
      3  11    -83.32   69.23    985.93    1990/08/01  00
      3  12    -85.02   70.34    988.45    1990/08/01  12
      3  13    -84.63   70.91    989.76    1990/08/02  00
      3  14    -85.92   71.76    996.60    1990/08/02  12
 1990/07/27  12   Number of Storms Begun  5
      1   1    -96.11  -66.18    967.60    1990/07/27  12
      1   2    -93.65  -68.14    972.27    1990/07/28  00
      1   3    -90.60  -69.12    966.20    1990/07/28  12
      1   4    -85.24  -70.14    970.87    1990/07/29  00
      1   5    -43.25  -80.69    975.88    1990/07/29  12
      2   1     58.95  -56.37    969.83    1990/07/27  12
      2   2     68.02  -56.53    963.30    1990/07/28  00
      2   3     73.55  -55.81    973.07    1990/07/28  12
      2   4     80.49  -55.59    974.38    1990/07/29  00
      2   5     89.42  -56.58    979.65    1990/07/29  12
      3   1    -39.46  -43.62    997.67    1990/07/27  12
      3   2    -35.66  -44.79    996.41    1990/07/28  00
      3   3    -27.77  -46.83    995.59    1990/07/28  12
      3   4    -25.48  -46.82    996.34    1990/07/29  00
      3   5    -15.39  -48.18    992.03    1990/07/29  12
      4   1    159.17  -32.22   1001.56    1990/07/27  12
      4   2    164.32  -33.45    991.92    1990/07/28  00
      4   3    169.48  -35.31    983.62    1990/07/28  12
      4   4    173.88  -35.52    982.73    1990/07/29  00
      4   5    178.72  -35.03    987.20    1990/07/29  12
      4   6   -175.25  -34.97    993.53    1990/07/30  00
      4   7   -169.45  -34.60    992.76    1990/07/30  12
      4   8   -167.24  -34.08    993.36    1990/07/31  00
      4   9   -165.19  -33.99    995.86    1990/07/31  12
      4  10   -163.06  -32.34    995.49    1990/08/01  00
      4  11   -160.36  -31.02    997.38    1990/08/01  12
      4  12   -158.22  -30.23    997.91    1990/08/02  00
      4  13   -157.29  -29.25    998.60    1990/08/02  12
      4  14   -155.69  -28.46    996.50    1990/08/03  00
      4  15   -153.25  -28.59    999.03    1990/08/03  12
      4  16   -151.21  -28.84    999.26    1990/08/04  00
      4  17   -148.53  -30.73   1001.98    1990/08/04  12
      4  18   -144.69  -33.06   1003.10    1990/08/05  00
      4  19   -131.74  -37.34   1005.21    1990/08/05  12
      5   1    108.69   20.63   1000.80    1990/07/27  12
      5   2    115.09   18.94   1001.99    1990/07/28  00
      5   3    115.34   18.41    999.85    1990/07/28  12
      5   4    115.81   18.37    999.21    1990/07/29  00
 1990/07/28  00   Number of Storms Begun  1
      1   1    -76.80   28.37   1008.72    1990/07/28  00
      1   2    -76.68   28.38   1008.18    1990/07/28  12
      1   3    -75.13   29.07   1008.24    1990/07/29  00
      1   4    -73.15   30.53   1005.08    1990/07/29  12
      1   5    -70.78   32.12   1005.83    1990/07/30  00
      1   6    -68.41   33.98   1002.72    1990/07/30  12
      1   7    -66.26   36.23   1001.03    1990/07/31  00
      1   8    -65.30   38.41   1000.06    1990/07/31  12
      1   9    -64.31   39.61    999.14    1990/08/01  00
      1  10    -62.68   41.32   1000.52    1990/08/01  12
      1  11    -61.16   43.83    996.55    1990/08/02  00
      1  12    -59.93   47.90    994.40    1990/08/02  12
      1  13    -60.45   49.84    999.65    1990/08/03  00
 1990/07/28  12   Number of Storms Begun  1
      1   1   -117.33  -44.18    985.71    1990/07/28  12
      1   2   -114.27  -45.86    981.44    1990/07/29  00
      1   3   -113.72  -47.66    981.06    1990/07/29  12
      1   4    -98.89  -49.17    983.91    1990/07/30  00
 1990/07/29  00   Number of Storms Begun  1
      1   1     84.03   64.05    999.87    1990/07/29  00
      1   2     87.00   63.47   1000.25    1990/07/29  12
      1   3     90.23   64.15   1000.76    1990/07/30  00
      1   4     97.64   65.42    997.95    1990/07/30  12
      1   5    102.07   64.45    998.86    1990/07/31  00
      1   6    117.81   70.57    999.85    1990/07/31  12
 1990/07/29  12   Number of Storms Begun  2
      1   1    115.71   18.33    996.52    1990/07/29  12
      1   2    115.26   19.38    995.22    1990/07/30  00
      1   3    115.08   20.52    995.56    1990/07/30  12
      1   4    114.58   22.59    997.48    1990/07/31  00
      1   5    113.59   24.46    997.86    1990/07/31  12
      1   6    113.98   25.38   1000.26    1990/08/01  00
      2   1    144.14   25.05   1003.19    1990/07/29  12
      2   2    146.06   27.36   1003.54    1990/07/30  00
      2   3    147.01   29.56   1002.22    1990/07/30  12
      2   4    149.52   31.00   1001.13    1990/07/31  00
 1990/07/30  00   Number of Storms Begun  2
      1   1   -142.28  -35.23    991.13    1990/07/30  00
      1   2   -134.02  -36.23    989.23    1990/07/30  12
      1   3   -130.44  -38.73    991.29    1990/07/31  00
      1   4   -126.54  -40.40    988.87    1990/07/31  12
      1   5   -126.76  -41.31    988.27    1990/08/01  00
      1   6   -123.64  -42.42    986.15    1990/08/01  12
      1   7   -121.17  -42.74    985.16    1990/08/02  00
      1   8   -106.65  -43.52    989.76    1990/08/02  12
      1   9   -106.57  -43.64    987.36    1990/08/03  00
      1  10   -101.98  -42.44    988.25    1990/08/03  12
      1  11    -96.39  -40.67    987.62    1990/08/04  00
      1  12    -90.92  -40.46    987.49    1990/08/04  12
      1  13    -87.07  -41.62    985.09    1990/08/05  00
      2   1    175.45   54.35    996.84    1990/07/30  00
      2   2   -177.47   54.10    996.21    1990/07/30  12
      2   3   -169.40   53.47    999.10    1990/07/31  00
      2   4   -162.84   53.84   1002.52    1990/07/31  12
      2   5   -158.01   55.26   1005.39    1990/08/01  00
      2   6   -154.34   55.11   1005.52    1990/08/01  12
      2   7   -151.95   55.63   1007.14    1990/08/02  00
      2   8   -151.77   56.33   1005.33    1990/08/02  12
 1990/07/30  12   Number of Storms Begun  1
      1   1     -1.40   22.05   1009.35    1990/07/30  12
      1   2     -1.93   22.25   1007.13    1990/07/31  00
      1   3     -2.01   22.25   1006.72    1990/07/31  12
      1   4     -3.93   22.12   1007.28    1990/08/01  00
      1   5     -4.70   23.47   1007.93    1990/08/01  12
 1990/07/31  00   Number of Storms Begun  2
      1   1    136.76  -63.12    973.05    1990/07/31  00
      1   2    151.10  -63.99    968.90    1990/07/31  12
      1   3    172.18  -63.81    964.54    1990/08/01  00
      1   4   -176.00  -64.11    964.42    1990/08/01  12
      2   1    -28.19   54.47    996.65    1990/07/31  00
      2   2    -26.52   56.93    992.41    1990/07/31  12
      2   3    -25.20   57.53    995.10    1990/08/01  00
      2   4    -21.37   60.65   1000.12    1990/08/01  12
      2   5    -16.74   64.65   1003.80    1990/08/02  00
 1990/07/31  12   Number of Storms Begun  3
      1   1    103.76  -39.62    997.29    1990/07/31  12
      1   2    108.06  -41.54    990.58    1990/08/01  00
      1   3    110.73  -44.03    980.38    1990/08/01  12
      1   4    113.19  -45.68    976.48    1990/08/02  00
      1   5    116.26  -45.19    978.66    1990/08/02  12
      1   6    129.26  -48.55    981.45    1990/08/03  00
      1   7    133.53  -48.69    985.89    1990/08/03  12
      2   1    -92.05    6.74   1011.10    1990/07/31  12
      2   2    -79.82    9.92   1009.96    1990/08/01  00
      2   3    -79.52    9.18   1011.00    1990/08/01  12
      2   4    -77.88    8.94   1010.00    1990/08/02  00
      3   1    138.86   21.51    999.59    1990/07/31  12
      3   2    137.98   23.15   1001.35    1990/08/01  00
      3   3    138.06   24.36   1001.22    1990/08/01  12
      3   4    137.80   27.13   1002.29    1990/08/02  00
      3   5    138.13   30.21   1003.42    1990/08/02  12
      3   6    138.36   30.90   1003.96    1990/08/03  00
 1990/08/01  00   Number of Storms Begun  1
      1   1    153.18   35.44   1000.65    1990/08/01  00
      1   2    154.89   39.17   1001.45    1990/08/01  12
      1   3    155.87   41.54    999.74    1990/08/02  00
      1   4    158.39   44.99    997.89    1990/08/02  12
      1   5    163.37   48.37    991.36    1990/08/03  00
      1   6    167.77   52.35    988.91    1990/08/03  12
      1   7    169.75   54.11    984.93    1990/08/04  00
      1   8    173.40   55.72    983.17    1990/08/04  12
      1   9    177.02   57.40    984.08    1990/08/05  00
      1  10    179.70   58.50    986.82    1990/08/05  12
      1  11   -178.52   58.77    987.70    1990/08/06  00
      1  12   -177.31   58.63    992.45    1990/08/06  12
      1  13   -176.48   58.72    997.44    1990/08/07  00
      1  14   -174.85   58.26   1000.91    1990/08/07  12
      1  15   -175.15   57.14   1003.56    1990/08/08  00
 1990/08/01  12   Number of Storms Begun  3
      1   1     59.16  -60.17    970.30    1990/08/01  12
      1   2     67.97  -62.06    967.52    1990/08/02  00
      1   3     80.47  -63.10    961.59    1990/08/02  12
      1   4     81.96  -63.48    966.91    1990/08/03  00
      1   5     84.98  -63.72    968.18    1990/08/03  12
      1   6     91.12  -62.74    972.78    1990/08/04  00
      1   7    100.63  -63.30    978.58    1990/08/04  12
      1   8    120.63  -62.26    981.27    1990/08/05  00
      1   9    130.99  -62.57    976.42    1990/08/05  12
      1  10    150.72  -62.70    974.37    1990/08/06  00
      1  11    161.35  -63.62    971.13    1990/08/06  12
      1  12    170.04  -63.64    966.51    1990/08/07  00
      1  13    177.11  -57.77    954.11    1990/08/07  12
      2   1      3.30  -58.50    963.61    1990/08/01  12
      2   2     13.84  -58.37    961.48    1990/08/02  00
      2   3     20.82  -58.63    963.97    1990/08/02  12
      2   4     27.02  -58.80    969.47    1990/08/03  00
      2   5     34.12  -59.04    970.77    1990/08/03  12
      2   6     46.16  -59.44    971.58    1990/08/04  00
      2   7     60.33  -60.69    971.97    1990/08/04  12
      2   8     76.29  -60.76    967.86    1990/08/05  00
      2   9     83.85  -61.78    966.07    1990/08/05  12
      2  10     84.32  -64.90    961.94    1990/08/06  00
      2  11     77.66  -68.07    966.72    1990/08/06  12
      3   1    154.52  -18.96   1010.38    1990/08/01  12
      3   2    156.36  -22.52   1009.87    1990/08/02  00
      3   3    156.60  -30.10   1004.36    1990/08/02  12
      3   4    154.76  -34.36    994.86    1990/08/03  00
 1990/08/02  00   Number of Storms Begun  1
      1   1    161.70  -64.55    961.43    1990/08/02  00
      1   2   -179.79  -65.07    957.80    1990/08/02  12
      1   3   -167.30  -66.37    953.65    1990/08/03  00
      1   4   -160.30  -67.31    953.42    1990/08/03  12
      1   5   -147.03  -69.33    950.90    1990/08/04  00
      1   6   -138.51  -70.54    948.35    1990/08/04  12
      1   7   -128.00  -71.32    953.49    1990/08/05  00
      1   8   -126.49  -72.66    956.23    1990/08/05  12
      1   9   -113.78  -72.60    952.35    1990/08/06  00
 1990/08/02  12   Number of Storms Begun  2
      1   1    -29.77  -57.02    972.67    1990/08/02  12
      1   2    -19.17  -58.59    964.72    1990/08/03  00
      1   3    -11.90  -59.19    962.22    1990/08/03  12
      1   4     -4.95  -59.07    966.11    1990/08/04  00
      1   5      6.29  -59.07    970.15    1990/08/04  12
      1   6     28.35  -59.37    975.95    1990/08/05  00
      2   1    -85.92   71.76    996.60    1990/08/02  12
      2   2    -41.08   73.61   1001.40    1990/08/03  00
      2   3     -3.06   71.55    999.35    1990/08/03  12
      2   4      7.31   73.11    999.11    1990/08/04  00
      2   5     59.16   76.89    994.35    1990/08/04  12
      2   6     58.35   76.31    990.21    1990/08/05  00
 1990/08/03  00   Number of Storms Begun  3
      1   1     98.73  -11.72   1007.16    1990/08/03  00
      1   2     98.98  -11.47   1006.86    1990/08/03  12
      1   3     99.43  -11.58   1008.00    1990/08/04  00
      1   4    100.40  -12.38   1007.97    1990/08/04  12
      1   5    101.14  -13.30   1008.91    1990/08/05  00
      1   6    101.21  -13.57   1008.60    1990/08/05  12
      2   1    -89.11   58.19    995.86    1990/08/03  00
      2   2    -80.36   58.99    997.82    1990/08/03  12
      2   3    -72.79   61.84    999.18    1990/08/04  00
      2   4    -67.91   64.69   1000.68    1990/08/04  12
      3   1     89.22   78.61   1001.99    1990/08/03  00
      3   2     79.52   78.35   1000.64    1990/08/03  12
      3   3     70.82   79.33    997.53    1990/08/04  00
      3   4     59.16   76.89    994.35    1990/08/04  12
 1990/08/03  12   Number of Storms Begun  1
      1   1    -11.22   23.03   1008.53    1990/08/03  12
      1   2     -1.40   23.75   1008.25    1990/08/04  00
      1   3     -0.79   22.38   1008.97    1990/08/04  12
      1   4     -1.54   21.50   1009.48    1990/08/05  00
 1990/08/04  00   Number of Storms Begun  2
      1   1    153.84  -43.57    985.90    1990/08/04  00
      1   2    155.95  -47.99    977.89    1990/08/04  12
      1   3    160.61  -50.35    971.04    1990/08/05  00
      1   4    162.24  -51.08    973.16    1990/08/05  12
      1   5    150.72  -62.70    974.37    1990/08/06  00
      2   1    -24.42   38.16   1012.61    1990/08/04  00
      2   2    -29.07   38.22   1012.66    1990/08/04  12
      2   3    -31.53   37.52   1015.70    1990/08/05  00
      2   4    -33.28   36.51   1016.82    1990/08/05  12
      2   5    -33.48   35.59   1016.55    1990/08/06  00
 1990/08/04  12   Number of Storms Begun  3
      1   1    -26.64  -47.78    981.69    1990/08/04  12
      1   2    -17.00  -50.55    969.15    1990/08/05  00
      1   3     -9.33  -53.52    958.55    1990/08/05  12
      1   4     -1.29  -56.90    951.20    1990/08/06  00
      1   5      6.28  -60.13    948.51    1990/08/06  12
      1   6     12.65  -61.97    954.01    1990/08/07  00
      1   7     20.51  -65.02    963.90    1990/08/07  12
      1   8     26.05  -67.26    972.06    1990/08/08  00
      1   9     26.16  -68.05    978.56    1990/08/08  12
      1  10     30.51  -68.43    982.82    1990/08/09  00
      1  11     37.17  -67.53    971.69    1990/08/09  12
      1  12     40.23  -67.29    969.65    1990/08/10  00
      2   1   -146.57   -0.19   1008.76    1990/08/04  12
      2   2   -136.98   -1.03   1008.46    1990/08/05  00
      2   3   -135.32    1.24   1008.59    1990/08/05  12
      2   4   -133.28    3.38   1008.91    1990/08/06  00
      3   1    141.87   33.13   1000.94    1990/08/04  12
      3   2    143.05   33.49    998.66    1990/08/05  00
      3   3    144.23   33.32    997.14    1990/08/05  12
      3   4    144.79   33.64    994.73    1990/08/06  00
      3   5    145.33   33.91    995.63    1990/08/06  12
      3   6    147.03   34.59    993.69    1990/08/07  00
      3   7    147.70   36.12    994.70    1990/08/07  12
      3   8    150.23   38.10    994.27    1990/08/08  00
      3   9    155.68   45.55    996.44    1990/08/08  12
      3  10    159.28   50.72    988.63    1990/08/09  00
      3  11    163.22   52.55    989.41    1990/08/09  12
      3  12    169.35   54.03    986.51    1990/08/10  00
      3  13    173.44   54.59    983.18    1990/08/10  12
      3  14    176.36   56.23    979.49    1990/08/11  00
      3  15    177.75   57.31    984.27    1990/08/11  12
 1990/08/05  00   Number of Storms Begun  1
      1   1    -94.99   68.24   1006.12    1990/08/05  00
      1   2    -88.32   68.90   1005.19    1990/08/05  12
      1   3    -84.87   70.10   1006.53    1990/08/06  00
      1   4    -87.03   70.90   1006.07    1990/08/06  12
 1990/08/05  12   Number of Storms Begun  1
      1   1    166.01   -5.68   1009.53    1990/08/05  12
      1   2    176.82   -0.86   1009.33    1990/08/06  00
      1   3   -179.58   -1.38   1010.09    1990/08/06  12
      1   4   -168.76    0.45   1009.59    1990/08/07  00
      1   5   -158.50   -2.91   1009.23    1990/08/07  12
      1   6   -152.27   -2.03   1009.09    1990/08/08  00
 1990/08/06  00   Number of Storms Begun  3
      1   1   -113.78  -72.60    952.35    1990/08/06  00
      1   2   -119.71  -74.31    949.83    1990/08/06  12
      1   3   -151.52  -80.44    962.24    1990/08/07  00
      1   4   -160.54  -80.42    967.53    1990/08/07  12
      2   1    -33.48   35.59   1016.55    1990/08/06  00
      2   2    -34.00   35.72   1016.51    1990/08/06  12
      2   3    -34.43   36.47   1016.11    1990/08/07  00
      2   4    -34.78   36.47   1014.47    1990/08/07  12
      3   1     31.25   68.36    990.51    1990/08/06  00
      3   2     42.14   71.84    990.40    1990/08/06  12
      3   3     59.47   76.96    987.24    1990/08/07  00
      3   4     64.44   82.61    984.22    1990/08/07  12
 1990/08/06  12   Number of Storms Begun  2
      1   1   -155.90    1.67   1009.64    1990/08/06  12
      1   2   -168.76    0.45   1009.59    1990/08/07  00
      1   3    179.69   -0.59   1009.41    1990/08/07  12
      1   4    173.88   -0.56   1009.61    1990/08/08  00
      1   5    170.32    7.57   1010.07    1990/08/08  12
      2   1   -121.25   59.06   1006.13    1990/08/06  12
      2   2   -116.92   60.55    998.71    1990/08/07  00
      2   3   -112.30   61.58    995.33    1990/08/07  12
      2   4    -95.55   59.81   1000.26    1990/08/08  00
      2   5    -87.71   58.47   1000.97    1990/08/08  12
      2   6    -78.17   58.96    999.75    1990/08/09  00
      2   7    -71.51   61.26    993.63    1990/08/09  12
      2   8    -67.14   62.28    992.96    1990/08/10  00
      2   9    -60.14   63.74    997.53    1990/08/10  12
 1990/08/07  00   Number of Storms Begun  2
      1   1   -109.01  -60.79    968.84    1990/08/07  00
      1   2    -98.77  -62.67    955.90    1990/08/07  12
      1   3    -90.37  -66.13    953.66    1990/08/08  00
      1   4    -88.50  -68.96    956.53    1990/08/08  12
      1   5    -88.63  -69.37    965.96    1990/08/09  00
      2   1     84.08  -52.82    982.88    1990/08/07  00
      2   2     92.87  -55.00    983.54    1990/08/07  12
      2   3    100.46  -57.94    973.45    1990/08/08  00
      2   4    108.68  -60.12    967.79    1990/08/08  12
      2   5    114.98  -62.39    962.04    1990/08/09  00
      2   6    121.99  -63.77    965.73    1990/08/09  12
      2   7    131.54  -63.99    972.10    1990/08/10  00
 1990/08/07  12   Number of Storms Begun  2
      1   1    177.11  -57.77    954.11    1990/08/07  12
      1   2   -177.58  -62.75    937.72    1990/08/08  00
      1   3   -171.27  -66.95    935.38    1990/08/08  12
      1   4   -168.10  -69.14    933.34    1990/08/09  00
      1   5   -161.03  -71.17    939.72    1990/08/09  12
      1   6   -154.18  -73.13    945.43    1990/08/10  00
      1   7   -152.16  -74.72    952.83    1990/08/10  12
      1   8   -161.57  -80.35    951.21    1990/08/11  00
      2   1    -34.78   36.47   1014.47    1990/08/07  12
      2   2    -34.20   36.40   1014.06    1990/08/08  00
      2   3    -33.28   37.06   1014.17    1990/08/08  12
      2   4    -31.25   37.58   1014.39    1990/08/09  00
      2   5    -29.20   39.42   1014.06    1990/08/09  12
 1990/08/08  00   Number of Storms Begun  1
      1   1     -5.17  -46.27    969.60    1990/08/08  00
      1   2     -0.70  -47.90    960.90    1990/08/08  12
      1   3      1.59  -48.21    963.34    1990/08/09  00
      1   4      4.60  -47.09    972.59    1990/08/09  12
 1990/08/08  12   Number of Storms Begun  3
      1   1    -48.40  -47.12    996.65    1990/08/08  12
      1   2    -40.46  -47.59    994.12    1990/08/09  00
      1   3    -34.52  -47.06    992.48    1990/08/09  12
      1   4    -29.73  -46.09    995.26    1990/08/10  00
      1   5    -28.73  -44.46    998.30    1990/08/10  12
      1   6    -25.14  -44.86    995.97    1990/08/11  00
      2   1   -155.74    4.32   1008.79    1990/08/08  12
      2   2   -153.78    2.42   1008.55    1990/08/09  00
      2   3   -150.44    3.80   1008.71    1990/08/09  12
      2   4   -146.21    1.09   1007.76    1990/08/10  00
      3   1    135.18   27.95   1000.65    1990/08/08  12
      3   2    135.23   29.47   1000.15    1990/08/09  00
      3   3    135.81   32.03   1000.47    1990/08/09  12
      3   4    136.56   35.86    999.41    1990/08/10  00
      3   5    137.80   38.79   1000.49    1990/08/10  12
      3   6    141.73   43.31    998.88    1990/08/11  00
      3   7    149.05   45.45    995.85    1990/08/11  12
      3   8    157.58   47.98    991.91    1990/08/12  00
      3   9    164.30   50.91    989.53    1990/08/12  12
      3  10    171.25   53.80    987.61    1990/08/13  00
      3  11    174.94   57.00    989.65    1990/08/13  12
      3  12    174.10   60.18    990.40    1990/08/14  00
      3  13    172.83   62.25    990.30    1990/08/14  12
      3  14    172.32   64.15    992.12    1990/08/15  00
      3  15    171.25   66.16    993.59    1990/08/15  12
      3  16    168.87   67.24    993.71    1990/08/16  00
 1990/08/09  00   Number of Storms Begun  2
      1   1      1.10   19.49   1008.69    1990/08/09  00
      1   2     -1.15   21.04   1008.18    1990/08/09  12
      1   3     -3.35   20.64   1007.97    1990/08/10  00
      1   4     -9.46   20.44   1008.95    1990/08/10  12
      1   5    -13.57   19.43   1010.54    1990/08/11  00
      2   1    -34.94   62.45    995.95    1990/08/09  00
      2   2    -31.26   62.04    991.04    1990/08/09  12
      2   3    -25.87   61.57    993.76    1990/08/10  00
      2   4    -19.99   61.56    995.43    1990/08/10  12
      2   5    -14.53   61.61    997.18    1990/08/11  00
      2   6    -11.70   62.37    996.66    1990/08/11  12
 1990/08/09  12   Number of Storms Begun  4
      1   1    -79.82  -61.40    963.70    1990/08/09  12
      1   2    -74.03  -65.10    960.21    1990/08/10  00
      1   3    -67.99  -66.28    962.84    1990/08/10  12
      1   4    -54.10  -63.51    960.00    1990/08/11  00
      1   5    -41.30  -67.16    958.24    1990/08/11  12
      1   6    -46.78  -76.34    955.16    1990/08/12  00
      1   7    -49.95  -77.14    953.19    1990/08/12  12
      2   1   -163.35  -36.88   1006.92    1990/08/09  12
      2   2   -158.82  -38.22   1006.41    1990/08/10  00
      2   3   -156.22  -38.99   1004.57    1990/08/10  12
      2   4   -152.70  -40.30   1001.11    1990/08/11  00
      2   5   -149.97  -41.76   1000.70    1990/08/11  12
      2   6   -147.90  -42.20    993.96    1990/08/12  00
      2   7   -144.74  -42.55    993.20    1990/08/12  12
      3   1    150.96  -41.80   1003.14    1990/08/09  12
      3   2    153.41  -38.72   1004.02    1990/08/10  00
      3   3    161.54  -35.23    998.41    1990/08/10  12
      3   4    164.91  -37.74    991.45    1990/08/11  00
      3   5    166.06  -40.25    987.78    1990/08/11  12
      3   6    168.04  -42.92    987.00    1990/08/12  00
      3   7    167.85  -46.62    986.11    1990/08/12  12
      3   8    162.18  -49.20    986.15    1990/08/13  00
      3   9    161.71  -49.85    987.53    1990/08/13  12
      4   1     15.09   83.93    991.36    1990/08/09  12
      4   2     22.54   83.69    995.41    1990/08/10  00
      4   3     25.50   81.74    996.32    1990/08/10  12
      4   4     42.14   79.97    994.72    1990/08/11  00
      4   5     53.90   80.66    992.96    1990/08/11  12
      4   6     65.06   80.55    996.16    1990/08/12  00
      4   7     80.18   79.66    996.63    1990/08/12  12
      4   8    100.60   78.96    995.98    1990/08/13  00
      4   9    103.53   79.92    996.83    1990/08/13  12
 1990/08/10  00   Number of Storms Begun  1
      1   1    102.97  -54.55    971.85    1990/08/10  00
      1   2    110.56  -56.22    971.37    1990/08/10  12
      1   3    118.62  -57.52    974.12    1990/08/11  00
      1   4    121.54  -58.43    978.08    1990/08/11  12
      1   5    123.57  -60.32    976.42    1990/08/12  00
      1   6    123.11  -61.40    974.22    1990/08/12  12
      1   7    122.48  -62.33    973.76    1990/08/13  00
 1990/08/10  12   Number of Storms Begun  3
      1   1     31.77  -68.30    964.98    1990/08/10  12
      1   2     51.87  -62.53    950.43    1990/08/11  00
      1   3     66.34  -63.45    958.95    1990/08/11  12
      1   4     72.41  -66.31    970.54    1990/08/12  00
      1   5     72.30  -68.59    978.85    1990/08/12  12
      2   1    155.50    9.60   1008.83    1990/08/10  12
      2   2    155.20   10.63   1008.17    1990/08/11  00
      2   3    153.99   14.54   1008.28    1990/08/11  12
      2   4    150.99   15.00   1006.24    1990/08/12  00
      3   1    107.05   42.88    996.51    1990/08/10  12
      3   2    109.53   44.46   1000.73    1990/08/11  00
      3   3    111.46   45.28    999.93    1990/08/11  12
      3   4    121.00   46.15   1003.26    1990/08/12  00
 1990/08/11  00   Number of Storms Begun  1
      1   1    -90.99  -31.59   1006.99    1990/08/11  00
      1   2    -87.68  -33.01   1006.85    1990/08/11  12
      1   3    -86.51  -35.91   1003.36    1990/08/12  00
      1   4    -83.69  -38.80   1002.39    1990/08/12  12
 1990/08/11  12   Number of Storms Begun  0
 1990/08/12  00   Number of Storms Begun  1
      1   1    -12.64   62.43    996.17    1990/08/12  00
      1   2    -11.44   63.39    995.16    1990/08/12  12
      1   3     -7.01   64.51    996.64    1990/08/13  00
      1   4     -4.25   66.88    996.53    1990/08/13  12
      1   5     -4.08   69.60    994.77    1990/08/14  00
      1   6     -5.75   70.46    997.53    1990/08/14  12
 1990/08/12  12   Number of Storms Begun  2
      1   1     11.32   15.31   1008.93    1990/08/12  12
      1   2      0.83   19.31   1008.63    1990/08/13  00
      1   3     -0.32   19.13   1007.18    1990/08/13  12
      1   4     -3.28   19.72   1007.43    1990/08/14  00
      1   5     -5.37   20.30   1009.46    1990/08/14  12
      1   6     -7.84   20.59   1009.12    1990/08/15  00
      2   1    152.13   14.68   1005.30    1990/08/12  12
      2   2    146.24   16.72   1004.11    1990/08/13  00
      2   3    144.58   18.14   1001.75    1990/08/13  12
      2   4    142.51   18.16   1000.13    1990/08/14  00
      2   5    138.38   18.28    997.34    1990/08/14  12
      2   6    135.55   19.00    995.02    1990/08/15  00
      2   7    133.56   19.48    992.22    1990/08/15  12
      2   8    131.30   20.29    990.82    1990/08/16  00
      2   9    129.55   20.93    990.04    1990/08/16  12
      2  10    127.09   21.07    989.07    1990/08/17  00
      2  11    125.48   21.21    987.81    1990/08/17  12
      2  12    124.31   21.75    987.82    1990/08/18  00
      2  13    123.69   23.18    987.18    1990/08/18  12
      2  14    122.04   23.41    985.53    1990/08/19  00
      2  15    121.22   24.31    984.68    1990/08/19  12
      2  16    120.59   25.39    988.07    1990/08/20  00
      2  17    119.59   25.75    989.60    1990/08/20  12
 1990/08/13  00   Number of Storms Begun  0
 1990/08/13  12   Number of Storms Begun  2
      1   1     43.64   57.01   1009.05    1990/08/13  12
      1   2     41.97   57.80   1006.71    1990/08/14  00
      1   3     41.76   58.30   1005.94    1990/08/14  12
      1   4     40.41   58.66   1006.12    1990/08/15  00
      1   5     38.68   57.98   1008.48    1990/08/15  12
      2   1    -96.93   57.73   1001.25    1990/08/13  12
      2   2    -89.55   56.76    995.44    1990/08/14  00
      2   3    -83.91   57.74    987.24    1990/08/14  12
      2   4    -81.74   60.66    982.92    1990/08/15  00
      2   5    -82.18   61.64    982.17    1990/08/15  12
      2   6    -82.35   62.20    986.39    1990/08/16  00
 1990/08/14  00   Number of Storms Begun  3
      1   1   -111.11  -63.22    959.11    1990/08/14  00
      1   2    -94.42  -65.76    945.16    1990/08/14  12
      1   3    -83.08  -67.92    944.85    1990/08/15  00
      1   4    -85.88  -70.72    947.38    1990/08/15  12
      2   1     -9.63  -62.74    969.42    1990/08/14  00
      2   2      0.89  -62.22    969.85    1990/08/14  12
      2   3     13.45  -61.55    969.25    1990/08/15  00
      2   4     34.78  -66.61    959.84    1990/08/15  12
      2   5     34.58  -67.60    959.55    1990/08/16  00
      2   6     27.43  -68.53    967.69    1990/08/16  12
      3   1   -137.33   50.07   1007.16    1990/08/14  00
      3   2   -136.55   49.88   1005.27    1990/08/14  12
      3   3   -135.87   49.17   1003.72    1990/08/15  00
      3   4   -135.18   49.00   1002.58    1990/08/15  12
      3   5   -134.76   48.99   1003.35    1990/08/16  00
 1990/08/14  12   Number of Storms Begun  1
      1   1     85.50   18.65    997.19    1990/08/14  12
      1   2     84.15   18.87    998.85    1990/08/15  00
      1   3     83.81   19.84    996.69    1990/08/15  12
      1   4     82.67   21.06    997.63    1990/08/16  00
      1   5     80.37   20.78    997.27    1990/08/16  12
      1   6     78.44   22.24    998.17    1990/08/17  00
 1990/08/15  00   Number of Storms Begun  3
      1   1    -37.01  -63.26    969.70    1990/08/15  00
      1   2    -20.69  -57.68    965.49    1990/08/15  12
      1   3     -9.59  -56.50    963.40    1990/08/16  00
      1   4      1.45  -56.20    967.46    1990/08/16  12
      1   5     20.59  -57.22    974.48    1990/08/17  00
      1   6     35.44  -58.79    978.97    1990/08/17  12
      1   7     48.55  -62.26    974.84    1990/08/18  00
      1   8     54.12  -63.17    968.39    1990/08/18  12
      1   9     66.59  -63.77    966.55    1990/08/19  00
      1  10     73.12  -65.47    965.71    1990/08/19  12
      1  11     72.50  -66.30    971.87    1990/08/20  00
      2   1   -155.71   -2.28   1006.76    1990/08/15  00
      2   2   -162.41   -2.80   1008.03    1990/08/15  12
      2   3   -171.48   -1.09   1007.30    1990/08/16  00
      2   4    179.90   -1.33   1007.79    1990/08/16  12
      3   1    -12.45   55.16    999.48    1990/08/15  00
      3   2     -5.07   55.61    995.54    1990/08/15  12
      3   3      0.01   58.07    991.36    1990/08/16  00
      3   4      0.74   59.58    990.36    1990/08/16  12
      3   5      1.69   60.05    993.75    1990/08/17  00
      3   6      4.10   61.65    996.90    1990/08/17  12
      3   7      1.00   67.52    999.53    1990/08/18  00
      3   8     -7.18   69.71    993.43    1990/08/18  12
      3   9    -15.64   69.57    997.39    1990/08/19  00
 1990/08/15  12   Number of Storms Begun  2
      1   1    -85.88  -70.72    947.38    1990/08/15  12
      1   2    -83.47  -69.30    950.93    1990/08/16  00
      1   3    -75.58  -68.50    952.05    1990/08/16  12
      1   4    -46.22  -68.04    953.52    1990/08/17  00
      2   1    158.40  -35.69    988.90    1990/08/15  12
      2   2    162.90  -36.69    977.26    1990/08/16  00
      2   3    167.67  -37.17    975.36    1990/08/16  12
      2   4    173.94  -38.02    976.42    1990/08/17  00
      2   5   -179.39  -40.72    975.95    1990/08/17  12
      2   6   -175.46  -42.38    977.22    1990/08/18  00
      2   7   -171.40  -45.18    983.58    1990/08/18  12
 1990/08/16  00   Number of Storms Begun  1
      1   1   -166.33   51.20    998.12    1990/08/16  00
      1   2   -163.18   55.58    988.26    1990/08/16  12
      1   3   -164.32   58.97    982.90    1990/08/17  00
      1   4   -168.21   61.01    984.23    1990/08/17  12
      1   5   -171.49   62.48    986.99    1990/08/18  00
      1   6   -173.30   62.55    993.10    1990/08/18  12
 1990/08/16  12   Number of Storms Begun  1
      1   1    -85.36   61.13    990.47    1990/08/16  12
      1   2    -80.55   59.67    997.13    1990/08/17  00
      1   3    -77.80   58.89    998.97    1990/08/17  12
      1   4    -61.12   57.67   1004.93    1990/08/18  00
 1990/08/17  00   Number of Storms Begun  2
      1   1    136.57  -62.91    976.51    1990/08/17  00
      1   2    146.04  -64.18    972.08    1990/08/17  12
      1   3    153.98  -65.85    973.30    1990/08/18  00
      1   4    153.22  -66.86    975.59    1990/08/18  12
      2   1     -1.88   24.03   1009.00    1990/08/17  00
      2   2     -3.63   23.87   1010.38    1990/08/17  12
      2   3     -4.28   23.42   1009.33    1990/08/18  00
      2   4     -5.94   21.55   1009.74    1990/08/18  12
 1990/08/17  12   Number of Storms Begun  2
      1   1   -140.93  -41.50   1007.78    1990/08/17  12
      1   2   -136.21  -42.35   1008.85    1990/08/18  00
      1   3   -131.25  -43.20   1008.93    1990/08/18  12
      1   4   -127.15  -44.39   1006.90    1990/08/19  00
      1   5   -124.35  -45.54   1002.05    1990/08/19  12
      1   6   -122.13  -45.91    998.22    1990/08/20  00
      2   1   -103.15   10.19   1008.66    1990/08/17  12
      2   2   -104.17   11.91   1007.95    1990/08/18  00
      2   3   -108.13   13.97   1007.86    1990/08/18  12
      2   4   -111.47   14.92   1007.78    1990/08/19  00
      2   5   -114.99   13.71   1007.80    1990/08/19  12
      2   6   -117.00   13.24   1006.92    1990/08/20  00
      2   7   -119.23   14.32   1006.53    1990/08/20  12
      2   8   -120.53   15.10   1006.59    1990/08/21  00
      2   9   -121.81   15.71   1006.94    1990/08/21  12
 1990/08/18  00   Number of Storms Begun  1
      1   1    104.13  -59.47    975.48    1990/08/18  00
      1   2    110.49  -55.62    973.20    1990/08/18  12
      1   3    119.16  -57.61    969.27    1990/08/19  00
      1   4    127.83  -59.75    970.37    1990/08/19  12
      1   5    135.05  -63.12    964.68    1990/08/20  00
      1   6    139.04  -64.30    966.12    1990/08/20  12
      1   7    144.60  -64.92    968.30    1990/08/21  00
 1990/08/18  12   Number of Storms Begun  4
      1   1     -5.94   21.55   1009.74    1990/08/18  12
      1   2     -3.75   22.36   1007.98    1990/08/19  00
      1   3     -2.20   21.69   1009.25    1990/08/19  12
      1   4      0.54   21.54   1009.28    1990/08/20  00
      2   1    115.88   48.70    995.72    1990/08/18  12
      2   2    119.72   50.44    995.18    1990/08/19  00
      2   3    122.45   50.57    993.81    1990/08/19  12
      2   4    125.36   50.55    995.57    1990/08/20  00
      2   5    128.50   50.29    999.95    1990/08/20  12
      3   1     56.91   50.93   1001.92    1990/08/18  12
      3   2     61.79   51.00   1000.47    1990/08/19  00
      3   3     71.15   50.58    998.59    1990/08/19  12
      3   4     78.28   52.63    997.58    1990/08/20  00
      3   5     87.74   55.52    997.33    1990/08/20  12
      3   6     96.34   58.56    995.87    1990/08/21  00
      3   7    103.60   60.87    997.53    1990/08/21  12
      3   8    111.77   64.24   1000.90    1990/08/22  00
      4   1   -115.35   64.60   1005.46    1990/08/18  12
      4   2   -101.28   67.30   1003.12    1990/08/19  00
      4   3    -93.37   71.22    999.12    1990/08/19  12
      4   4    -86.11   72.95    997.54    1990/08/20  00
 1990/08/19  00   Number of Storms Begun  1
      1   1    160.46   49.32    996.36    1990/08/19  00
      1   2    163.54   52.91    988.77    1990/08/19  12
      1   3    164.74   54.28    980.57    1990/08/20  00
      1   4    167.60   53.59    983.58    1990/08/20  12
      1   5    174.47   54.23    985.30    1990/08/21  00
      1   6    176.63   55.67    987.50    1990/08/21  12
      1   7    178.32   57.12    990.93    1990/08/22  00
      1   8    178.17   59.32    996.13    1990/08/22  12
      1   9    175.56   62.56   1000.07    1990/08/23  00
      1  10    176.18   65.39   1003.90    1990/08/23  12
      1  11    175.71   67.33   1005.06    1990/08/24  00
      1  12    172.96   67.85   1010.23    1990/08/24  12
 1990/08/19  12   Number of Storms Begun  5
      1   1   -148.88  -70.31    976.25    1990/08/19  12
      1   2   -138.18  -72.60    971.93    1990/08/20  00
      1   3   -143.42  -79.30    971.45    1990/08/20  12
      1   4   -144.78  -81.74    973.21    1990/08/21  00
      2   1    -68.75  -65.62    948.79    1990/08/19  12
      2   2    -66.82  -62.99    956.05    1990/08/20  00
      2   3    -59.70  -62.80    962.75    1990/08/20  12
      2   4    -36.13  -72.98    968.47    1990/08/21  00
      3   1      3.15  -57.26    970.75    1990/08/19  12
      3   2     17.18  -59.89    964.60    1990/08/20  00
      3   3     28.33  -60.99    960.64    1990/08/20  12
      3   4     37.47  -61.61    960.60    1990/08/21  00
      3   5     46.85  -61.18    963.74    1990/08/21  12
      3   6     59.84  -60.11    964.32    1990/08/22  00
      3   7     70.33  -59.50    960.80    1990/08/22  12
      3   8     80.59  -61.44    958.32    1990/08/23  00
      3   9     86.33  -62.74    960.28    1990/08/23  12
      4   1    -46.80   55.99    998.22    1990/08/19  12
      4   2    -41.79   57.38    997.08    1990/08/20  00
      4   3    -35.95   58.11    992.87    1990/08/20  12
      4   4    -33.47   60.87    986.43    1990/08/21  00
      4   5    -30.77   63.02    980.61    1990/08/21  12
      4   6    -25.62   65.02    985.52    1990/08/22  00
      4   7    -17.60   67.60    990.55    1990/08/22  12
      4   8    -10.64   69.86    996.63    1990/08/23  00
      5   1    103.69   73.17    994.40    1990/08/19  12
      5   2     91.08   73.83    993.66    1990/08/20  00
      5   3     82.47   73.16    993.42    1990/08/20  12
      5   4     74.53   72.53    994.13    1990/08/21  00
      5   5     71.10   71.75    995.12    1990/08/21  12
 1990/08/20  00   Number of Storms Begun  5
      1   1     72.50  -66.30    971.87    1990/08/20  00
      1   2     84.35  -57.87    971.50    1990/08/20  12
      1   3     98.95  -59.46    953.85    1990/08/21  00
      1   4    110.08  -60.66    942.18    1990/08/21  12
      1   5    118.24  -62.94    938.95    1990/08/22  00
      1   6    121.25  -64.57    942.83    1990/08/22  12
      1   7    122.56  -65.12    964.20    1990/08/23  00
      2   1   -122.13  -45.91    998.22    1990/08/20  00
      2   2   -122.61  -47.41    993.16    1990/08/20  12
      2   3   -119.64  -48.79    990.15    1990/08/21  00
      2   4   -116.72  -50.50    988.22    1990/08/21  12
      3   1   -178.16  -37.18   1003.23    1990/08/20  00
      3   2   -176.64  -39.08   1002.77    1990/08/20  12
      3   3   -174.51  -39.83   1003.79    1990/08/21  00
      3   4   -171.31  -39.87   1002.68    1990/08/21  12
      4   1      2.39   57.14   1002.07    1990/08/20  00
      4   2      9.04   57.34    998.36    1990/08/20  12
      4   3     12.67   56.62    997.45    1990/08/21  00
      4   4     17.66   55.90   1002.10    1990/08/21  12
      5   1   -147.02   63.13    996.34    1990/08/20  00
      5   2   -118.21   64.76    997.21    1990/08/20  12
      5   3    -98.44   65.15    991.08    1990/08/21  00
      5   4    -83.93   64.18    987.81    1990/08/21  12
      5   5    -71.80   64.57    986.83    1990/08/22  00
 1990/08/20  12   Number of Storms Begun  2
      1   1     87.17   20.28    996.85    1990/08/20  12
      1   2     85.97   19.81    998.02    1990/08/21  00
      1   3     84.51   20.29    996.33    1990/08/21  12
      1   4     83.55   21.50    996.48    1990/08/22  00
      1   5     81.46   22.39    997.33    1990/08/22  12
      1   6     80.69   22.75    997.85    1990/08/23  00
      1   7     72.76   26.58    996.63    1990/08/23  12
      2   1    119.59   25.75    989.60    1990/08/20  12
      2   2    119.84   26.30    990.81    1990/08/21  00
      2   3    120.80   26.20    992.68    1990/08/21  12
      2   4    126.49   33.73    994.15    1990/08/22  00
      2   5    128.65   40.27    992.06    1990/08/22  12
      2   6    131.63   43.96    988.83    1990/08/23  00
      2   7    134.05   45.29    990.02    1990/08/23  12
      2   8    136.42   45.54    995.89    1990/08/24  00
 1990/08/21  00   Number of Storms Begun  0
 1990/08/21  12   Number of Storms Begun  2
      1   1   -116.72  -50.50    988.22    1990/08/21  12
      1   2   -116.71  -47.91    990.45    1990/08/22  00
      1   3   -113.08  -47.58    991.97    1990/08/22  12
      1   4   -111.29  -47.11    993.45    1990/08/23  00
      1   5   -106.23  -48.97    992.65    1990/08/23  12
      2   1    158.38  -36.80    997.79    1990/08/21  12
      2   2    161.57  -37.44    992.58    1990/08/22  00
      2   3    162.81  -38.54    990.83    1990/08/22  12
      2   4    163.55  -39.64    991.16    1990/08/23  00
      2   5    164.07  -40.36    987.95    1990/08/23  12
      2   6    165.37  -40.45    988.26    1990/08/24  00
      2   7    166.29  -41.92    985.37    1990/08/24  12
      2   8    163.59  -44.15    983.71    1990/08/25  00
 1990/08/22  00   Number of Storms Begun  1
      1   1   -118.18   56.33   1004.61    1990/08/22  00
      1   2   -113.05   56.65    999.06    1990/08/22  12
      1   3   -107.83   56.53    996.41    1990/08/23  00
      1   4   -103.40   56.96    996.65    1990/08/23  12
      1   5    -91.59   56.34   1000.76    1990/08/24  00
      1   6    -80.28   58.50   1000.38    1990/08/24  12
      1   7    -74.03   59.16   1001.84    1990/08/25  00
 1990/08/22  12   Number of Storms Begun  3
      1   1    -80.53  -65.06    975.80    1990/08/22  12
      1   2    -61.35  -67.79    969.74    1990/08/23  00
      1   3    -49.68  -67.75    956.49    1990/08/23  12
      1   4    -40.43  -67.47    954.93    1990/08/24  00
      1   5    -26.12  -59.29    963.57    1990/08/24  12
      1   6    -19.32  -56.55    969.03    1990/08/25  00
      1   7    -11.02  -53.52    970.83    1990/08/25  12
      1   8     -4.44  -52.02    976.61    1990/08/26  00
      1   9      3.93  -50.86    981.82    1990/08/26  12
      1  10     14.12  -50.72    986.25    1990/08/27  00
      1  11     24.69  -50.05    987.73    1990/08/27  12
      2   1   -144.01  -39.65    993.54    1990/08/22  12
      2   2   -136.75  -41.22    990.05    1990/08/23  00
      2   3   -133.78  -41.84    984.29    1990/08/23  12
      2   4   -131.88  -42.42    985.10    1990/08/24  00
      2   5   -129.46  -42.24    986.55    1990/08/24  12
      2   6   -126.66  -42.37    994.22    1990/08/25  00
      3   1     33.15   57.78   1002.64    1990/08/22  12
      3   2     35.48   57.57    998.90    1990/08/23  00
      3   3     36.20   58.05    996.93    1990/08/23  12
      3   4     41.19   58.33    995.07    1990/08/24  00
      3   5     47.67   60.43    996.03    1990/08/24  12
      3   6     49.84   60.04    997.42    1990/08/25  00
      3   7     54.20   60.74    996.53    1990/08/25  12
      3   8     60.78   62.53    997.35    1990/08/26  00
 1990/08/23  00   Number of Storms Begun  1
      1   1     67.54   73.13    991.07    1990/08/23  00
      1   2     72.62   72.61    990.32    1990/08/23  12
      1   3     76.12   72.56    990.10    1990/08/24  00
      1   4     88.75   73.47    991.76    1990/08/24  12
      1   5     91.89   75.93    991.19    1990/08/25  00
      1   6     92.31   77.03    991.84    1990/08/25  12
      1   7     92.33   77.45    993.49    1990/08/26  00
      1   8    110.59   78.77    995.39    1990/08/26  12
      1   9    116.75   79.00    992.37    1990/08/27  00
      1  10    119.48   77.09    996.23    1990/08/27  12
      1  11    137.35   73.36    998.19    1990/08/28  00
      1  12    143.76   72.22   1000.83    1990/08/28  12
      1  13    164.69   66.45   1000.04    1990/08/29  00
 1990/08/23  12   Number of Storms Begun  1
      1   1     -1.02   21.16   1007.05    1990/08/23  12
      1   2     -3.36   20.73   1008.70    1990/08/24  00
      1   3     -5.34   20.65   1009.66    1990/08/24  12
      1   4     -6.84   20.97   1008.35    1990/08/25  00
      1   5    -12.64   20.87   1010.62    1990/08/25  12
 1990/08/24  00   Number of Storms Begun  2
      1   1    147.60   12.79   1007.40    1990/08/24  00
      1   2    146.18   12.32   1005.82    1990/08/24  12
      1   3    144.13   13.38   1002.27    1990/08/25  00
      1   4    143.06   14.77   1000.92    1990/08/25  12
      1   5    142.76   15.65   1000.77    1990/08/26  00
      1   6    141.79   17.39   1001.29    1990/08/26  12
      1   7    138.83   18.42    999.30    1990/08/27  00
      1   8    136.84   19.16    998.29    1990/08/27  12
      1   9    134.52   21.01    997.95    1990/08/28  00
      1  10    131.99   22.33    996.41    1990/08/28  12
      1  11    128.96   23.34    994.61    1990/08/29  00
      1  12    126.77   23.84    992.01    1990/08/29  12
      1  13    124.20   25.32    992.34    1990/08/30  00
      1  14    122.70   25.94    992.11    1990/08/30  12
      1  15    121.37   27.49    992.07    1990/08/31  00
      1  16    120.81   28.23    993.43    1990/08/31  12
      1  17    120.93   30.43    997.50    1990/09/01  00
      1  18    121.64   32.14   1001.34    1990/09/01  12
      1  19    124.97   36.66   1002.87    1990/09/02  00
      1  20    128.31   38.59   1001.23    1990/09/02  12
      2   1    158.05   39.30    994.63    1990/08/24  00
      2   2    163.48   37.65    992.93    1990/08/24  12
      2   3    169.23   37.79    994.14    1990/08/25  00
      2   4    173.60   41.21    999.07    1990/08/25  12
 1990/08/24  12   Number of Storms Begun  3
      1   1    119.11  -24.75   1010.39    1990/08/24  12
      1   2    120.90  -25.23   1011.97    1990/08/25  00
      1   3    123.03  -25.19   1009.74    1990/08/25  12
      1   4    124.95  -27.66   1011.56    1990/08/26  00
      2   1    128.22   18.88   1002.39    1990/08/24  12
      2   2    127.23   18.33   1001.88    1990/08/25  00
      2   3    125.90   18.63    999.74    1990/08/25  12
      2   4    124.02   17.82    998.51    1990/08/26  00
      2   5    122.55   17.66    997.88    1990/08/26  12
      2   6    119.63   17.28    997.76    1990/08/27  00
      2   7    117.09   17.18    997.31    1990/08/27  12
      2   8    113.52   17.85    996.99    1990/08/28  00
      2   9    111.63   17.08    995.23    1990/08/28  12
      2  10    109.73   17.20    995.01    1990/08/29  00
      2  11    108.07   17.24    995.24    1990/08/29  12
      2  12    105.93   17.95    998.45    1990/08/30  00
      2  13    100.04   18.28    999.84    1990/08/30  12
      3   1    -39.03   54.27    995.57    1990/08/24  12
      3   2    -34.78   57.80    988.18    1990/08/25  00
      3   3    -34.06   59.11    981.96    1990/08/25  12
      3   4    -31.94   59.63    987.88    1990/08/26  00
      3   5    -30.89   59.53    991.59    1990/08/26  12
      3   6    -28.43   59.51    993.56    1990/08/27  00
      3   7    -26.18   58.11    993.47    1990/08/27  12
      3   8    -21.72   59.05    994.07    1990/08/28  00
      3   9    -19.30   61.46    994.65    1990/08/28  12
 1990/08/25  00   Number of Storms Begun  3
      1   1     18.44  -56.84    975.04    1990/08/25  00
      1   2     31.88  -59.52    966.81    1990/08/25  12
      1   3     42.40  -61.40    959.49    1990/08/26  00
      1   4     49.45  -62.41    963.03    1990/08/26  12
      1   5     55.34  -62.64    967.97    1990/08/27  00
      1   6     56.59  -63.15    972.93    1990/08/27  12
      1   7     66.11  -61.38    975.78    1990/08/28  00
      2   1   -173.81   -1.39   1008.35    1990/08/25  00
      2   2   -165.62   -2.26   1009.18    1990/08/25  12
      2   3   -164.57   -2.64   1009.40    1990/08/26  00
      2   4   -158.02    0.57   1010.60    1990/08/26  12
      2   5   -156.92    0.65   1009.86    1990/08/27  00
      2   6   -151.42    7.38   1011.06    1990/08/27  12
      2   7   -149.96   19.57   1011.58    1990/08/28  00
      3   1   -179.80   54.91   1000.52    1990/08/25  00
      3   2   -178.36   56.82    996.11    1990/08/25  12
      3   3   -172.27   63.82    990.53    1990/08/26  00
      3   4   -167.55   67.11    985.28    1990/08/26  12
      3   5   -162.51   69.87    985.67    1990/08/27  00
      3   6   -162.04   71.44    989.10    1990/08/27  12
      3   7   -156.56   71.81    992.13    1990/08/28  00
 1990/08/25  12   Number of Storms Begun  3
      1   1    -67.07  -63.57    963.17    1990/08/25  12
      1   2    -55.86  -66.93    962.38    1990/08/26  00
      1   3    -53.05  -68.69    960.32    1990/08/26  12
      1   4    -49.74  -68.46    958.30    1990/08/27  00
      1   5    -45.61  -68.77    955.96    1990/08/27  12
      2   1   -130.58   48.00   1009.82    1990/08/25  12
      2   2   -132.42   41.47   1006.02    1990/08/26  00
      2   3   -131.00   40.05   1001.98    1990/08/26  12
      2   4   -131.22   39.73   1004.01    1990/08/27  00
      3   1   -100.86   64.70   1009.01    1990/08/25  12
      3   2    -93.26   66.23   1008.99    1990/08/26  00
      3   3    -88.50   67.29   1006.15    1990/08/26  12
      3   4    -84.35   67.65   1003.54    1990/08/27  00
      3   5    -81.06   67.86   1000.45    1990/08/27  12
      3   6    -76.07   68.60    998.77    1990/08/28  00
 1990/08/26  00   Number of Storms Begun  3
      1   1    152.94  -63.84    977.09    1990/08/26  00
      1   2    166.56  -64.45    979.60    1990/08/26  12
      1   3    177.78  -65.46    973.37    1990/08/27  00
      1   4   -173.62  -65.54    972.13    1990/08/27  12
      1   5   -168.74  -65.80    967.82    1990/08/28  00
      1   6   -160.20  -67.36    968.36    1990/08/28  12
      2   1   -143.58  -42.10    997.85    1990/08/26  00
      2   2   -137.34  -42.85    994.33    1990/08/26  12
      2   3   -134.18  -43.30    989.05    1990/08/27  00
      2   4   -133.18  -45.81    982.58    1990/08/27  12
      2   5   -133.69  -47.74    976.52    1990/08/28  00
      2   6   -133.90  -50.90    968.08    1990/08/28  12
      2   7   -134.87  -55.05    968.32    1990/08/29  00
      2   8   -138.07  -60.59    968.40    1990/08/29  12
      2   9   -138.85  -64.58    969.74    1990/08/30  00
      3   1   -108.89   16.37   1009.04    1990/08/26  00
      3   2   -110.06   17.52   1009.39    1990/08/26  12
      3   3   -110.83   18.22   1010.39    1990/08/27  00
      3   4   -111.52   19.15   1010.63    1990/08/27  12
 1990/08/26  12   Number of Storms Begun  1
      1   1     32.58   57.77    997.50    1990/08/26  12
      1   2     38.96   56.80    993.36    1990/08/27  00
      1   3     44.44   56.70    994.56    1990/08/27  12
      1   4     48.75   57.58    995.97    1990/08/28  00
      1   5     51.54   60.24    998.15    1990/08/28  12
      1   6     52.68   61.52    998.68    1990/08/29  00
      1   7     54.28   61.51   1000.08    1990/08/29  12
      1   8     57.05   61.72   1000.25    1990/08/30  00
 1990/08/27  00   Number of Storms Begun  1
      1   1    116.77  -57.64    969.26    1990/08/27  00
      1   2    125.76  -59.80    968.20    1990/08/27  12
      1   3    128.59  -61.12    971.90    1990/08/28  00
      1   4    137.06  -62.74    975.87    1990/08/28  12
 1990/08/27  12   Number of Storms Begun  2
      1   1    -45.61  -68.77    955.96    1990/08/27  12
      1   2    -47.35  -69.48    953.00    1990/08/28  00
      1   3    -51.42  -68.66    960.41    1990/08/28  12
      1   4    -49.80  -66.40    967.38    1990/08/29  00
      1   5    -56.98  -55.68    970.54    1990/08/29  12
      2   1   -130.95   40.01   1006.61    1990/08/27  12
      2   2   -132.60   39.60   1009.01    1990/08/28  00
      2   3   -133.35   40.43   1011.95    1990/08/28  12
      2   4   -135.08   40.78   1012.68    1990/08/29  00
 1990/08/28  00   Number of Storms Begun  2
      1   1    153.25   39.49   1012.22    1990/08/28  00
      1   2    156.39   40.25   1010.05    1990/08/28  12
      1   3    159.43   40.51   1008.37    1990/08/29  00
      1   4    161.29   41.11   1008.35    1990/08/29  12
      2   1    115.57   44.58   1002.96    1990/08/28  00
      2   2    121.66   48.10    998.44    1990/08/28  12
      2   3    124.93   50.63    992.62    1990/08/29  00
      2   4    130.90   52.57    993.99    1990/08/29  12
      2   5    141.81   54.64    993.58    1990/08/30  00
      2   6    147.66   56.68    992.58    1990/08/30  12
      2   7    153.08   58.73    992.92    1990/08/31  00
      2   8    157.80   61.98    992.50    1990/08/31  12
      2   9    161.16   64.26    993.20    1990/09/01  00
      2  10    164.11   65.87    994.65    1990/09/01  12
 1990/08/28  12   Number of Storms Begun  3
      1   1    128.55  -47.72    975.60    1990/08/28  12
      1   2    134.53  -51.71    975.53    1990/08/29  00
      1   3    143.30  -59.50    973.86    1990/08/29  12
      1   4    154.01  -62.25    970.55    1990/08/30  00
      1   5    160.45  -63.47    971.80    1990/08/30  12
      1   6    175.04  -65.82    971.65    1990/08/31  00
      1   7   -173.39  -65.01    972.94    1990/08/31  12
      2   1     85.20   19.55    999.67    1990/08/28  12
      2   2     84.29   19.85    999.27    1990/08/29  00
      2   3     83.78   20.36    998.70    1990/08/29  12
      2   4     83.51   20.85    999.25    1990/08/30  00
      3   1    -80.67   52.97   1000.53    1990/08/28  12
      3   2    -73.68   53.26    996.03    1990/08/29  00
      3   3    -70.16   55.27    995.61    1990/08/29  12
      3   4    -64.94   55.33    995.82    1990/08/30  00
      3   5    -59.56   57.18    996.69    1990/08/30  12
      3   6    -56.59   59.22    997.64    1990/08/31  00
      3   7    -52.42   62.77    997.74    1990/08/31  12
      3   8    -48.72   68.67   1000.26    1990/09/01  00
 1990/08/29  00   Number of Storms Begun  1
      1   1    -17.18   58.80    992.98    1990/08/29  00
      1   2    -17.15   60.63    990.31    1990/08/29  12
      1   3    -16.23   60.69    994.53    1990/08/30  00
      1   4    -11.03   59.93    996.95    1990/08/30  12
      1   5     -7.48   61.55    998.27    1990/08/31  00
      1   6     -7.42   62.59    999.51    1990/08/31  12
 1990/08/29  12   Number of Storms Begun  3
      1   1    -56.98  -55.68    970.54    1990/08/29  12
      1   2    -49.16  -57.65    965.16    1990/08/30  00
      1   3    -42.71  -58.69    966.65    1990/08/30  12
      1   4    -37.67  -58.65    960.09    1990/08/31  00
      1   5    -30.44  -61.86    951.31    1990/08/31  12
      1   6    -25.37  -65.55    945.85    1990/09/01  00
      1   7    -21.81  -66.54    950.12    1990/09/01  12
      1   8      5.16  -63.60    961.72    1990/09/02  00
      1   9     19.30  -63.05    964.77    1990/09/02  12
      2   1   -176.03  -24.35   1009.10    1990/08/29  12
      2   2   -172.70  -27.89   1009.43    1990/08/30  00
      2   3   -171.36  -30.10   1007.99    1990/08/30  12
      2   4   -166.78  -30.65   1005.93    1990/08/31  00
      2   5   -164.99  -31.03   1005.77    1990/08/31  12
      2   6   -161.73  -30.72   1004.93    1990/09/01  00
      3   1    155.33    7.26   1010.38    1990/08/29  12
      3   2    154.39    7.89   1009.28    1990/08/30  00
      3   3    147.95   14.95   1008.20    1990/08/30  12
      3   4    144.56   13.12   1008.26    1990/08/31  00
 1990/08/30  00   Number of Storms Begun  1
      1   1     57.05   61.72   1000.25    1990/08/30  00
      1   2     56.10   62.01    998.84    1990/08/30  12
      1   3     53.08   62.27    999.95    1990/08/31  00
      1   4     49.92   61.13   1001.84    1990/08/31  12
 1990/08/30  12   Number of Storms Begun  3
      1   1   -124.23  -50.74    969.54    1990/08/30  12
      1   2   -125.15  -55.60    963.84    1990/08/31  00
      1   3   -128.24  -58.80    960.00    1990/08/31  12
      1   4   -131.26  -61.64    965.44    1990/09/01  00
      1   5   -134.55  -66.25    967.79    1990/09/01  12
      2   1   -171.15    4.61   1010.22    1990/08/30  12
      2   2   -159.09    1.75   1009.31    1990/08/31  00
      2   3   -156.67    0.97   1009.25    1990/08/31  12
      2   4   -147.39   -0.79   1008.50    1990/09/01  00
      3   1   -112.30   54.73   1002.50    1990/08/30  12
      3   2   -107.62   53.68    996.68    1990/08/31  00
      3   3    -99.50   54.58    996.24    1990/08/31  12
      3   4    -88.86   54.79    995.68    1990/09/01  00
      3   5    -77.90   55.79    994.11    1990/09/01  12
      3   6    -66.56   57.49    991.95    1990/09/02  00
      3   7    -59.61   57.42    989.83    1990/09/02  12
      3   8    -54.86   59.08    993.93    1990/09/03  00
      3   9    -52.25   62.18    995.17    1990/09/03  12
 1990/08/31  00   Number of Storms Begun  1
      1   1    108.19  -57.16    963.53    1990/08/31  00
      1   2    121.78  -58.87    964.97    1990/08/31  12
      1   3    128.83  -62.83    964.70    1990/09/01  00
      1   4    130.26  -62.99    965.34    1990/09/01  12
      1   5    136.20  -63.01    968.38    1990/09/02  00
 1990/08/31  12   Number of Storms Begun  3
      1   1     28.82   -6.97   1006.73    1990/08/31  12
      1   2     25.12   -6.14   1009.91    1990/09/01  00
      1   3     20.54  -14.38   1006.00    1990/09/01  12
      1   4     20.16  -16.79   1009.98    1990/09/02  00
      2   1     -3.97   23.60   1008.45    1990/08/31  12
      2   2     -3.45   22.74   1007.20    1990/09/01  00
      2   3     -3.42   21.50   1008.28    1990/09/01  12
      2   4     -3.90   21.33   1006.88    1990/09/02  00
      3   1    -58.33   31.95   1015.28    1990/08/31  12
      3   2    -56.83   34.66   1009.92    1990/09/01  00
      3   3    -54.83   36.92   1010.00    1990/09/01  12
      3   4    -53.21   37.64   1009.97    1990/09/02  00
 1990/09/01  00   Number of Storms Begun  2
      1   1     73.44   26.93   1001.25    1990/09/01  00
      1   2     73.44   27.34    999.63    1990/09/01  12
      1   3     72.60   28.03    999.43    1990/09/02  00
      1   4     69.48   28.33    999.12    1990/09/02  12
      2   1   -148.98   69.85    997.82    1990/09/01  00
      2   2   -133.43   69.55    998.63    1990/09/01  12
      2   3   -122.36   69.00    998.95    1990/09/02  00
      2   4   -118.33   70.88   1000.62    1990/09/02  12
 1990/09/01  12   Number of Storms Begun  2
      1   1     46.36   59.97   1005.42    1990/09/01  12
      1   2     59.04   52.56   1003.38    1990/09/02  00
      1   3     62.99   53.67   1000.47    1990/09/02  12
      1   4     64.82   54.59    997.10    1990/09/03  00
      1   5     68.60   54.97    996.50    1990/09/03  12
      1   6     69.58   54.39    997.27    1990/09/04  00
      2   1   -178.42   53.55    995.21    1990/09/01  12
      2   2   -175.46   55.77    990.29    1990/09/02  00
      2   3   -174.59   57.60    988.90    1990/09/02  12
      2   4   -175.68   59.87    989.84    1990/09/03  00
      2   5   -179.20   61.61    991.64    1990/09/03  12
      2   6    172.34   60.96    986.87    1990/09/04  00
 1990/09/02  00   Number of Storms Begun  2
      1   1     88.31  -55.93    979.29    1990/09/02  00
      1   2    107.86  -58.28    970.57    1990/09/02  12
      1   3    119.89  -59.71    963.02    1990/09/03  00
      1   4    133.29  -60.45    954.64    1990/09/03  12
      1   5    143.12  -62.32    945.38    1990/09/04  00
      1   6    148.29  -63.52    943.25    1990/09/04  12
      1   7    152.07  -64.74    945.37    1990/09/05  00
      1   8    156.98  -64.71    954.19    1990/09/05  12
      1   9    166.60  -65.35    954.04    1990/09/06  00
      1  10   -173.97  -69.38    953.13    1990/09/06  12
      1  11   -160.20  -74.74    953.47    1990/09/07  00
      1  12   -153.09  -80.35    952.44    1990/09/07  12
      1  13   -169.28  -81.48    949.50    1990/09/08  00
      1  14   -175.22  -79.34    951.52    1990/09/08  12
      2   1     20.16  -16.79   1009.98    1990/09/02  00
      2   2     18.97   -7.16   1008.53    1990/09/02  12
      2   3     22.86   -6.21   1011.47    1990/09/03  00
      2   4     25.84   -5.97   1009.22    1990/09/03  12
 1990/09/02  12   Number of Storms Begun  4
      1   1    -31.67  -57.18    970.37    1990/09/02  12
      1   2    -16.63  -60.47    966.11    1990/09/03  00
      1   3     -5.56  -63.11    956.71    1990/09/03  12
      1   4      2.87  -62.96    960.81    1990/09/04  00
      2   1   -126.23  -57.38    975.20    1990/09/02  12
      2   2   -123.80  -57.18    971.26    1990/09/03  00
      2   3   -121.80  -57.92    973.41    1990/09/03  12
      2   4   -121.54  -57.92    973.73    1990/09/04  00
      2   5   -117.58  -58.33    971.54    1990/09/04  12
      2   6   -114.02  -59.18    972.73    1990/09/05  00
      2   7   -105.47  -58.25    970.05    1990/09/05  12
      2   8   -103.67  -60.34    960.35    1990/09/06  00
      2   9   -102.47  -60.98    960.69    1990/09/06  12
      2  10    -98.99  -61.36    962.96    1990/09/07  00
      2  11    -95.36  -60.44    967.25    1990/09/07  12
      3   1    145.66   17.65   1007.56    1990/09/02  12
      3   2    143.70   16.53   1005.62    1990/09/03  00
      3   3    141.12   16.09   1005.81    1990/09/03  12
      3   4    137.92   16.38   1004.24    1990/09/04  00
      3   5    135.74   16.09   1002.41    1990/09/04  12
      3   6    133.91   16.07   1000.94    1990/09/05  00
      3   7    132.44   16.26    998.94    1990/09/05  12
      3   8    130.14   17.72    997.41    1990/09/06  00
      3   9    126.54   20.10    996.53    1990/09/06  12
      3  10    123.24   21.60    997.33    1990/09/07  00
      3  11    120.29   22.55    996.17    1990/09/07  12
      3  12    118.28   23.02    994.24    1990/09/08  00
      3  13    116.31   24.16    994.95    1990/09/08  12
      3  14    115.44   24.94    997.18    1990/09/09  00
      3  15    115.03   26.86    998.63    1990/09/09  12
      3  16    115.63   27.76   1001.38    1990/09/10  00
      4   1   -118.33   70.88   1000.62    1990/09/02  12
      4   2   -104.51   65.81   1001.34    1990/09/03  00
      4   3    -99.24   66.63   1001.02    1990/09/03  12
      4   4    -86.73   63.11    996.01    1990/09/04  00
      4   5    -78.49   63.45    990.86    1990/09/04  12
      4   6    -72.61   63.53    987.24    1990/09/05  00
      4   7    -58.76   60.72    985.77    1990/09/05  12
 1990/09/03  00   Number of Storms Begun  2
      1   1     49.69  -58.86    971.23    1990/09/03  00
      1   2     60.76  -59.41    967.86    1990/09/03  12
      1   3     71.36  -61.21    968.23    1990/09/04  00
      1   4     86.65  -63.82    967.63    1990/09/04  12
      2   1   -172.81   40.57   1000.43    1990/09/03  00
      2   2   -170.75   39.66   1003.48    1990/09/03  12
      2   3   -171.38   34.76   1007.78    1990/09/04  00
      2   4   -171.73   32.91   1009.52    1990/09/04  12
 1990/09/03  12   Number of Storms Begun  0
 1990/09/04  00   Number of Storms Begun  1
      1   1     33.95   49.82    999.43    1990/09/04  00
      1   2     33.86   51.40    998.82    1990/09/04  12
      1   3     34.59   52.69   1000.17    1990/09/05  00
      1   4     33.06   55.36   1000.05    1990/09/05  12
      1   5     29.26   57.82    999.16    1990/09/06  00
 1990/09/04  12   Number of Storms Begun  1
      1   1     30.41  -61.50    963.30    1990/09/04  12
      1   2     46.25  -61.31    951.64    1990/09/05  00
      1   3     57.63  -60.63    946.80    1990/09/05  12
      1   4     68.03  -60.22    949.87    1990/09/06  00
      1   5     78.60  -59.42    950.42    1990/09/06  12
      1   6     89.00  -60.50    950.46    1990/09/07  00
      1   7     92.74  -60.82    955.92    1990/09/07  12
      1   8     97.43  -61.15    959.76    1990/09/08  00
      1   9    118.54  -64.22    965.27    1990/09/08  12
 1990/09/05  00   Number of Storms Begun  2
      1   1   -172.30   -1.33   1009.34    1990/09/05  00
      1   2   -165.54   -4.49   1010.65    1990/09/05  12
      1   3   -158.28    3.85   1009.22    1990/09/06  00
      1   4   -156.00    2.78   1008.70    1990/09/06  12
      1   5   -146.12    1.74   1007.53    1990/09/07  00
      1   6   -134.00    2.43   1009.83    1990/09/07  12
      2   1    168.47   62.80    989.69    1990/09/05  00
      2   2   -171.98   62.30    991.10    1990/09/05  12
      2   3   -165.83   66.05    987.54    1990/09/06  00
      2   4   -151.42   69.01    992.46    1990/09/06  12
 1990/09/05  12   Number of Storms Begun  0
 1990/09/06  00   Number of Storms Begun  1
      1   1   -175.60   37.35   1006.80    1990/09/06  00
      1   2   -174.52   39.29   1006.92    1990/09/06  12
      1   3   -175.39   40.89   1005.16    1990/09/07  00
      1   4   -175.97   42.64   1000.11    1990/09/07  12
      1   5   -171.84   50.48    997.17    1990/09/08  00
      1   6   -171.91   53.20    994.92    1990/09/08  12
      1   7   -168.82   56.17    997.10    1990/09/09  00
      1   8   -161.76   58.98   1000.47    1990/09/09  12
      1   9   -154.24   60.79   1003.37    1990/09/10  00
 1990/09/06  12   Number of Storms Begun  1
      1   1    112.08   51.39    999.72    1990/09/06  12
      1   2    117.97   54.10    996.89    1990/09/07  00
      1   3    123.10   55.58    989.77    1990/09/07  12
      1   4    128.86   58.31    986.76    1990/09/08  00
      1   5    130.48   61.40    992.56    1990/09/08  12
      1   6    130.17   62.78    995.65    1990/09/09  00
      1   7    133.09   63.75    997.83    1990/09/09  12
      1   8    133.21   64.74   1001.01    1990/09/10  00
 1990/09/07  00   Number of Storms Begun  2
      1   1     15.32  -67.16    978.92    1990/09/07  00
      1   2     31.04  -67.73    974.11    1990/09/07  12
      1   3     36.12  -69.17    966.04    1990/09/08  00
      1   4     34.84  -70.26    961.80    1990/09/08  12
      2   1     22.60   58.49    999.34    1990/09/07  00
      2   2     17.73   57.85   1001.60    1990/09/07  12
      2   3     15.51   57.89   1004.29    1990/09/08  00
      2   4     15.39   58.10   1006.53    1990/09/08  12
 1990/09/07  12   Number of Storms Begun  0
 1990/09/08  00   Number of Storms Begun  2
      1   1    -20.07  -28.77   1011.35    1990/09/08  00
      1   2    -17.38  -29.99   1004.92    1990/09/08  12
      1   3    -12.68  -30.10   1004.64    1990/09/09  00
      1   4     -7.31  -33.13   1003.95    1990/09/09  12
      1   5     -0.32  -34.51   1005.86    1990/09/10  00
      2   1    147.37   10.99   1008.33    1990/09/08  00
      2   2    146.51   10.90   1007.76    1990/09/08  12
      2   3    144.27   11.83   1007.95    1990/09/09  00
      2   4    145.04   17.06   1007.77    1990/09/09  12
      2   5    144.55   17.24   1008.34    1990/09/10  00
      2   6    141.21   18.35   1007.19    1990/09/10  12
      2   7    130.00   12.33   1007.82    1990/09/11  00
 1990/09/08  12   Number of Storms Begun  3
      1   1   -175.22  -79.34    951.52    1990/09/08  12
      1   2   -167.74  -78.60    957.40    1990/09/09  00
      1   3   -146.29  -75.55    957.30    1990/09/09  12
      1   4   -132.22  -76.43    957.36    1990/09/10  00
      1   5   -105.42  -75.08    950.89    1990/09/10  12
      1   6    -82.35  -72.22    959.06    1990/09/11  00
      1   7    -41.81  -71.64    962.50    1990/09/11  12
      2   1     15.39   58.10   1006.53    1990/09/08  12
      2   2     20.21   56.46   1006.79    1990/09/09  00
      2   3     23.29   56.75   1004.95    1990/09/09  12
      2   4     24.72   55.98   1004.63    1990/09/10  00
      2   5     25.57   54.36   1004.91    1990/09/10  12
      2   6     26.35   52.85   1004.93    1990/09/11  00
      2   7     27.16   51.37   1004.78    1990/09/11  12
      3   1    -47.03   59.08    997.27    1990/09/08  12
      3   2    -43.19   60.59    987.71    1990/09/09  00
      3   3    -36.02   64.26    978.85    1990/09/09  12
      3   4    -34.51   67.45    982.20    1990/09/10  00
 1990/09/09  00   Number of Storms Begun  1
      1   1     28.76  -68.78    968.95    1990/09/09  00
      1   2     33.50  -68.09    963.11    1990/09/09  12
      1   3     41.41  -66.33    952.39    1990/09/10  00
      1   4     44.76  -66.79    959.43    1990/09/10  12
      1   5     69.82  -66.41    968.49    1990/09/11  00
 1990/09/09  12   Number of Storms Begun  2
      1   1    -43.25  -69.36    961.82    1990/09/09  12
      1   2    -36.51  -69.52    960.35    1990/09/10  00
      1   3    -16.19  -66.97    959.05    1990/09/10  12
      1   4     -0.88  -64.68    961.43    1990/09/11  00
      1   5     12.86  -61.77    967.13    1990/09/11  12
      1   6     28.24  -59.26    968.85    1990/09/12  00
      1   7     46.44  -60.52    962.62    1990/09/12  12
      1   8     54.67  -60.02    956.05    1990/09/13  00
      1   9     79.04  -58.60    950.54    1990/09/13  12
      1  10     81.60  -61.72    939.14    1990/09/14  00
      1  11     77.36  -63.74    935.79    1990/09/14  12
      1  12     74.33  -65.29    942.75    1990/09/15  00
      1  13     70.63  -67.31    955.95    1990/09/15  12
      2   1    177.91   45.16    997.30    1990/09/09  12
      2   2   -178.22   45.10    996.82    1990/09/10  00
      2   3   -176.16   46.01    997.49    1990/09/10  12
      2   4   -174.30   46.84    998.14    1990/09/11  00
      2   5   -170.39   48.75    998.75    1990/09/11  12
      2   6   -163.97   53.79    995.42    1990/09/12  00
      2   7   -161.03   57.79    990.22    1990/09/12  12
 1990/09/10  00   Number of Storms Begun  1
      1   1      3.24   16.28   1008.74    1990/09/10  00
      1   2      1.02   17.13   1008.21    1990/09/10  12
      1   3     -2.03   18.29   1009.03    1990/09/11  00
      1   4     -2.00   19.26   1009.59    1990/09/11  12
 1990/09/10  12   Number of Storms Begun  6
      1   1   -111.38  -29.32   1013.45    1990/09/10  12
      1   2   -112.06  -31.59   1011.70    1990/09/11  00
      1   3   -109.78  -33.27   1010.19    1990/09/11  12
      1   4   -109.26  -33.98   1008.24    1990/09/12  00
      1   5   -107.27  -36.79   1009.07    1990/09/12  12
      2   1   -141.50    2.24   1008.64    1990/09/10  12
      2   2   -133.43   12.28   1007.25    1990/09/11  00
      2   3   -134.10   13.64   1008.23    1990/09/11  12
      2   4   -134.14   13.83   1006.74    1990/09/12  00
      2   5   -138.71   14.22   1009.11    1990/09/12  12
      3   1   -109.49   14.49   1006.66    1990/09/10  12
      3   2   -110.66   16.15   1004.01    1990/09/11  00
      3   3   -111.54   16.41   1004.67    1990/09/11  12
      3   4   -113.23   17.16   1002.39    1990/09/12  00
      3   5   -114.32   18.74   1004.03    1990/09/12  12
      3   6   -116.11   19.26   1003.88    1990/09/13  00
      3   7   -118.12   18.92   1004.87    1990/09/13  12
      3   8   -119.55   19.46   1004.86    1990/09/14  00
      3   9   -121.60   19.95   1006.80    1990/09/14  12
      3  10   -122.35   21.08   1007.35    1990/09/15  00
      3  11   -124.90   20.58   1009.52    1990/09/15  12
      3  12   -127.63   18.83   1008.05    1990/09/16  00
      3  13   -128.59   19.54   1007.89    1990/09/16  12
      3  14   -129.71   19.41   1007.74    1990/09/17  00
      3  15   -131.02   18.29   1008.49    1990/09/17  12
      4   1    -47.99   28.87   1011.89    1990/09/10  12
      4   2    -48.43   28.91   1013.72    1990/09/11  00
      4   3    -48.60   30.46   1011.97    1990/09/11  12
      4   4    -49.58   31.96   1010.92    1990/09/12  00
      4   5    -50.39   31.78   1012.07    1990/09/12  12
      5   1    -18.59   34.46   1009.96    1990/09/10  12
      5   2    -16.83   36.64   1011.35    1990/09/11  00
      5   3    -16.83   38.84   1013.80    1990/09/11  12
      5   4    -15.30   40.06   1013.71    1990/09/12  00
      6   1    135.72   54.63   1004.75    1990/09/10  12
      6   2    139.28   56.16   1000.99    1990/09/11  00
      6   3    141.47   56.07   1001.98    1990/09/11  12
      6   4    142.94   56.62   1003.15    1990/09/12  00
 1990/09/11  00   Number of Storms Begun  1
      1   1   -163.48  -41.53   1005.75    1990/09/11  00
      1   2   -160.36  -39.36   1006.38    1990/09/11  12
      1   3   -155.41  -37.68   1005.62    1990/09/12  00
      1   4   -145.98  -39.97   1001.16    1990/09/12  12
      1   5   -142.09  -42.81    993.26    1990/09/13  00
      1   6   -139.63  -44.65    985.64    1990/09/13  12
      1   7   -138.16  -48.94    978.59    1990/09/14  00
      1   8   -136.07  -49.58    974.71    1990/09/14  12
      1   9   -132.23  -51.21    976.19    1990/09/15  00
 1990/09/11  12   Number of Storms Begun  9
      1   1    -41.81  -71.64    962.50    1990/09/11  12
      1   2    -41.01  -76.37    960.47    1990/09/12  00
      1   3    -48.27  -79.56    957.17    1990/09/12  12
      1   4    -58.70  -80.24    959.19    1990/09/13  00
      2   1    126.26  -65.00    960.26    1990/09/11  12
      2   2    151.06  -63.44    951.24    1990/09/12  00
      2   3    160.77  -65.28    948.91    1990/09/12  12
      2   4   -176.45  -67.61    956.05    1990/09/13  00
      2   5   -159.94  -70.67    949.80    1990/09/13  12
      2   6   -154.92  -74.36    948.06    1990/09/14  00
      2   7   -153.82  -78.98    947.45    1990/09/14  12
      2   8   -155.37  -80.71    954.71    1990/09/15  00
      3   1     -2.00   19.26   1009.59    1990/09/11  12
      3   2     -9.20   18.72   1009.26    1990/09/12  00
      3   3    -11.34   18.97   1009.51    1990/09/12  12
      3   4    -14.45   18.18   1009.02    1990/09/13  00
      3   5    -16.23   17.49   1009.83    1990/09/13  12
      3   6    -20.12   14.78   1010.90    1990/09/14  00
      3   7    -22.22   13.97   1011.09    1990/09/14  12
      3   8    -24.88   14.38   1012.39    1990/09/15  00
      3   9    -28.43   12.88   1014.24    1990/09/15  12
      4   1    137.22   20.83   1004.94    1990/09/11  12
      4   2    136.21   19.60   1004.44    1990/09/12  00
      4   3    132.89   18.79   1000.69    1990/09/12  12
      4   4    131.80   18.90   1000.85    1990/09/13  00
      4   5    128.09   18.30   1000.82    1990/09/13  12
      4   6    125.91   17.66   1002.70    1990/09/14  00
      5   1    111.52   21.87   1002.48    1990/09/11  12
      5   2    111.17   21.18   1003.70    1990/09/12  00
      5   3    109.45   20.48   1003.57    1990/09/12  12
      5   4    109.18   20.52   1006.25    1990/09/13  00
      6   1    101.43   45.00   1004.62    1990/09/11  12
      6   2    106.05   45.38   1009.49    1990/09/12  00
      6   3    108.83   44.57   1002.64    1990/09/12  12
      6   4    113.68   44.94   1008.11    1990/09/13  00
      6   5    119.75   43.70   1010.46    1990/09/13  12
      6   6    125.66   46.10   1010.33    1990/09/14  00
      6   7    128.72   48.20   1006.55    1990/09/14  12
      6   8    131.54   49.58   1005.47    1990/09/15  00
      7   1     49.08   54.66   1004.59    1990/09/11  12
      7   2     57.01   55.09   1006.17    1990/09/12  00
      7   3     69.43   54.90   1007.18    1990/09/12  12
      7   4     78.28   58.91   1005.78    1990/09/13  00
      7   5     87.38   57.75   1007.14    1990/09/13  12
      7   6     96.83   55.81   1008.66    1990/09/14  00
      7   7    107.39   47.30   1006.99    1990/09/14  12
      8   1    -85.24   63.33    999.76    1990/09/11  12
      8   2    -77.24   61.31    996.51    1990/09/12  00
      8   3    -69.40   61.59    995.24    1990/09/12  12
      8   4    -64.96   63.30    995.10    1990/09/13  00
      8   5    -58.34   65.85    994.07    1990/09/13  12
      8   6    -58.79   71.03    996.72    1990/09/14  00
      9   1    -27.33   66.91    999.39    1990/09/11  12
      9   2      4.58   75.99   1004.28    1990/09/12  00
      9   3      8.15   76.62   1002.62    1990/09/12  12
      9   4      1.07   79.46   1002.39    1990/09/13  00
 1990/09/12  00   Number of Storms Begun  3
      1   1    -15.30   40.06   1013.71    1990/09/12  00
      1   2    -16.27   40.25   1014.00    1990/09/12  12
      1   3    -18.32   40.22   1012.99    1990/09/13  00
      1   4    -19.31   39.96   1014.07    1990/09/13  12
      2   1    141.88   40.46   1004.42    1990/09/12  00
      2   2    149.20   42.24   1003.83    1990/09/12  12
      2   3    157.24   43.11   1004.58    1990/09/13  00
      2   4    163.37   44.38   1004.42    1990/09/13  12
      2   5    170.91   45.27   1001.25    1990/09/14  00
      2   6    178.89   46.26    996.23    1990/09/14  12
      2   7   -172.76   47.28    993.76    1990/09/15  00
      2   8   -167.06   49.36    987.92    1990/09/15  12
      2   9   -163.80   52.33    984.12    1990/09/16  00
      2  10   -163.01   54.38    980.26    1990/09/16  12
      2  11   -162.72   57.19    984.18    1990/09/17  00
      2  12   -167.56   61.29    985.43    1990/09/17  12
      2  13   -171.02   63.06    986.53    1990/09/18  00
      2  14    174.46   59.97    993.98    1990/09/18  12
      3   1   -175.64   80.76    979.71    1990/09/12  00
      3   2   -175.07   76.90    975.10    1990/09/12  12
      3   3   -172.56   74.82    976.50    1990/09/13  00
      3   4   -173.78   73.26    980.89    1990/09/13  12
      3   5   -172.78   72.81    984.10    1990/09/14  00
 1990/09/12  12   Number of Storms Begun  2
      1   1    -50.39   31.78   1012.07    1990/09/12  12
      1   2    -50.37   32.19   1011.89    1990/09/13  00
      1   3    -50.75   34.39   1009.66    1990/09/13  12
      1   4    -49.71   36.14   1007.20    1990/09/14  00
      1   5    -48.24   36.35   1005.10    1990/09/14  12
      1   6    -47.71   37.21   1004.68    1990/09/15  00
      1   7    -46.98   39.34   1003.40    1990/09/15  12
      2   1   -111.80   52.31   1006.18    1990/09/12  12
      2   2   -105.01   48.44   1001.00    1990/09/13  00
      2   3    -97.59   48.55   1002.73    1990/09/13  12
      2   4    -94.28   45.66   1004.28    1990/09/14  00
      2   5    -86.21   45.50   1002.22    1990/09/14  12
      2   6    -79.74   45.73    998.83    1990/09/15  00
      2   7    -73.41   48.27    995.32    1990/09/15  12
      2   8    -69.51   49.23    990.53    1990/09/16  00
      2   9    -66.56   51.36    990.10    1990/09/16  12
      2  10    -62.40   53.61    997.31    1990/09/17  00
      2  11    -44.53   59.60    999.64    1990/09/17  12
      2  12    -28.08   61.64    993.82    1990/09/18  00
      2  13    -16.21   62.21    980.63    1990/09/18  12
      2  14     -4.73   62.27    966.23    1990/09/19  00
      2  15      1.39   63.05    964.56    1990/09/19  12
      2  16      5.49   64.50    970.46    1990/09/20  00
      2  17      3.46   65.86    972.40    1990/09/20  12
 1990/09/13  00   Number of Storms Begun  4
      1   1    -99.27  -66.78    972.76    1990/09/13  00
      1   2    -86.99  -67.42    963.93    1990/09/13  12
      1   3    -79.75  -68.60    963.40    1990/09/14  00
      1   4    -70.59  -68.54    975.61    1990/09/14  12
      1   5    -58.16  -66.69    983.21    1990/09/15  00
      2   1    150.84  -33.44   1007.70    1990/09/13  00
      2   2    153.93  -31.29   1009.73    1990/09/13  12
      2   3    154.43  -30.38   1008.65    1990/09/14  00
      2   4    156.81  -30.01   1009.55    1990/09/14  12
      2   5    158.31  -29.99   1008.24    1990/09/15  00
      2   6    160.81  -29.13   1009.29    1990/09/15  12
      2   7    164.33  -28.90   1008.92    1990/09/16  00
      2   8    167.63  -28.75   1007.38    1990/09/16  12
      3   1     45.87   45.61   1002.64    1990/09/13  00
      3   2     46.85   45.10    999.23    1990/09/13  12
      3   3     49.18   46.82    996.16    1990/09/14  00
      3   4     53.48   51.38    995.23    1990/09/14  12
      3   5     58.69   55.52    990.31    1990/09/15  00
      3   6     67.79   59.57    985.91    1990/09/15  12
      3   7     74.60   63.68    983.69    1990/09/16  00
      3   8     78.88   68.88    984.88    1990/09/16  12
      3   9     80.17   71.39    983.43    1990/09/17  00
      4   1    -27.08   63.29   1000.38    1990/09/13  00
      4   2    -15.86   65.57    993.00    1990/09/13  12
      4   3     -3.08   68.70    992.15    1990/09/14  00
      4   4      8.26   70.11    993.75    1990/09/14  12
      4   5     22.05   61.73   1002.64    1990/09/15  00
      4   6     26.05   58.22   1004.87    1990/09/15  12
      4   7     27.91   56.04   1009.37    1990/09/16  00
      4   8     31.56   54.97   1013.95    1990/09/16  12
 1990/09/13  12   Number of Storms Begun  0
 1990/09/14  00   Number of Storms Begun  0
 1990/09/14  12   Number of Storms Begun  3
      1   1   -132.17   -1.65   1009.23    1990/09/14  12
      1   2   -143.26    1.47   1008.20    1990/09/15  00
      1   3   -153.97   -1.41   1007.96    1990/09/15  12
      1   4   -154.99    1.05   1007.89    1990/09/16  00
      2   1    137.74   17.44   1002.08    1990/09/14  12
      2   2    135.43   19.00   1001.28    1990/09/15  00
      2   3    133.27   20.75    999.91    1990/09/15  12
      2   4    131.54   22.30    998.43    1990/09/16  00
      2   5    129.40   23.44    998.72    1990/09/16  12
      2   6    128.93   24.69    996.98    1990/09/17  00
      2   7    129.16   25.60    995.13    1990/09/17  12
      2   8    129.76   27.43    992.70    1990/09/18  00
      2   9    130.67   29.02    992.55    1990/09/18  12
      2  10    132.12   30.57    993.22    1990/09/19  00
      2  11    135.20   33.34    994.07    1990/09/19  12
      2  12    140.80   37.65    992.65    1990/09/20  00
      2  13    149.76   41.30    995.84    1990/09/20  12
      2  14    160.75   44.78    988.06    1990/09/21  00
      2  15    169.23   46.44    979.92    1990/09/21  12
      2  16    177.45   47.89    975.28    1990/09/22  00
      2  17   -175.24   49.02    976.03    1990/09/22  12
      2  18   -166.41   50.68    975.48    1990/09/23  00
      2  19   -157.16   53.96    982.59    1990/09/23  12
      3   1    -43.12   63.11    995.22    1990/09/14  12
      3   2    -35.71   65.88    984.82    1990/09/15  00
      3   3    -34.86   66.57    988.18    1990/09/15  12
      3   4    -28.24   66.19    991.81    1990/09/16  00
      3   5    -24.19   66.55    994.82    1990/09/16  12
      3   6     -4.80   73.23    992.19    1990/09/17  00
      3   7      0.37   75.54    993.82    1990/09/17  12
      3   8      3.66   76.89    993.23    1990/09/18  00
      3   9      3.63   81.41    993.78    1990/09/18  12
 1990/09/15  00   Number of Storms Begun  2
      1   1    178.94  -62.85    948.94    1990/09/15  00
      1   2   -173.76  -65.04    945.29    1990/09/15  12
      1   3   -165.92  -66.08    951.28    1990/09/16  00
      1   4   -152.86  -68.85    949.26    1990/09/16  12
      1   5   -148.94  -70.97    948.05    1990/09/17  00
      1   6   -148.91  -75.03    947.70    1990/09/17  12
      1   7   -152.41  -79.34    946.01    1990/09/18  00
      1   8   -156.63  -80.81    962.06    1990/09/18  12
      2   1   -161.96  -23.76   1008.79    1990/09/15  00
      2   2   -155.86  -24.81   1008.61    1990/09/15  12
      2   3   -148.40  -26.11   1007.37    1990/09/16  00
      2   4   -141.12  -28.20   1005.60    1990/09/16  12
      2   5   -137.68  -30.18   1004.34    1990/09/17  00
      2   6   -133.28  -32.01   1001.83    1990/09/17  12
      2   7   -130.35  -34.28   1001.22    1990/09/18  00
      2   8   -128.34  -36.42   1001.26    1990/09/18  12
      2   9   -125.22  -38.22   1001.89    1990/09/19  00
      2  10   -122.35  -39.34   1000.21    1990/09/19  12
      2  11   -119.42  -40.39    998.38    1990/09/20  00
      2  12   -115.99  -41.68    995.94    1990/09/20  12
 1990/09/15  12   Number of Storms Begun  2
      1   1     14.73  -68.51    957.52    1990/09/15  12
      1   2     18.04  -68.27    957.50    1990/09/16  00
      1   3     24.42  -68.70    965.70    1990/09/16  12
      1   4     25.43  -68.94    971.31    1990/09/17  00
      1   5     29.00  -70.09    981.42    1990/09/17  12
      2   1   -132.31   70.39    995.86    1990/09/15  12
      2   2   -124.56   70.92    999.05    1990/09/16  00
      2   3   -115.42   63.42    997.84    1990/09/16  12
      2   4   -105.28   65.03    998.42    1990/09/17  00
      2   5    -87.88   66.83    998.66    1990/09/17  12
      2   6    -71.72   69.12    995.93    1990/09/18  00
      2   7    -62.26   69.48    993.47    1990/09/18  12
 1990/09/16  00   Number of Storms Begun  0
 1990/09/16  12   Number of Storms Begun  3
      1   1    -41.99  -54.81    971.78    1990/09/16  12
      1   2    -31.86  -56.27    968.64    1990/09/17  00
      1   3    -22.44  -58.78    957.60    1990/09/17  12
      1   4    -17.13  -60.19    950.16    1990/09/18  00
      1   5    -10.38  -61.01    948.20    1990/09/18  12
      1   6     -1.09  -62.19    954.18    1990/09/19  00
      2   1     75.59  -55.46    970.54    1990/09/16  12
      2   2     87.25  -56.25    968.83    1990/09/17  00
      2   3     98.92  -55.21    967.67    1990/09/17  12
      2   4    107.27  -55.28    964.33    1990/09/18  00
      2   5    116.31  -56.22    965.31    1990/09/18  12
      2   6    125.87  -59.25    964.52    1990/09/19  00
      2   7    140.67  -62.95    961.74    1990/09/19  12
      2   8    159.25  -65.76    959.51    1990/09/20  00
      2   9   -174.47  -66.15    963.12    1990/09/20  12
      2  10   -157.92  -65.40    960.52    1990/09/21  00
      2  11   -147.71  -65.27    955.63    1990/09/21  12
      2  12   -139.73  -67.33    950.83    1990/09/22  00
      2  13   -132.48  -70.29    951.05    1990/09/22  12
      2  14   -127.67  -72.71    952.33    1990/09/23  00
      2  15   -124.66  -76.96    951.98    1990/09/23  12
      3   1    114.27   15.73   1000.31    1990/09/16  12
      3   2    112.83   15.33   1000.58    1990/09/17  00
      3   3    111.52   14.85    999.98    1990/09/17  12
      3   4    109.95   15.66    999.34    1990/09/18  00
      3   5    109.03   15.56   1000.35    1990/09/18  12
      3   6    108.40   17.19   1001.40    1990/09/19  00
      3   7    107.55   16.98   1003.45    1990/09/19  12
      3   8    106.53   18.19   1005.36    1990/09/20  00
 1990/09/17  00   Number of Storms Begun  3
      1   1     38.59  -48.00    987.29    1990/09/17  00
      1   2     49.31  -52.28    984.73    1990/09/17  12
      1   3     60.11  -57.09    978.54    1990/09/18  00
      1   4     70.45  -59.58    958.60    1990/09/18  12
      1   5     78.63  -61.30    944.74    1990/09/19  00
      1   6     85.13  -61.27    940.72    1990/09/19  12
      1   7     88.09  -62.05    940.26    1990/09/20  00
      1   8     89.45  -61.47    941.54    1990/09/20  12
      1   9     92.55  -60.54    946.92    1990/09/21  00
      1  10     99.24  -60.35    954.95    1990/09/21  12
      1  11    102.71  -59.99    963.16    1990/09/22  00
      1  12    108.40  -58.83    968.20    1990/09/22  12
      1  13    122.33  -61.35    964.20    1990/09/23  00
      1  14    134.15  -63.57    958.16    1990/09/23  12
      1  15    163.71  -66.30    963.75    1990/09/24  00
      1  16   -170.30  -65.23    956.19    1990/09/24  12
      2   1    124.82   43.21   1003.01    1990/09/17  00
      2   2    127.13   47.43    996.80    1990/09/17  12
      2   3    127.81   49.46    992.69    1990/09/18  00
      2   4    132.54   50.65    995.66    1990/09/18  12
      2   5    141.29   51.89    999.15    1990/09/19  00
      2   6    151.57   50.26   1003.63    1990/09/19  12
      3   1     80.17   71.39    983.43    1990/09/17  00
      3   2     77.73   71.57    989.47    1990/09/17  12
      3   3     74.43   69.80    997.28    1990/09/18  00
      3   4     72.88   67.79   1003.75    1990/09/18  12
      3   5     68.78   66.56   1004.81    1990/09/19  00
 1990/09/17  12   Number of Storms Begun  1
      1   1    102.08   46.87   1000.72    1990/09/17  12
      1   2    103.36   45.38   1000.33    1990/09/18  00
      1   3    105.76   44.37    994.69    1990/09/18  12
      1   4    110.82   43.79   1002.24    1990/09/19  00
      1   5    115.39   44.60   1003.70    1990/09/19  12
 1990/09/18  00   Number of Storms Begun  2
      1   1   -172.36  -33.92    995.69    1990/09/18  00
      1   2   -164.14  -37.24    987.52    1990/09/18  12
      1   3   -159.06  -40.01    985.51    1990/09/19  00
      1   4   -154.32  -42.73    985.43    1990/09/19  12
      2   1   -171.21   -0.59   1009.29    1990/09/18  00
      2   2   -160.93   -2.48   1010.22    1990/09/18  12
      2   3   -152.80    2.19   1008.29    1990/09/19  00
      2   4   -154.39   12.82   1010.27    1990/09/19  12
 1990/09/18  12   Number of Storms Begun  3
      1   1    177.17  -64.58    969.38    1990/09/18  12
      1   2   -170.45  -63.39    969.47    1990/09/19  00
      1   3   -161.43  -62.80    972.14    1990/09/19  12
      1   4   -151.56  -62.43    974.63    1990/09/20  00
      2   1    -83.59  -43.36    998.19    1990/09/18  12
      2   2    -81.34  -45.10    994.92    1990/09/19  00
      2   3    -81.17  -47.63    995.37    1990/09/19  12
      2   4    -80.23  -48.85    996.70    1990/09/20  00
      3   1    -95.16   59.72    994.27    1990/09/18  12
      3   2    -90.05   58.96    994.60    1990/09/19  00
      3   3    -85.14   59.36    994.17    1990/09/19  12
      3   4    -80.79   61.89    997.59    1990/09/20  00
      3   5    -78.22   62.83    999.93    1990/09/20  12
 1990/09/19  00   Number of Storms Begun  2
      1   1   -172.92   -1.25   1009.48    1990/09/19  00
      1   2   -167.20   -2.22   1009.80    1990/09/19  12
      1   3   -161.47    3.96   1009.38    1990/09/20  00
      1   4   -156.11    2.41   1009.94    1990/09/20  12
      2   1     -1.26   18.58   1011.12    1990/09/19  00
      2   2     -4.05   19.66   1010.63    1990/09/19  12
      2   3     -4.22   20.30   1010.28    1990/09/20  00
      2   4    -11.22   19.92   1012.17    1990/09/20  12
      2   5    -11.31   19.46   1012.19    1990/09/21  00
 1990/09/19  12   Number of Storms Begun  1
      1   1     -9.97  -57.13    962.95    1990/09/19  12
      1   2      4.08  -60.44    956.60    1990/09/20  00
      1   3     10.92  -62.27    956.81    1990/09/20  12
      1   4     18.93  -65.56    957.60    1990/09/21  00
      1   5     29.45  -66.50    949.32    1990/09/21  12
      1   6     29.40  -68.38    944.92    1990/09/22  00
      1   7     28.38  -69.07    951.70    1990/09/22  12
      1   8     25.02  -68.86    962.53    1990/09/23  00
 1990/09/20  00   Number of Storms Begun  2
      1   1     73.81   -4.57   1005.56    1990/09/20  00
      1   2     71.57   -3.96   1005.06    1990/09/20  12
      1   3     68.99   -3.72   1005.00    1990/09/21  00
      1   4     68.36   -5.31   1005.72    1990/09/21  12
      1   5     65.20   -5.15   1006.68    1990/09/22  00
      1   6     63.95   -5.37   1007.97    1990/09/22  12
      1   7     60.94   -4.54   1008.90    1990/09/23  00
      2   1   -163.90   49.44    995.99    1990/09/20  00
      2   2   -159.59   54.68    991.06    1990/09/20  12
      2   3   -163.81   59.60    987.39    1990/09/21  00
      2   4   -165.88   61.92    990.05    1990/09/21  12
 1990/09/20  12   Number of Storms Begun  2
      1   1    -33.03  -32.23   1015.46    1990/09/20  12
      1   2    -25.19  -32.11   1015.63    1990/09/21  00
      1   3    -19.39  -32.79   1013.63    1990/09/21  12
      1   4    -13.41  -33.72   1011.13    1990/09/22  00
      1   5     -6.21  -36.16   1010.68    1990/09/22  12
      1   6     -1.43  -38.34   1011.80    1990/09/23  00
      2   1   -101.09   47.48   1009.28    1990/09/20  12
      2   2    -96.10   48.10   1009.38    1990/09/21  00
      2   3    -91.93   48.39   1005.46    1990/09/21  12
      2   4    -86.27   48.45   1002.04    1990/09/22  00
      2   5    -81.34   48.36    998.47    1990/09/22  12
      2   6    -77.52   48.36    997.75    1990/09/23  00
      2   7    -74.50   48.10    995.02    1990/09/23  12
      2   8    -70.10   51.08    990.73    1990/09/24  00
      2   9    -69.30   54.99    985.90    1990/09/24  12
      2  10    -65.17   58.67    985.53    1990/09/25  00
      2  11    -66.05   60.85    989.77    1990/09/25  12
      2  12    -62.79   63.00    995.77    1990/09/26  00
 1990/09/21  00   Number of Storms Begun  2
      1   1    119.81   53.06   1008.97    1990/09/21  00
      1   2    121.87   52.72   1009.31    1990/09/21  12
      1   3    123.19   52.28   1010.49    1990/09/22  00
      1   4    138.55   50.13   1012.82    1990/09/22  12
      1   5    144.24   50.27   1011.84    1990/09/23  00
      1   6    153.74   50.15   1011.48    1990/09/23  12
      2   1     -0.67   63.72    979.06    1990/09/21  00
      2   2     11.17   57.27    979.44    1990/09/21  12
      2   3     16.53   57.01    980.98    1990/09/22  00
      2   4     21.96   57.54    984.38    1990/09/22  12
      2   5     31.11   58.83    985.60    1990/09/23  00
      2   6     40.77   60.40    988.24    1990/09/23  12
      2   7     54.43   64.13    987.28    1990/09/24  00
      2   8     58.38   65.81    986.25    1990/09/24  12
      2   9     63.12   66.65    988.82    1990/09/25  00
      2  10     78.06   61.42    992.82    1990/09/25  12
      2  11     87.46   62.90    991.94    1990/09/26  00
      2  12     94.94   65.21    994.81    1990/09/26  12
      2  13    105.96   66.13    999.30    1990/09/27  00
      2  14    115.74   66.89   1003.30    1990/09/27  12
      2  15    139.14   70.84   1003.66    1990/09/28  00
      2  16    144.20   70.62   1002.29    1990/09/28  12
      2  17    151.72   71.21   1002.75    1990/09/29  00
      2  18    155.92   71.70   1003.96    1990/09/29  12
      2  19    163.07   72.30   1003.77    1990/09/30  00
      2  20    166.99   73.26   1005.09    1990/09/30  12
 1990/09/21  12   Number of Storms Begun  2
      1   1   -172.92   -4.26   1009.46    1990/09/21  12
      1   2   -169.88    4.90   1008.27    1990/09/22  00
      1   3   -162.74    6.33   1009.11    1990/09/22  12
      1   4   -159.83    0.59   1008.16    1990/09/23  00
      1   5   -154.12    1.19   1009.18    1990/09/23  12
      2   1    -58.71   48.06   1002.68    1990/09/21  12
      2   2    -55.85   50.45   1002.19    1990/09/22  00
      2   3    -50.91   53.23   1001.45    1990/09/22  12
      2   4    -48.41   54.89   1002.90    1990/09/23  00
      2   5    -42.83   55.98   1007.46    1990/09/23  12
 1990/09/22  00   Number of Storms Begun  0
 1990/09/22  12   Number of Storms Begun  0
 1990/09/23  00   Number of Storms Begun  1
      1   1     79.49  -59.90    968.28    1990/09/23  00
      1   2     92.33  -57.89    962.14    1990/09/23  12
      1   3    103.44  -55.92    957.73    1990/09/24  00
      1   4    111.30  -56.62    962.81    1990/09/24  12
      1   5    118.65  -56.81    963.83    1990/09/25  00
      1   6    142.21  -60.75    949.66    1990/09/25  12
      1   7    149.79  -64.40    942.72    1990/09/26  00
      1   8    151.52  -65.59    948.66    1990/09/26  12
 1990/09/23  12   Number of Storms Begun  2
      1   1   -151.95  -62.57    958.17    1990/09/23  12
      1   2   -142.18  -62.85    957.87    1990/09/24  00
      1   3   -133.74  -64.70    954.25    1990/09/24  12
      1   4   -126.41  -65.60    951.55    1990/09/25  00
      1   5   -119.62  -67.00    951.22    1990/09/25  12
      1   6   -112.67  -68.95    951.58    1990/09/26  00
      1   7   -108.82  -71.51    952.76    1990/09/26  12
      1   8   -119.51  -74.21    957.87    1990/09/27  00
      2   1    -34.14  -57.49    982.59    1990/09/23  12
      2   2    -28.35  -55.34    968.42    1990/09/24  00
      2   3    -16.26  -57.61    960.51    1990/09/24  12
      2   4     -7.47  -59.02    954.54    1990/09/25  00
      2   5      4.94  -60.77    953.75    1990/09/25  12
      2   6     17.00  -61.36    956.38    1990/09/26  00
 1990/09/24  00   Number of Storms Begun  3
      1   1    127.69   16.51   1009.84    1990/09/24  00
      1   2    127.39   17.52   1009.29    1990/09/24  12
      1   3    126.82   19.15   1010.56    1990/09/25  00
      1   4    125.77   21.00   1010.43    1990/09/25  12
      2   1     93.10   43.03   1012.15    1990/09/24  00
      2   2     99.33   43.69   1008.67    1990/09/24  12
      2   3    102.81   45.61   1011.96    1990/09/25  00
      2   4    108.36   44.46   1008.22    1990/09/25  12
      3   1   -125.16   69.37    984.32    1990/09/24  00
      3   2   -133.41   72.36    984.00    1990/09/24  12
      3   3   -136.55   74.57    986.60    1990/09/25  00
      3   4   -141.08   75.91    989.13    1990/09/25  12
      3   5   -145.59   77.31    988.97    1990/09/26  00
      3   6   -142.74   78.43    992.76    1990/09/26  12
      3   7   -142.21   79.01    996.55    1990/09/27  00
      3   8   -140.71   79.23    999.63    1990/09/27  12
      3   9   -135.95   78.80   1001.14    1990/09/28  00
      3  10   -114.05   76.71    999.51    1990/09/28  12
 1990/09/24  12   Number of Storms Begun  0
 1990/09/25  00   Number of Storms Begun  2
      1   1   -114.39   14.68   1009.27    1990/09/25  00
      1   2   -119.17   14.52   1009.55    1990/09/25  12
      1   3   -121.06   13.67   1009.07    1990/09/26  00
      1   4   -123.28   14.69   1009.84    1990/09/26  12
      2   1   -177.73   49.75   1004.98    1990/09/25  00
      2   2   -169.92   49.29   1001.45    1990/09/25  12
      2   3   -165.26   50.39    997.47    1990/09/26  00
      2   4   -163.21   52.48    988.79    1990/09/26  12
      2   5   -161.42   53.46    982.48    1990/09/27  00
      2   6   -161.16   54.57    974.42    1990/09/27  12
 1990/09/25  12   Number of Storms Begun  3
      1   1    -48.85  -12.77   1012.64    1990/09/25  12
      1   2    -51.14  -13.38   1011.00    1990/09/26  00
      1   3    -51.19  -13.81   1012.22    1990/09/26  12
      1   4    -60.64  -17.11   1008.71    1990/09/27  00
      2   1    -17.99   42.66   1003.20    1990/09/25  12
      2   2    -18.96   39.66    998.09    1990/09/26  00
      2   3    -20.78   38.74    994.89    1990/09/26  12
      2   4    -23.55   37.24    997.98    1990/09/27  00
      2   5    -24.68   35.98   1001.43    1990/09/27  12
      3   1   -101.85   61.43    991.29    1990/09/25  12
      3   2    -97.89   59.51    996.21    1990/09/26  00
      3   3    -93.22   57.91    998.19    1990/09/26  12
      3   4    -87.90   55.01    999.69    1990/09/27  00
      3   5    -81.07   55.06   1000.82    1990/09/27  12
      3   6    -73.42   56.14   1005.52    1990/09/28  00
      3   7    -61.45   56.70   1003.71    1990/09/28  12
      3   8    -54.94   57.42    999.33    1990/09/29  00
      3   9    -43.46   58.96    997.32    1990/09/29  12
      3  10    -37.36   59.71    993.12    1990/09/30  00
      3  11    -28.60   61.65    983.90    1990/09/30  12
      3  12    -26.71   63.66    983.73    1990/10/01  00
 1990/09/26  00   Number of Storms Begun  0
 1990/09/26  12   Number of Storms Begun  3
      1   1     73.62  -59.02    963.02    1990/09/26  12
      1   2     77.00  -55.66    959.30    1990/09/27  00
      1   3     87.78  -56.76    958.09    1990/09/27  12
      1   4     96.37  -58.50    956.83    1990/09/28  00
      1   5    104.42  -58.42    959.53    1990/09/28  12
      1   6    114.05  -59.54    960.58    1990/09/29  00
      1   7    132.37  -62.95    961.50    1990/09/29  12
      1   8    135.23  -63.71    962.58    1990/09/30  00
      1   9    145.96  -64.37    964.73    1990/09/30  12
      1  10    153.76  -64.72    969.21    1990/10/01  00
      2   1    124.93   22.31   1009.87    1990/09/26  12
      2   2    125.92   24.03   1009.40    1990/09/27  00
      2   3    125.12   25.47   1008.73    1990/09/27  12
      2   4    126.24   26.82   1008.67    1990/09/28  00
      2   5    126.74   27.72   1007.85    1990/09/28  12
      2   6    129.16   29.19   1008.56    1990/09/29  00
      2   7    131.67   30.54   1008.44    1990/09/29  12
      2   8    133.75   32.27   1008.07    1990/09/30  00
      2   9    137.07   34.91   1008.27    1990/09/30  12
      2  10    139.93   38.49   1008.06    1990/10/01  00
      2  11    143.26   43.50   1004.10    1990/10/01  12
      2  12    144.53   49.12    994.76    1990/10/02  00
      2  13    148.95   53.15    988.43    1990/10/02  12
      2  14    156.11   55.32    983.81    1990/10/03  00
      2  15    163.87   57.53    982.72    1990/10/03  12
      2  16    168.99   58.21    983.31    1990/10/04  00
      2  17    175.25   59.27    987.36    1990/10/04  12
      2  18   -175.94   61.17    989.82    1990/10/05  00
      2  19   -172.12   61.77    991.85    1990/10/05  12
      2  20   -167.29   63.03    997.09    1990/10/06  00
      2  21   -166.27   63.34    999.37    1990/10/06  12
      2  22   -164.03   64.62   1000.95    1990/10/07  00
      3   1     45.66   58.24    998.55    1990/09/26  12
      3   2     50.93   60.38    994.28    1990/09/27  00
      3   3     56.10   63.32    992.22    1990/09/27  12
      3   4     56.30   66.65    989.76    1990/09/28  00
      3   5     48.95   68.22    990.18    1990/09/28  12
      3   6     44.29   67.36    988.72    1990/09/29  00
      3   7     41.46   66.51    990.74    1990/09/29  12
      3   8     40.65   64.84    991.89    1990/09/30  00
      3   9     41.98   62.73    994.88    1990/09/30  12
      3  10     47.79   60.49    996.31    1990/10/01  00
      3  11     56.78   59.91    996.65    1990/10/01  12
      3  12     62.48   60.87    995.25    1990/10/02  00
 1990/09/27  00   Number of Storms Begun  1
      1   1    149.58  -65.21    956.30    1990/09/27  00
      1   2    157.42  -64.94    959.22    1990/09/27  12
      1   3    171.41  -62.79    959.27    1990/09/28  00
      1   4   -170.88  -63.33    950.47    1990/09/28  12
      1   5   -149.88  -66.51    945.02    1990/09/29  00
      1   6   -134.17  -67.21    943.80    1990/09/29  12
      1   7   -124.08  -67.39    946.17    1990/09/30  00
      1   8   -115.16  -66.92    952.24    1990/09/30  12
      1   9    -94.69  -62.71    950.59    1990/10/01  00
      1  10    -85.74  -62.82    949.24    1990/10/01  12
      1  11    -75.67  -62.94    949.21    1990/10/02  00
 1990/09/27  12   Number of Storms Begun  2
      1   1     43.87  -62.69    969.81    1990/09/27  12
      1   2     50.39  -61.10    966.78    1990/09/28  00
      1   3     55.37  -59.84    964.72    1990/09/28  12
      1   4     63.22  -61.06    961.45    1990/09/29  00
      1   5     67.38  -58.41    962.66    1990/09/29  12
      1   6     75.06  -58.76    953.89    1990/09/30  00
      1   7     86.75  -62.12    946.68    1990/09/30  12
      1   8     91.59  -63.66    952.61    1990/10/01  00
      1   9     95.23  -64.48    966.06    1990/10/01  12
      2   1    -24.68   35.98   1001.43    1990/09/27  12
      2   2    -23.25   35.83   1002.44    1990/09/28  00
      2   3    -20.50   38.55   1002.49    1990/09/28  12
      2   4    -17.93   41.07   1004.36    1990/09/29  00
      2   5    -13.63   45.66   1004.22    1990/09/29  12
      2   6     -9.47   47.88   1002.77    1990/09/30  00
 1990/09/28  00   Number of Storms Begun  3
      1   1    -49.77  -67.61    972.93    1990/09/28  00
      1   2    -41.76  -67.23    968.41    1990/09/28  12
      1   3    -17.12  -64.68    966.06    1990/09/29  00
      1   4    -13.39  -64.36    962.09    1990/09/29  12
      1   5     -4.08  -63.93    962.05    1990/09/30  00
      1   6     10.99  -64.49    963.38    1990/09/30  12
      1   7     31.02  -66.23    955.18    1990/10/01  00
      1   8     37.95  -67.18    952.69    1990/10/01  12
      2   1    110.99    9.86   1010.09    1990/09/28  00
      2   2    112.88    9.46   1009.10    1990/09/28  12
      2   3    113.56    9.81   1009.57    1990/09/29  00
      2   4    114.83   12.33   1008.88    1990/09/29  12
      2   5    114.68   12.81   1009.92    1990/09/30  00
      3   1   -162.32   53.68    976.75    1990/09/28  00
      3   2   -159.87   52.98    981.54    1990/09/28  12
      3   3   -139.99   61.91    987.32    1990/09/29  00
      3   4   -116.61   65.18    987.04    1990/09/29  12
      3   5   -100.05   66.77    991.08    1990/09/30  00
      3   6    -74.70   71.81    989.07    1990/09/30  12
 1990/09/28  12   Number of Storms Begun  2
      1   1    139.68   12.67   1009.48    1990/09/28  12
      1   2    147.18   13.73   1009.87    1990/09/29  00
      1   3    150.52   16.51   1009.51    1990/09/29  12
      1   4    150.99   16.20   1008.98    1990/09/30  00
      2   1    115.06   50.00   1007.52    1990/09/28  12
      2   2    117.00   52.02   1008.86    1990/09/29  00
      2   3    120.39   51.89   1010.91    1990/09/29  12
      2   4    125.31   51.71   1010.96    1990/09/30  00
 1990/09/29  00   Number of Storms Begun  2
      1   1      9.88  -16.18   1012.65    1990/09/29  00
      1   2     21.73  -14.86   1009.04    1990/09/29  12
      1   3     27.53   -6.75   1011.58    1990/09/30  00
      1   4     30.20   -6.63   1010.36    1990/09/30  12
      2   1    152.09   37.91   1009.35    1990/09/29  00
      2   2    157.84   37.71   1005.67    1990/09/29  12
      2   3    168.58   38.05   1003.35    1990/09/30  00
      2   4    176.63   39.45   1000.44    1990/09/30  12
      2   5   -175.97   40.57   1000.94    1990/10/01  00
      2   6   -173.13   40.87   1002.26    1990/10/01  12
      2   7   -163.99   45.48   1003.25    1990/10/02  00
      2   8   -154.34   48.88   1006.44    1990/10/02  12
      2   9   -140.93   51.35   1006.72    1990/10/03  00
      2  10   -134.47   51.32   1003.23    1990/10/03  12
      2  11   -132.25   51.85   1001.62    1990/10/04  00
 1990/09/29  12   Number of Storms Begun  0
 1990/09/30  00   Number of Storms Begun  2
      1   1    150.99   16.20   1008.98    1990/09/30  00
      1   2    148.67   14.45   1008.46    1990/09/30  12
      1   3    146.53   15.73   1007.74    1990/10/01  00
      1   4    145.37   14.85   1006.60    1990/10/01  12
      2   1     80.15   62.54    993.24    1990/09/30  00
      2   2     94.15   65.41    991.19    1990/09/30  12
      2   3    103.72   66.09    988.08    1990/10/01  00
      2   4    110.64   65.78    987.35    1990/10/01  12
      2   5    116.67   65.69    990.77    1990/10/02  00
 1990/09/30  12   Number of Storms Begun  1
      1   1    -78.29   43.27   1012.26    1990/09/30  12
      1   2    -73.77   47.12   1007.34    1990/10/01  00
      1   3    -71.45   52.26   1000.89    1990/10/01  12
      1   4    -66.23   56.17    996.33    1990/10/02  00
      1   5    -62.33   57.92    994.18    1990/10/02  12
      1   6    -59.77   57.61    995.30    1990/10/03  00
      1   7    -42.39   54.55    994.19    1990/10/03  12
 1990/10/01  00   Number of Storms Begun  2
      1   1   -135.83   49.63   1008.57    1990/10/01  00
      1   2   -129.73   52.66    995.78    1990/10/01  12
      1   3   -116.20   55.36    995.66    1990/10/02  00
      1   4   -106.76   51.20    992.95    1990/10/02  12
      1   5   -101.03   51.75    992.39    1990/10/03  00
      1   6    -99.88   54.11    990.42    1990/10/03  12
      1   7    -88.48   53.94    981.57    1990/10/04  00
      1   8    -84.69   56.76    973.57    1990/10/04  12
      1   9    -85.06   58.27    974.33    1990/10/05  00
      2   1    -26.71   63.66    983.73    1990/10/01  00
      2   2    -28.66   62.30    989.51    1990/10/01  12
      2   3    -25.53   59.88    992.97    1990/10/02  00
      2   4    -15.30   58.83    988.04    1990/10/02  12
      2   5    -11.20   61.29    982.92    1990/10/03  00
      2   6     -9.35   61.04    981.32    1990/10/03  12
      2   7     -3.54   63.55    979.69    1990/10/04  00
      2   8     -3.82   67.50    978.59    1990/10/04  12
      2   9      0.43   68.93    979.26    1990/10/05  00
      2  10      3.96   69.33    973.34    1990/10/05  12
      2  11      6.86   70.89    978.15    1990/10/06  00
      2  12     10.25   71.55    984.85    1990/10/06  12
      2  13     10.89   73.49    984.02    1990/10/07  00
      2  14      9.65   74.58    984.91    1990/10/07  12
      2  15     10.12   74.67    986.06    1990/10/08  00
      2  16     16.31   73.82    985.57    1990/10/08  12
 1990/10/01  12   Number of Storms Begun  2
      1   1    125.55  -21.08   1012.00    1990/10/01  12
      1   2    126.92  -20.21   1013.32    1990/10/02  00
      1   3    128.00  -18.32   1010.43    1990/10/02  12
      1   4    127.72  -16.85   1012.32    1990/10/03  00
      2   1     23.57   55.98    998.61    1990/10/01  12
      2   2     36.11   55.44    996.06    1990/10/02  00
      2   3     45.56   54.82    994.11    1990/10/02  12
      2   4     52.73   56.24    992.84    1990/10/03  00
      2   5     55.83   57.98    993.72    1990/10/03  12
      2   6     54.71   59.00    997.06    1990/10/04  00
 1990/10/02  00   Number of Storms Begun  3
      1   1    141.47  -64.07    970.60    1990/10/02  00
      1   2    150.63  -64.53    957.47    1990/10/02  12
      1   3    163.78  -63.64    953.00    1990/10/03  00
      1   4    171.76  -63.60    952.30    1990/10/03  12
      1   5   -166.84  -63.13    950.43    1990/10/04  00
      1   6   -160.02  -63.62    944.23    1990/10/04  12
      1   7   -151.91  -64.70    948.58    1990/10/05  00
      1   8   -142.02  -65.18    953.28    1990/10/05  12
      1   9   -134.54  -66.58    951.88    1990/10/06  00
      1  10   -125.82  -66.30    958.44    1990/10/06  12
      1  11   -113.21  -64.60    963.11    1990/10/07  00
      2   1    113.49   12.48   1005.84    1990/10/02  00
      2   2    111.33   12.87   1004.06    1990/10/02  12
      2   3    109.52   13.30   1005.14    1990/10/03  00
      2   4    107.80   13.07   1003.11    1990/10/03  12
      2   5    105.84   13.89   1004.89    1990/10/04  00
      3   1    145.71   15.57   1004.67    1990/10/02  00
      3   2    141.54   15.98   1005.10    1990/10/02  12
      3   3    138.16   16.94   1005.49    1990/10/03  00
      3   4    135.21   18.36   1005.19    1990/10/03  12
      3   5    131.78   19.99   1005.32    1990/10/04  00
      3   6    129.89   22.26   1003.64    1990/10/04  12
      3   7    128.88   23.39   1001.45    1990/10/05  00
      3   8    126.94   25.07    999.71    1990/10/05  12
      3   9    127.26   26.76    998.14    1990/10/06  00
      3  10    128.15   27.61    998.33    1990/10/06  12
      3  11    128.71   28.32    999.60    1990/10/07  00
      3  12    130.20   29.14   1000.59    1990/10/07  12
      3  13    134.97   32.31    999.88    1990/10/08  00
      3  14    146.53   38.20   1000.27    1990/10/08  12
 1990/10/02  12   Number of Storms Begun  1
      1   1    -78.28  -63.54    953.83    1990/10/02  12
      1   2    -74.75  -63.29    956.48    1990/10/03  00
      1   3    -70.49  -62.73    961.05    1990/10/03  12
      1   4    -45.01  -65.48    969.26    1990/10/04  00
      1   5    -33.22  -65.23    969.44    1990/10/04  12
      1   6    -23.08  -64.93    969.11    1990/10/05  00
      1   7     -0.88  -61.19    965.51    1990/10/05  12
      1   8      8.50  -60.59    963.77    1990/10/06  00
 1990/10/03  00   Number of Storms Begun  2
      1   1     37.85  -67.16    971.33    1990/10/03  00
      1   2     64.23  -63.97    975.36    1990/10/03  12
      1   3     77.53  -66.63    972.33    1990/10/04  00
      1   4     82.32  -67.30    980.61    1990/10/04  12
      2   1    -26.26  -57.12    959.52    1990/10/03  00
      2   2     -8.29  -59.01    957.06    1990/10/03  12
      2   3      1.20  -59.28    958.34    1990/10/04  00
      2   4     11.71  -59.70    960.44    1990/10/04  12
      2   5     20.91  -59.66    962.74    1990/10/05  00
      2   6     32.05  -64.98    964.95    1990/10/05  12
 1990/10/03  12   Number of Storms Begun  1
      1   1     27.90   -6.31   1007.52    1990/10/03  12
      1   2     25.61   -6.38   1009.08    1990/10/04  00
      1   3     23.56  -15.39   1004.81    1990/10/04  12
      1   4     21.40  -16.43   1008.57    1990/10/05  00
      1   5     20.91  -19.23   1004.71    1990/10/05  12
 1990/10/04  00   Number of Storms Begun  2
      1   1   -140.07    6.55   1008.28    1990/10/04  00
      1   2   -146.52    0.81   1008.75    1990/10/04  12
      1   3   -146.60    0.86   1007.84    1990/10/05  00
      1   4   -155.28   -3.15   1008.72    1990/10/05  12
      2   1     54.71   59.00    997.06    1990/10/04  00
      2   2     55.79   58.12   1002.49    1990/10/04  12
      2   3     67.05   56.69   1002.21    1990/10/05  00
      2   4     73.53   60.26    998.20    1990/10/05  12
      2   5     71.02   62.96    994.47    1990/10/06  00
      2   6     67.33   64.68    993.22    1990/10/06  12
 1990/10/04  12   Number of Storms Begun  2
      1   1    143.97  -62.26    972.05    1990/10/04  12
      1   2    155.04  -59.77    969.05    1990/10/05  00
      1   3    161.14  -60.40    964.48    1990/10/05  12
      1   4    167.52  -60.81    963.86    1990/10/06  00
      1   5    170.55  -60.99    960.44    1990/10/06  12
      1   6    177.27  -61.94    961.37    1990/10/07  00
      1   7   -176.85  -64.22    954.50    1990/10/07  12
      1   8   -158.35  -68.18    956.75    1990/10/08  00
      1   9   -137.55  -71.61    953.48    1990/10/08  12
      1  10   -109.45  -70.72    958.89    1990/10/09  00
      1  11    -89.19  -68.78    949.97    1990/10/09  12
      1  12    -76.14  -66.89    945.98    1990/10/10  00
      1  13    -68.28  -66.84    954.43    1990/10/10  12
      2   1    180.00   30.24   1006.78    1990/10/04  12
      2   2   -179.10   31.53   1005.16    1990/10/05  00
      2   3   -177.23   34.89   1007.39    1990/10/05  12
      2   4   -175.53   39.08   1006.69    1990/10/06  00
      2   5   -170.74   43.03   1006.00    1990/10/06  12
 1990/10/05  00   Number of Storms Begun  1
      1   1    -85.06   58.27    974.33    1990/10/05  00
      1   2    -84.31   58.15    977.34    1990/10/05  12
      1   3    -81.30   58.20    982.92    1990/10/06  00
      1   4    -75.74   58.43    986.13    1990/10/06  12
      1   5    -67.87   60.04    990.24    1990/10/07  00
      1   6    -58.89   61.13    991.47    1990/10/07  12
      1   7    -45.82   60.42    993.75    1990/10/08  00
      1   8    -29.24   61.62    985.67    1990/10/08  12
      1   9    -10.95   64.65    975.85    1990/10/09  00
      1  10      7.68   67.89    964.77    1990/10/09  12
      1  11     18.48   68.69    966.74    1990/10/10  00
      1  12     31.97   68.33    972.31    1990/10/10  12
      1  13     44.95   67.19    975.45    1990/10/11  00
      1  14     60.88   67.90    980.66    1990/10/11  12
      1  15     73.03   69.19    980.89    1990/10/12  00
      1  16     77.85   70.49    985.47    1990/10/12  12
      1  17     77.92   70.59    989.49    1990/10/13  00
 1990/10/05  12   Number of Storms Begun  2
      1   1    120.59  -25.28   1008.30    1990/10/05  12
      1   2    123.87  -25.06   1011.46    1990/10/06  00
      1   3    125.38  -26.03   1007.88    1990/10/06  12
      1   4    128.89  -28.45   1009.37    1990/10/07  00
      1   5    134.42  -26.10   1008.34    1990/10/07  12
      1   6    139.81  -23.02   1011.01    1990/10/08  00
      2   1    133.20   49.11   1005.37    1990/10/05  12
      2   2    139.05   50.73   1000.70    1990/10/06  00
      2   3    144.28   53.29    993.90    1990/10/06  12
      2   4    146.59   55.15    982.86    1990/10/07  00
      2   5    149.18   55.87    984.01    1990/10/07  12
      2   6    152.18   56.31    988.38    1990/10/08  00
      2   7    163.40   58.92    990.31    1990/10/08  12
      2   8    169.66   60.83    986.20    1990/10/09  00
      2   9    176.13   62.34    988.43    1990/10/09  12
      2  10   -176.45   63.06    986.57    1990/10/10  00
      2  11   -177.01   68.88    984.74    1990/10/10  12
      2  12    175.89   72.11    981.56    1990/10/11  00
      2  13    174.54   72.57    983.90    1990/10/11  12
 1990/10/06  00   Number of Storms Begun  1
      1   1    167.79   82.42    998.94    1990/10/06  00
      1   2    164.54   81.65   1001.32    1990/10/06  12
      1   3    148.33   76.67   1004.28    1990/10/07  00
      1   4    149.33   74.04   1001.82    1990/10/07  12
 1990/10/06  12   Number of Storms Begun  3
      1   1     83.02  -62.88    977.21    1990/10/06  12
      1   2     94.45  -61.61    974.24    1990/10/07  00
      1   3    104.52  -60.25    973.37    1990/10/07  12
      1   4    115.23  -59.57    971.99    1990/10/08  00
      1   5    122.92  -59.37    966.68    1990/10/08  12
      1   6    133.13  -60.09    962.97    1990/10/09  00
      1   7    148.11  -61.55    964.52    1990/10/09  12
      1   8    160.21  -63.85    964.94    1990/10/10  00
      1   9    174.46  -66.26    960.34    1990/10/10  12
      1  10   -164.11  -69.34    966.11    1990/10/11  00
      1  11   -142.18  -70.64    964.00    1990/10/11  12
      2   1    -15.65  -58.61    958.33    1990/10/06  12
      2   2     -3.17  -56.51    953.21    1990/10/07  00
      2   3      7.94  -56.65    950.32    1990/10/07  12
      2   4     14.72  -57.27    951.83    1990/10/08  00
      2   5     21.69  -58.59    954.46    1990/10/08  12
      2   6     29.08  -59.81    963.09    1990/10/09  00
      2   7     39.91  -61.25    963.99    1990/10/09  12
      2   8     59.70  -62.21    961.19    1990/10/10  00
      2   9     68.35  -63.07    961.47    1990/10/10  12
      2  10     69.16  -63.53    965.20    1990/10/11  00
      2  11     71.22  -63.60    973.27    1990/10/11  12
      3   1    -43.80   37.58   1003.92    1990/10/06  12
      3   2    -44.06   36.90   1009.51    1990/10/07  00
      3   3    -43.14   34.22   1011.97    1990/10/07  12
      3   4    -41.95   33.82   1010.74    1990/10/08  00
 1990/10/07  00   Number of Storms Begun  0
 1990/10/07  12   Number of Storms Begun  3
      1   1    -76.73  -67.45    961.56    1990/10/07  12
      1   2    -69.71  -69.08    961.48    1990/10/08  00
      1   3    -52.69  -68.74    962.19    1990/10/08  12
      1   4    -44.60  -71.44    961.29    1990/10/09  00
      2   1    -65.83   18.80   1008.39    1990/10/07  12
      2   2    -67.32   18.88   1006.85    1990/10/08  00
      2   3    -69.80   20.32   1006.61    1990/10/08  12
      2   4    -72.78   20.35   1006.33    1990/10/09  00
      2   5    -77.05   22.24   1006.61    1990/10/09  12
      2   6    -81.56   22.92   1003.44    1990/10/10  00
      2   7    -83.00   25.61   1002.68    1990/10/10  12
      2   8    -83.27   27.01   1002.85    1990/10/11  00
      2   9    -83.26   27.03   1005.09    1990/10/11  12
      2  10    -83.73   28.55   1006.58    1990/10/12  00
      2  11    -83.90   30.71   1007.19    1990/10/12  12
      3   1   -154.60   54.44    996.33    1990/10/07  12
      3   2   -149.70   57.98    984.86    1990/10/08  00
      3   3   -145.48   60.68    986.26    1990/10/08  12
      3   4   -125.51   64.71    992.94    1990/10/09  00
      3   5   -112.60   63.22    991.33    1990/10/09  12
      3   6   -103.69   62.74    994.28    1990/10/10  00
      3   7    -95.86   62.86    996.38    1990/10/10  12
 1990/10/08  00   Number of Storms Begun  1
      1   1    -41.95   33.82   1010.74    1990/10/08  00
      1   2    -43.84   34.54   1008.41    1990/10/08  12
      1   3    -47.79   33.08   1007.90    1990/10/09  00
      1   4    -48.85   30.50   1006.24    1990/10/09  12
      1   5    -49.61   30.07   1006.00    1990/10/10  00
      1   6    -52.54   28.74   1009.05    1990/10/10  12
 1990/10/08  12   Number of Storms Begun  0
 1990/10/09  00   Number of Storms Begun  2
      1   1   -164.03  -34.37   1010.68    1990/10/09  00
      1   2   -162.54  -34.51   1004.04    1990/10/09  12
      1   3   -161.66  -36.58   1002.65    1990/10/10  00
      1   4   -162.31  -37.58   1000.62    1990/10/10  12
      1   5   -161.39  -38.10   1003.22    1990/10/11  00
      1   6   -160.58  -39.92   1004.14    1990/10/11  12
      2   1   -169.38   33.95   1009.12    1990/10/09  00
      2   2   -172.70   26.38   1007.75    1990/10/09  12
      2   3   -173.69   26.11   1008.64    1990/10/10  00
      2   4   -175.54   26.03   1009.18    1990/10/10  12
      2   5    176.40   18.52   1008.74    1990/10/11  00
      2   6    168.42   11.35   1008.42    1990/10/11  12
      2   7    158.92   11.51   1007.68    1990/10/12  00
 1990/10/09  12   Number of Storms Begun  0
 1990/10/10  00   Number of Storms Begun  1
      1   1    -25.64  -62.39    957.69    1990/10/10  00
      1   2    -14.97  -60.91    953.92    1990/10/10  12
      1   3     -8.26  -62.48    950.73    1990/10/11  00
      1   4     -1.11  -62.73    951.00    1990/10/11  12
      1   5      2.84  -62.19    951.88    1990/10/12  00
      1   6      7.59  -61.76    954.06    1990/10/12  12
      1   7     10.88  -62.32    960.56    1990/10/13  00
      1   8     16.42  -61.60    969.22    1990/10/13  12
      1   9     26.95  -59.07    971.45    1990/10/14  00
      1  10     29.85  -60.79    972.22    1990/10/14  12
 1990/10/10  12   Number of Storms Begun  1
      1   1    141.19  -34.85   1002.66    1990/10/10  12
      1   2    146.79  -35.35   1000.29    1990/10/11  00
      1   3    152.23  -35.19    997.00    1990/10/11  12
      1   4    156.06  -36.32    995.49    1990/10/12  00
      1   5    158.58  -37.62    994.71    1990/10/12  12
      1   6    160.12  -37.11    998.30    1990/10/13  00
      1   7    162.00  -35.97    999.75    1990/10/13  12
 1990/10/11  00   Number of Storms Begun  2
      1   1    139.99  -61.15    981.51    1990/10/11  00
      1   2    150.45  -61.80    972.48    1990/10/11  12
      1   3    159.44  -62.23    971.99    1990/10/12  00
      1   4    166.90  -63.06    969.02    1990/10/12  12
      1   5    174.92  -63.44    968.82    1990/10/13  00
      1   6   -176.41  -63.37    970.98    1990/10/13  12
      1   7   -163.77  -62.36    970.95    1990/10/14  00
      1   8   -151.66  -61.47    970.05    1990/10/14  12
      1   9   -143.48  -61.93    966.38    1990/10/15  00
      1  10   -136.34  -63.33    964.12    1990/10/15  12
      1  11   -124.22  -62.17    955.81    1990/10/16  00
      1  12   -118.98  -64.55    947.37    1990/10/16  12
      1  13   -118.76  -67.34    941.25    1990/10/17  00
      1  14   -126.37  -68.48    945.07    1990/10/17  12
      2   1   -157.58   57.66    983.78    1990/10/11  00
      2   2   -146.31   56.92    980.27    1990/10/11  12
      2   3   -140.05   57.89    979.71    1990/10/12  00
      2   4   -137.99   59.04    981.73    1990/10/12  12
      2   5   -137.97   60.96    988.54    1990/10/13  00
      2   6   -133.94   70.28    995.63    1990/10/13  12
 1990/10/11  12   Number of Storms Begun  2
      1   1   -126.91  -31.28   1011.48    1990/10/11  12
      1   2   -126.52  -32.91   1010.38    1990/10/12  00
      1   3   -126.13  -34.36   1011.78    1990/10/12  12
      1   4   -124.82  -37.27   1011.43    1990/10/13  00
      2   1    -23.87   51.16    991.30    1990/10/11  12
      2   2    -17.21   55.61    982.54    1990/10/12  00
      2   3    -13.72   60.87    981.80    1990/10/12  12
      2   4     -9.46   65.43    992.08    1990/10/13  00
      2   5      4.55   70.38    994.88    1990/10/13  12
      2   6     25.69   71.21    996.22    1990/10/14  00
 1990/10/12  00   Number of Storms Begun  2
      1   1    -77.65  -68.74    950.02    1990/10/12  00
      1   2    -77.48  -68.72    958.50    1990/10/12  12
      1   3    -71.29  -59.37    960.99    1990/10/13  00
      1   4    -61.21  -58.47    959.18    1990/10/13  12
      2   1     73.91  -51.19    975.56    1990/10/12  00
      2   2     84.73  -52.44    958.78    1990/10/12  12
      2   3     91.50  -54.20    950.25    1990/10/13  00
      2   4     94.14  -54.90    948.60    1990/10/13  12
      2   5     96.61  -55.92    954.26    1990/10/14  00
      2   6    100.06  -57.25    962.04    1990/10/14  12
      2   7    102.54  -57.59    968.66    1990/10/15  00
      2   8    106.58  -57.90    977.44    1990/10/15  12
      2   9    110.93  -56.99    981.03    1990/10/16  00
      2  10    116.44  -58.24    982.60    1990/10/16  12
      2  11    119.86  -60.29    985.06    1990/10/17  00
      2  12    121.63  -62.09    987.08    1990/10/17  12
 1990/10/12  12   Number of Storms Begun  1
      1   1    -83.90   30.71   1007.19    1990/10/12  12
      1   2    -80.11   30.70   1007.52    1990/10/13  00
      1   3    -74.80   33.75   1007.08    1990/10/13  12
      1   4    -73.77   36.60   1005.60    1990/10/14  00
      1   5    -69.84   39.75   1005.66    1990/10/14  12
 1990/10/13  00   Number of Storms Begun  2
      1   1    -16.75   45.75    988.92    1990/10/13  00
      1   2    -16.11   51.52    981.58    1990/10/13  12
      1   3    -18.95   55.75    971.59    1990/10/14  00
      1   4    -19.50   57.41    969.54    1990/10/14  12
      1   5    -18.61   58.94    977.81    1990/10/15  00
      1   6    -16.12   59.78    986.81    1990/10/15  12
      1   7     -8.46   61.15    987.53    1990/10/16  00
      1   8     -1.74   65.44    987.83    1990/10/16  12
      2   1     77.92   70.59    989.49    1990/10/13  00
      2   2    104.49   66.17    994.37    1990/10/13  12
      2   3    118.68   66.09    994.01    1990/10/14  00
      2   4    133.58   67.17    995.45    1990/10/14  12
      2   5    145.95   67.57   1001.63    1990/10/15  00
 1990/10/13  12   Number of Storms Begun  7
      1   1   -117.52  -65.58    972.61    1990/10/13  12
      1   2   -108.89  -66.82    967.94    1990/10/14  00
      1   3    -96.56  -66.74    959.90    1990/10/14  12
      1   4    -85.76  -66.95    963.37    1990/10/15  00
      1   5    -71.31  -66.52    959.72    1990/10/15  12
      1   6    -33.98  -73.20    955.81    1990/10/16  00
      1   7    -46.61  -75.53    957.25    1990/10/16  12
      2   1    127.17  -38.60    992.89    1990/10/13  12
      2   2    129.18  -39.46    992.03    1990/10/14  00
      2   3    131.30  -40.23    996.64    1990/10/14  12
      2   4    134.50  -40.35    997.75    1990/10/15  00
      2   5    138.48  -41.57    999.91    1990/10/15  12
      3   1    162.00  -35.97    999.75    1990/10/13  12
      3   2    164.67  -38.50   1000.28    1990/10/14  00
      3   3    165.54  -39.85   1000.95    1990/10/14  12
      3   4    167.17  -39.37    999.99    1990/10/15  00
      3   5    170.04  -38.44    997.92    1990/10/15  12
      4   1    113.03   12.10   1005.73    1990/10/13  12
      4   2    111.46   12.67   1006.05    1990/10/14  00
      4   3    106.77   11.12   1006.27    1990/10/14  12
      4   4    106.37   11.48   1008.27    1990/10/15  00
      5   1    133.98   33.57   1011.88    1990/10/13  12
      5   2    138.21   38.75   1011.05    1990/10/14  00
      5   3    141.79   43.39   1007.14    1990/10/14  12
      5   4    144.42   49.21    999.67    1990/10/15  00
      5   5    146.95   51.86    996.44    1990/10/15  12
      5   6    150.21   55.22    996.83    1990/10/16  00
      6   1   -112.49   56.18    993.48    1990/10/13  12
      6   2   -106.12   53.32    996.86    1990/10/14  00
      6   3    -91.24   57.38    995.69    1990/10/14  12
      6   4    -91.38   58.37    995.09    1990/10/15  00
      7   1     60.98   55.71    992.01    1990/10/13  12
      7   2     69.18   58.62    991.29    1990/10/14  00
      7   3     77.22   63.27    989.47    1990/10/14  12
      7   4     87.95   69.20    985.20    1990/10/15  00
      7   5     96.62   72.17    982.63    1990/10/15  12
      7   6    110.82   72.98    989.26    1990/10/16  00
      7   7    146.26   69.75    994.47    1990/10/16  12
 1990/10/14  00   Number of Storms Begun  1
      1   1    -29.37  -56.64    956.88    1990/10/14  00
      1   2    -24.59  -62.55    943.55    1990/10/14  12
      1   3    -22.68  -67.09    946.10    1990/10/15  00
      1   4    -29.07  -70.48    953.36    1990/10/15  12
      1   5    -33.98  -73.20    955.81    1990/10/16  00
 1990/10/14  12   Number of Storms Begun  1
      1   1     29.85  -60.79    972.22    1990/10/14  12
      1   2     32.43  -57.57    979.02    1990/10/15  00
      1   3     38.48  -56.40    982.38    1990/10/15  12
      1   4     51.67  -53.12    975.29    1990/10/16  00
      1   5     58.41  -51.46    965.76    1990/10/16  12
 1990/10/15  00   Number of Storms Begun  3
      1   1   -147.02    1.03   1007.60    1990/10/15  00
      1   2   -158.70    6.19   1009.05    1990/10/15  12
      1   3   -161.35    2.69   1008.33    1990/10/16  00
      1   4   -169.38    3.53   1009.72    1990/10/16  12
      2   1    152.70   13.77   1009.52    1990/10/15  00
      2   2    150.50   12.44   1008.77    1990/10/15  12
      2   3    149.23   13.67   1008.28    1990/10/16  00
      2   4    145.73   15.13   1007.36    1990/10/16  12
      3   1    -91.38   58.37    995.09    1990/10/15  00
      3   2    -76.87   52.76    993.70    1990/10/15  12
      3   3    -68.66   55.71    988.38    1990/10/16  00
      3   4    -61.26   56.94    983.39    1990/10/16  12
      3   5    -57.66   59.20    979.65    1990/10/17  00
      3   6    -55.85   60.36    982.52    1990/10/17  12
      3   7    -54.24   60.98    989.42    1990/10/18  00
 1990/10/15  12   Number of Storms Begun  2
      1   1   -174.46   57.30   1004.41    1990/10/15  12
      1   2   -167.97   56.61   1003.48    1990/10/16  00
      1   3   -159.36   55.48   1002.33    1990/10/16  12
      1   4   -144.94   50.17    989.02    1990/10/17  00
      1   5   -137.63   51.61    976.32    1990/10/17  12
      1   6   -132.25   52.87    978.79    1990/10/18  00
      1   7   -126.90   56.10    990.79    1990/10/18  12
      1   8   -116.90   56.49    996.40    1990/10/19  00
      1   9   -103.99   48.57   1001.09    1990/10/19  12
      1  10   -101.21   38.76    998.35    1990/10/20  00
      1  11   -102.88   35.42   1001.90    1990/10/20  12
      2   1     53.63   57.15   1004.53    1990/10/15  12
      2   2     60.45   53.48   1011.19    1990/10/16  00
      2   3     66.87   51.75   1015.30    1990/10/16  12
      2   4     71.88   52.78   1016.93    1990/10/17  00
 1990/10/16  00   Number of Storms Begun  2
      1   1   -173.56   36.52   1007.18    1990/10/16  00
      1   2   -176.42   31.88   1009.74    1990/10/16  12
      1   3   -178.72   30.80   1010.69    1990/10/17  00
      1   4    179.75   30.82   1011.53    1990/10/17  12
      1   5    178.99   29.21   1010.86    1990/10/18  00
      2   1    -16.72   43.30    992.42    1990/10/16  00
      2   2    -12.04   44.64    993.63    1990/10/16  12
      2   3     -8.79   46.83    998.28    1990/10/17  00
      2   4     -5.67   48.45   1002.59    1990/10/17  12
      2   5     -3.25   49.56   1004.53    1990/10/18  00
      2   6     -2.14   50.91   1005.58    1990/10/18  12
 1990/10/16  12   Number of Storms Begun  4
      1   1     58.41  -51.46    965.76    1990/10/16  12
      1   2     60.10  -54.95    951.54    1990/10/17  00
      1   3     61.64  -56.18    949.50    1990/10/17  12
      1   4     64.73  -57.09    948.48    1990/10/18  00
      1   5     68.06  -57.48    957.49    1990/10/18  12
      1   6     71.09  -57.33    961.89    1990/10/19  00
      1   7     76.07  -57.31    962.35    1990/10/19  12
      1   8     81.96  -57.80    961.52    1990/10/20  00
      1   9     91.04  -58.67    958.01    1990/10/20  12
      1  10     96.56  -59.69    958.77    1990/10/21  00
      1  11    118.00  -61.98    964.49    1990/10/21  12
      1  12    130.01  -63.29    962.63    1990/10/22  00
      1  13    135.54  -64.71    967.51    1990/10/22  12
      2   1     75.37   -6.27   1005.82    1990/10/16  12
      2   2     74.79   -5.79   1004.36    1990/10/17  00
      2   3     71.07   -6.64   1003.20    1990/10/17  12
      2   4     67.00   -6.15   1004.03    1990/10/18  00
      2   5     65.24   -6.29   1003.97    1990/10/18  12
      2   6     63.50   -6.09   1004.34    1990/10/19  00
      2   7     62.31   -6.78   1004.94    1990/10/19  12
      2   8     61.75   -6.23   1005.45    1990/10/20  00
      2   9     60.78   -5.02   1004.15    1990/10/20  12
      2  10     59.13   -6.04   1007.28    1990/10/21  00
      2  11     57.21   -6.79   1007.74    1990/10/21  12
      2  12     54.74   -7.11   1008.92    1990/10/22  00
      3   1   -169.38    3.53   1009.72    1990/10/16  12
      3   2   -163.92    2.78   1009.00    1990/10/17  00
      3   3   -158.43    2.45   1010.35    1990/10/17  12
      3   4   -146.05    3.23   1007.72    1990/10/18  00
      4   1    132.46   40.50   1013.84    1990/10/16  12
      4   2    133.30   42.62   1013.64    1990/10/17  00
      4   3    135.05   42.69   1011.98    1990/10/17  12
      4   4    135.80   44.32   1007.12    1990/10/18  00
      4   5    137.16   45.47   1006.09    1990/10/18  12
      4   6    139.34   46.13   1004.58    1990/10/19  00
      4   7    143.11   46.40   1003.51    1990/10/19  12
      4   8    157.49   49.79   1001.10    1990/10/20  00
      4   9    159.62   51.59    998.06    1990/10/20  12
      4  10    171.40   51.77    996.81    1990/10/21  00
      4  11   -172.22   51.72    995.68    1990/10/21  12
      4  12   -161.82   53.14    991.62    1990/10/22  00
      4  13   -153.00   54.71    985.07    1990/10/22  12
      4  14   -149.21   57.02    977.55    1990/10/23  00
      4  15   -152.14   58.78    974.74    1990/10/23  12
 1990/10/17  00   Number of Storms Begun  4
      1   1    -15.59  -55.97    964.99    1990/10/17  00
      1   2    -14.12  -61.31    952.41    1990/10/17  12
      1   3    -15.24  -63.56    947.00    1990/10/18  00
      1   4    -13.19  -64.16    952.37    1990/10/18  12
      1   5     -8.22  -63.24    959.55    1990/10/19  00
      1   6     -0.24  -65.42    961.78    1990/10/19  12
      1   7      3.27  -66.25    959.62    1990/10/20  00
      1   8      9.41  -66.64    961.02    1990/10/20  12
      1   9     10.35  -67.16    960.16    1990/10/21  00
      2   1    113.11   13.96   1007.13    1990/10/17  00
      2   2    111.01   13.53   1006.31    1990/10/17  12
      2   3    107.72   13.38   1007.45    1990/10/18  00
      2   4    105.11   11.97   1006.43    1990/10/18  12
      2   5    104.17   11.93   1007.60    1990/10/19  00
      3   1    -99.17   42.04    997.85    1990/10/17  00
      3   2    -94.12   43.28    995.97    1990/10/17  12
      3   3    -88.45   44.15    995.59    1990/10/18  00
      3   4    -83.43   45.52    991.85    1990/10/18  12
      3   5    -75.98   48.61    988.05    1990/10/19  00
      3   6    -70.30   49.54    984.89    1990/10/19  12
      3   7    -63.97   51.71    975.38    1990/10/20  00
      3   8    -57.99   53.96    978.81    1990/10/20  12
      3   9    -51.42   57.02    978.08    1990/10/21  00
      3  10    -48.40   58.68    985.40    1990/10/21  12
      3  11    -40.03   59.40    988.40    1990/10/22  00
      3  12    -34.00   58.52    992.67    1990/10/22  12
      4   1    168.99   59.09    989.02    1990/10/17  00
      4   2    175.62   59.44    978.49    1990/10/17  12
      4   3   -179.47   59.41    971.47    1990/10/18  00
      4   4   -174.24   59.20    969.65    1990/10/18  12
      4   5   -171.42   59.05    972.50    1990/10/19  00
      4   6   -166.80   58.95    977.43    1990/10/19  12
      4   7   -162.69   59.58    985.21    1990/10/20  00
      4   8   -159.43   58.96    989.86    1990/10/20  12
      4   9   -141.70   59.34    989.96    1990/10/21  00
      4  10   -136.60   60.90    989.00    1990/10/21  12
      4  11   -123.08   61.62    996.12    1990/10/22  00
      4  12   -113.37   57.85    999.94    1990/10/22  12
      4  13   -108.64   57.10   1004.62    1990/10/23  00
 1990/10/17  12   Number of Storms Begun  2
      1   1   -126.37  -68.48    945.07    1990/10/17  12
      1   2   -107.57  -60.96    942.46    1990/10/18  00
      1   3    -99.21  -63.51    942.17    1990/10/18  12
      1   4    -89.88  -66.66    944.35    1990/10/19  00
      1   5    -83.65  -67.92    950.71    1990/10/19  12
      1   6    -83.16  -69.24    959.80    1990/10/20  00
      2   1    143.85   14.49   1008.47    1990/10/17  12
      2   2    143.96   16.60   1007.65    1990/10/18  00
      2   3    143.77   17.31   1007.53    1990/10/18  12
      2   4    142.57   18.69   1008.04    1990/10/19  00
      2   5    140.62   19.18   1007.11    1990/10/19  12
      2   6    140.89   21.02   1006.66    1990/10/20  00
      2   7    141.27   23.51   1006.05    1990/10/20  12
      2   8    143.83   26.24   1003.48    1990/10/21  00
      2   9    144.58   27.05   1002.16    1990/10/21  12
      2  10    148.87   30.61    999.85    1990/10/22  00
      2  11    151.29   33.76    996.83    1990/10/22  12
      2  12    156.14   36.94   1002.51    1990/10/23  00
      2  13    158.65   40.64   1000.14    1990/10/23  12
      2  14    161.39   44.33   1001.27    1990/10/24  00
      2  15    166.14   46.01   1004.65    1990/10/24  12
 1990/10/18  00   Number of Storms Begun  1
      1   1    178.99   29.21   1010.86    1990/10/18  00
      1   2   -177.29   29.94   1011.55    1990/10/18  12
      1   3   -173.96   29.32   1009.96    1990/10/19  00
      1   4   -171.70   30.08   1010.65    1990/10/19  12
      1   5   -168.88   28.79   1010.17    1990/10/20  00
 1990/10/18  12   Number of Storms Begun  2
      1   1    142.29  -52.77    989.92    1990/10/18  12
      1   2    144.50  -57.57    982.95    1990/10/19  00
      1   3    146.02  -62.79    970.93    1990/10/19  12
      1   4    144.68  -65.14    968.42    1990/10/20  00
      1   5    146.11  -66.31    967.04    1990/10/20  12
      1   6    170.37  -65.71    963.52    1990/10/21  00
      1   7   -168.96  -70.91    952.94    1990/10/21  12
      1   8   -155.98  -73.23    951.94    1990/10/22  00
      1   9   -150.26  -75.01    958.73    1990/10/22  12
      1  10   -149.19  -79.11    962.11    1990/10/23  00
      1  11   -151.43  -81.41    967.93    1990/10/23  12
      2   1   -105.36   13.68   1006.85    1990/10/18  12
      2   2   -106.84   13.98   1007.26    1990/10/19  00
      2   3   -108.80   15.31   1006.45    1990/10/19  12
      2   4   -110.73   14.99   1005.17    1990/10/20  00
 1990/10/19  00   Number of Storms Begun  0
 1990/10/19  12   Number of Storms Begun  1
      1   1      4.97   41.08   1007.16    1990/10/19  12
      1   2     11.06   41.73   1006.67    1990/10/20  00
      1   3     13.70   42.83   1004.14    1990/10/20  12
      1   4     17.67   42.75   1004.46    1990/10/21  00
 1990/10/20  00   Number of Storms Begun  2
      1   1    -83.16  -69.24    959.80    1990/10/20  00
      1   2    -84.47  -68.89    967.58    1990/10/20  12
      1   3    -91.12  -70.51    971.11    1990/10/21  00
      1   4    -53.91  -80.24    969.40    1990/10/21  12
      2   1   -110.73   14.99   1005.17    1990/10/20  00
      2   2   -110.70   17.07   1004.93    1990/10/20  12
      2   3   -111.29   17.40   1005.21    1990/10/21  00
      2   4   -111.88   17.72   1006.25    1990/10/21  12
      2   5   -114.62   17.38   1006.48    1990/10/22  00
 1990/10/20  12   Number of Storms Begun  0
 1990/10/21  00   Number of Storms Begun  2
      1   1    -90.79   50.43   1007.89    1990/10/21  00
      1   2    -84.10   52.17   1003.96    1990/10/21  12
      1   3    -78.99   54.44    999.15    1990/10/22  00
      1   4    -69.71   56.51    998.89    1990/10/22  12
      2   1   -130.72   80.71    991.40    1990/10/21  00
      2   2   -112.35   82.17    990.22    1990/10/21  12
      2   3   -104.42   82.41    993.12    1990/10/22  00
      2   4    -95.07   82.40    998.43    1990/10/22  12
 1990/10/21  12   Number of Storms Begun  2
      1   1      9.54  -66.65    961.40    1990/10/21  12
      1   2     19.48  -67.42    962.85    1990/10/22  00
      1   3     27.99  -67.45    965.26    1990/10/22  12
      1   4     32.30  -67.45    965.64    1990/10/23  00
      2   1     19.00   78.55    994.60    1990/10/21  12
      2   2     26.97   76.76    987.89    1990/10/22  00
      2   3     42.02   74.38    984.20    1990/10/22  12
      2   4     48.84   72.54    981.60    1990/10/23  00
      2   5     52.75   70.09    983.20    1990/10/23  12
      2   6     56.38   67.93    982.84    1990/10/24  00
      2   7     74.64   64.32    975.05    1990/10/24  12
      2   8     80.37   67.57    964.51    1990/10/25  00
      2   9     79.61   69.32    969.30    1990/10/25  12
 1990/10/22  00   Number of Storms Begun  2
      1   1    -32.48  -59.20    973.51    1990/10/22  00
      1   2    -22.41  -59.59    970.03    1990/10/22  12
      1   3    -10.07  -59.90    967.85    1990/10/23  00
      1   4      3.99  -60.03    966.57    1990/10/23  12
      1   5     17.55  -58.99    968.14    1990/10/24  00
      2   1    155.36  -34.55   1008.64    1990/10/22  00
      2   2    158.16  -31.48   1007.42    1990/10/22  12
      2   3    158.68  -31.66   1008.86    1990/10/23  00
      2   4    159.28  -32.44   1008.91    1990/10/23  12
 1990/10/22  12   Number of Storms Begun  3
      1   1    -60.55  -58.63    974.83    1990/10/22  12
      1   2    -48.61  -56.86    970.45    1990/10/23  00
      1   3    -40.18  -55.37    962.12    1990/10/23  12
      1   4    -33.13  -57.98    958.26    1990/10/24  00
      1   5    -29.00  -59.61    954.02    1990/10/24  12
      1   6    -23.33  -60.45    949.82    1990/10/25  00
      1   7    -14.22  -62.84    945.95    1990/10/25  12
      1   8     -8.90  -65.03    947.50    1990/10/26  00
      1   9     -8.04  -64.97    951.39    1990/10/26  12
      1  10     -5.40  -63.51    957.21    1990/10/27  00
      1  11      3.39  -63.00    957.60    1990/10/27  12
      1  12      6.42  -63.85    958.83    1990/10/28  00
      1  13      9.83  -63.19    956.04    1990/10/28  12
      2   1   -150.15    4.27   1008.49    1990/10/22  12
      2   2   -146.24    3.35   1007.06    1990/10/23  00
      2   3   -146.05    3.27   1008.14    1990/10/23  12
      2   4   -144.23   -0.48   1006.05    1990/10/24  00
      3   1    -53.41   29.09   1011.85    1990/10/22  12
      3   2    -53.09   30.07   1010.34    1990/10/23  00
      3   3    -51.26   32.14   1009.92    1990/10/23  12
      3   4    -51.69   33.77   1011.07    1990/10/24  00
 1990/10/23  00   Number of Storms Begun  0
 1990/10/23  12   Number of Storms Begun  4
      1   1   -112.19   18.55   1006.04    1990/10/23  12
      1   2   -112.90   17.29   1004.75    1990/10/24  00
      1   3   -114.89   16.61   1007.01    1990/10/24  12
      1   4   -117.03   16.16   1006.88    1990/10/25  00
      1   5   -118.47   15.58   1007.61    1990/10/25  12
      1   6   -119.80   17.17   1008.09    1990/10/26  00
      1   7   -121.82   16.93   1008.76    1990/10/26  12
      1   8   -123.47   17.90   1009.27    1990/10/27  00
      2   1    139.32   26.69   1008.86    1990/10/23  12
      2   2    143.57   29.36   1006.33    1990/10/24  00
      2   3    146.66   31.27   1002.56    1990/10/24  12
      2   4    150.72   33.93   1002.27    1990/10/25  00
      2   5    154.85   36.00   1003.05    1990/10/25  12
      2   6    158.85   40.61   1004.86    1990/10/26  00
      2   7    163.81   46.10   1000.46    1990/10/26  12
      3   1    -78.98   36.25   1008.31    1990/10/23  12
      3   2    -74.72   38.88   1004.52    1990/10/24  00
      3   3    -70.77   41.64   1001.69    1990/10/24  12
      3   4    -65.00   45.13   1000.48    1990/10/25  00
      3   5    -58.36   48.53   1000.55    1990/10/25  12
      4   1    -13.57   51.45    997.53    1990/10/23  12
      4   2    -14.61   52.99    989.48    1990/10/24  00
      4   3    -16.21   55.15    988.24    1990/10/24  12
      4   4    -19.29   57.13    981.60    1990/10/25  00
      4   5    -21.07   59.71    980.30    1990/10/25  12
      4   6    -26.88   62.27    983.50    1990/10/26  00
      4   7    -31.54   63.11    981.69    1990/10/26  12
      4   8    -37.60   62.33    982.05    1990/10/27  00
 1990/10/24  00   Number of Storms Begun  1
      1   1     58.73  -60.66    963.33    1990/10/24  00
      1   2     68.13  -62.13    956.22    1990/10/24  12
      1   3     73.34  -64.53    947.32    1990/10/25  00
      1   4     75.39  -66.82    950.67    1990/10/25  12
      1   5     72.46  -69.12    964.26    1990/10/26  00
      1   6     68.50  -69.34    973.97    1990/10/26  12
 1990/10/24  12   Number of Storms Begun  1
      1   1    162.12  -66.58    971.00    1990/10/24  12
      1   2    175.53  -65.61    968.29    1990/10/25  00
      1   3   -177.83  -67.20    968.54    1990/10/25  12
      1   4   -174.91  -68.21    964.81    1990/10/26  00
      1   5   -176.44  -70.06    964.31    1990/10/26  12
 1990/10/25  00   Number of Storms Begun  3
      1   1   -158.13  -16.89   1007.57    1990/10/25  00
      1   2   -155.81  -18.67   1008.71    1990/10/25  12
      1   3   -154.65  -19.05   1008.86    1990/10/26  00
      1   4   -149.48  -23.92   1009.09    1990/10/26  12
      1   5   -145.33  -24.69   1010.26    1990/10/27  00
      2   1     71.29   -4.30   1006.78    1990/10/25  00
      2   2     68.60   -5.60   1006.36    1990/10/25  12
      2   3     66.50   -4.96   1005.34    1990/10/26  00
      2   4     65.33   -6.15   1004.27    1990/10/26  12
      2   5     64.43   -5.71   1005.43    1990/10/27  00
      2   6     63.32   -6.19   1003.79    1990/10/27  12
      2   7     63.20   -6.31   1005.15    1990/10/28  00
      2   8     61.88   -8.23   1005.33    1990/10/28  12
      2   9     60.20   -9.31   1006.59    1990/10/29  00
      3   1   -149.53   57.19    984.96    1990/10/25  00
      3   2   -149.66   56.71    988.94    1990/10/25  12
      3   3   -150.22   56.42    991.53    1990/10/26  00
      3   4   -143.14   47.71    980.64    1990/10/26  12
 1990/10/25  12   Number of Storms Begun  5
      1   1    -58.85  -18.10   1012.16    1990/10/25  12
      1   2    -60.45  -24.22   1006.46    1990/10/26  00
      1   3    -60.37  -24.66   1010.48    1990/10/26  12
      1   4    -60.55  -25.84   1006.33    1990/10/27  00
      2   1    -78.03   32.27   1005.88    1990/10/25  12
      2   2    -73.18   34.40    998.03    1990/10/26  00
      2   3    -70.37   36.47    992.74    1990/10/26  12
      2   4    -65.76   39.12    989.94    1990/10/27  00
      2   5    -58.89   42.82    992.75    1990/10/27  12
      2   6    -54.15   43.77    996.31    1990/10/28  00
      3   1    133.75   36.27   1008.35    1990/10/25  12
      3   2    138.35   36.49   1002.23    1990/10/26  00
      3   3    142.37   38.33    997.06    1990/10/26  12
      3   4    147.96   40.43    997.30    1990/10/27  00
      3   5    154.37   43.47    996.34    1990/10/27  12
      3   6    160.98   47.57    992.20    1990/10/28  00
      3   7    165.99   50.56    992.23    1990/10/28  12
      3   8    170.21   52.35    993.71    1990/10/29  00
      3   9    171.91   52.42    993.35    1990/10/29  12
      3  10    172.33   51.46    992.59    1990/10/30  00
      3  11    176.95   50.80    992.13    1990/10/30  12
      3  12   -174.80   51.86    992.58    1990/10/31  00
      3  13   -172.32   52.73    995.01    1990/10/31  12
      3  14   -169.56   52.74    996.55    1990/11/01  00
      3  15   -167.17   52.63   1000.58    1990/11/01  12
      4   1   -112.13   64.57    989.79    1990/10/25  12
      4   2   -106.62   65.10    992.48    1990/10/26  00
      4   3    -99.32   64.98    992.83    1990/10/26  12
      4   4    -90.55   54.95    993.13    1990/10/27  00
      5   1     79.61   69.32    969.30    1990/10/25  12
      5   2     80.66   69.19    975.01    1990/10/26  00
      5   3     86.13   69.43    981.47    1990/10/26  12
      5   4     91.87   71.85    985.33    1990/10/27  00
      5   5     94.00   74.75    990.59    1990/10/27  12
      5   6    103.68   75.02    995.09    1990/10/28  00
      5   7    116.41   75.57    995.53    1990/10/28  12
 1990/10/26  00   Number of Storms Begun  1
      1   1     51.66  -46.30    979.43    1990/10/26  00
      1   2     55.48  -47.63    976.07    1990/10/26  12
      1   3     58.07  -48.45    974.32    1990/10/27  00
      1   4     60.59  -48.87    976.90    1990/10/27  12
      1   5     64.37  -47.48    977.34    1990/10/28  00
      1   6     74.05  -53.40    980.60    1990/10/28  12
      1   7     79.60  -53.40    976.19    1990/10/29  00
      1   8     87.58  -55.93    974.77    1990/10/29  12
 1990/10/26  12   Number of Storms Begun  1
      1   1   -143.14   47.71    980.64    1990/10/26  12
      1   2   -139.97   52.83    967.72    1990/10/27  00
      1   3   -142.90   56.88    966.72    1990/10/27  12
      1   4   -144.43   58.19    976.99    1990/10/28  00
      1   5   -146.22   58.71    984.50    1990/10/28  12
      1   6   -149.27   57.00    992.96    1990/10/29  00
 1990/10/27  00   Number of Storms Begun  2
      1   1    -37.60   62.33    982.05    1990/10/27  00
      1   2    -37.01   60.90    981.25    1990/10/27  12
      1   3    -13.99   60.81    973.19    1990/10/28  00
      1   4     -0.86   55.73    969.06    1990/10/28  12
      2   1    -90.55   54.95    993.13    1990/10/27  00
      2   2    -86.31   60.73    992.94    1990/10/27  12
      2   3    -81.21   60.55    991.60    1990/10/28  00
      2   4    -76.47   60.77    993.97    1990/10/28  12
      2   5    -72.01   61.05    998.49    1990/10/29  00
 1990/10/27  12   Number of Storms Begun  1
      1   1   -161.82  -58.89    957.96    1990/10/27  12
      1   2   -155.64  -61.43    954.44    1990/10/28  00
      1   3   -149.23  -62.92    958.72    1990/10/28  12
      1   4   -145.34  -63.72    960.90    1990/10/29  00
      1   5   -126.65  -63.93    965.19    1990/10/29  12
 1990/10/28  00   Number of Storms Begun  2
      1   1     64.17    9.75   1005.88    1990/10/28  00
      1   2     63.00   10.57   1005.24    1990/10/28  12
      1   3     59.80   11.27   1006.82    1990/10/29  00
      1   4     59.40   10.74   1008.55    1990/10/29  12
      1   5     56.97   12.10   1009.05    1990/10/30  00
      2   1   -109.85   22.51   1011.32    1990/10/28  00
      2   2   -111.21   22.25   1011.99    1990/10/28  12
      2   3   -122.26   18.08   1010.35    1990/10/29  00
      2   4   -122.72   18.48   1009.92    1990/10/29  12
 1990/10/28  12   Number of Storms Begun  0
 1990/10/29  00   Number of Storms Begun  4
      1   1    171.80  -55.89    978.74    1990/10/29  00
      1   2   -178.36  -57.17    973.19    1990/10/29  12
      1   3   -169.27  -59.51    969.00    1990/10/30  00
      1   4   -164.51  -61.64    967.98    1990/10/30  12
      1   5   -159.39  -65.70    967.93    1990/10/31  00
      1   6   -151.16  -69.27    966.98    1990/10/31  12
      1   7   -149.00  -71.80    968.29    1990/11/01  00
      1   8   -150.15  -74.20    978.52    1990/11/01  12
      1   9   -150.55  -76.25    979.11    1990/11/02  00
      2   1      8.19  -63.10    955.78    1990/10/29  00
      2   2      9.44  -63.11    962.05    1990/10/29  12
      2   3     12.90  -62.55    964.71    1990/10/30  00
      2   4     23.69  -61.39    966.87    1990/10/30  12
      2   5     33.93  -60.39    968.92    1990/10/31  00
      3   1     60.20   -9.31   1006.59    1990/10/29  00
      3   2     60.09   -9.02   1006.84    1990/10/29  12
      3   3     56.93   -9.43   1007.87    1990/10/30  00
      3   4     56.45   -8.56   1007.54    1990/10/30  12
      3   5     54.64   -7.15   1007.56    1990/10/31  00
      3   6     53.25   -6.15   1007.63    1990/10/31  12
      3   7     53.04   -5.85   1007.97    1990/11/01  00
      3   8     51.92   -5.19   1007.15    1990/11/01  12
      4   1   -107.87   59.07    993.63    1990/10/29  00
      4   2    -96.75   58.27    993.82    1990/10/29  12
      4   3    -84.61   58.05    995.07    1990/10/30  00
      4   4    -74.24   60.53    994.58    1990/10/30  12
      4   5    -67.10   61.62    997.65    1990/10/31  00
 1990/10/29  12   Number of Storms Begun  6
      1   1     58.05  -60.14    973.09    1990/10/29  12
      1   2     68.51  -58.15    969.12    1990/10/30  00
      1   3     78.94  -56.60    965.74    1990/10/30  12
      1   4     84.61  -55.57    963.18    1990/10/31  00
      1   5     89.71  -55.84    959.23    1990/10/31  12
      1   6     91.32  -58.49    960.27    1990/11/01  00
      2   1    -68.09   10.38   1011.23    1990/10/29  12
      2   2    -78.63   14.47   1009.80    1990/10/30  00
      2   3    -78.99   14.03   1010.97    1990/10/30  12
      2   4    -80.72   10.71   1009.62    1990/10/31  00
      3   1    -65.88   42.44   1005.45    1990/10/29  12
      3   2    -61.36   42.69    998.13    1990/10/30  00
      3   3    -57.77   43.02    996.30    1990/10/30  12
      3   4    -53.78   44.15    993.44    1990/10/31  00
      3   5    -51.00   47.32    983.34    1990/10/31  12
      3   6    -51.69   50.36    975.99    1990/11/01  00
      3   7    -51.38   52.22    973.98    1990/11/01  12
      3   8    -51.62   53.08    981.60    1990/11/02  00
      3   9    -51.57   55.22    986.15    1990/11/02  12
      4   1   -135.69   48.46    985.46    1990/10/29  12
      4   2   -133.41   51.28    980.44    1990/10/30  00
      4   3   -131.68   53.67    988.66    1990/10/30  12
      4   4   -129.23   56.47   1000.03    1990/10/31  00
      5   1    -10.56   59.75    963.39    1990/10/29  12
      5   2    -10.03   58.17    969.77    1990/10/30  00
      5   3     -5.41   57.34    974.94    1990/10/30  12
      5   4     -2.18   58.13    977.69    1990/10/31  00
      5   5      1.76   56.45    981.66    1990/10/31  12
      5   6      7.25   56.43    987.20    1990/11/01  00
      5   7     19.25   58.88    986.08    1990/11/01  12
      5   8     20.21   59.00    986.10    1990/11/02  00
      6   1    145.80   79.51    998.19    1990/10/29  12
      6   2    108.84   79.84    997.82    1990/10/30  00
      6   3    105.63   79.33    996.23    1990/10/30  12
      6   4     97.15   74.76    994.12    1990/10/31  00
      6   5    102.60   70.34    989.77    1990/10/31  12
      6   6    112.75   66.68    991.08    1990/11/01  00
 1990/10/30  00   Number of Storms Begun  1
      1   1    108.12   46.49   1012.88    1990/10/30  00
      1   2    115.08   45.19   1007.05    1990/10/30  12
      1   3    125.30   48.96   1005.14    1990/10/31  00
      1   4    134.76   52.02   1002.37    1990/10/31  12
      1   5    143.05   55.15    994.11    1990/11/01  00
      1   6    149.56   59.69    989.80    1990/11/01  12
      1   7    160.41   65.52    991.08    1990/11/02  00
 1990/10/30  12   Number of Storms Begun  1
      1   1    -96.08  -62.35    969.31    1990/10/30  12
      1   2    -84.46  -63.20    969.73    1990/10/31  00
      1   3    -74.16  -67.09    973.56    1990/10/31  12
      1   4    -77.90  -71.08    977.47    1990/11/01  00
      1   5   -106.91  -69.36    978.76    1990/11/01  12
      1   6   -150.55  -76.25    979.11    1990/11/02  00
 1990/10/31  00   Number of Storms Begun  2
      1   1     22.28  -16.99   1011.43    1990/10/31  00
      1   2     22.17  -16.93   1005.83    1990/10/31  12
      1   3     21.52  -17.07   1009.34    1990/11/01  00
      1   4     19.94  -17.54   1007.23    1990/11/01  12
      2   1    144.08   33.47   1013.50    1990/10/31  00
      2   2    147.92   35.42   1006.63    1990/10/31  12
      2   3    151.73   37.04    999.50    1990/11/01  00
      2   4    156.03   37.97    997.54    1990/11/01  12
      2   5    159.42   38.52   1000.22    1990/11/02  00
      2   6    163.31   37.05   1000.97    1990/11/02  12
 1990/10/31  12   Number of Storms Begun  1
      1   1   -109.22   49.62   1004.89    1990/10/31  12
      1   2   -101.85   48.51   1002.17    1990/11/01  00
      1   3    -98.27   47.63   1000.21    1990/11/01  12
      1   4    -92.05   48.91   1000.03    1990/11/02  00
      1   5    -85.23   50.05   1002.13    1990/11/02  12
 1990/11/01  00   Number of Storms Begun  0
 1990/11/01  12   Number of Storms Begun  5
      1   1     17.05  -55.23    985.02    1990/11/01  12
      1   2     26.11  -57.14    980.48    1990/11/02  00
      1   3     33.98  -58.63    978.19    1990/11/02  12
      1   4     43.94  -58.20    971.90    1990/11/03  00
      1   5     57.77  -57.50    969.57    1990/11/03  12
      1   6     74.98  -55.13    969.08    1990/11/04  00
      1   7     87.30  -52.52    968.67    1990/11/04  12
      1   8     96.93  -52.01    970.70    1990/11/05  00
      1   9    106.38  -52.67    976.40    1990/11/05  12
      1  10    114.91  -55.30    974.81    1990/11/06  00
      1  11    123.21  -58.87    974.01    1990/11/06  12
      1  12    133.53  -62.92    968.63    1990/11/07  00
      1  13    134.73  -64.29    969.84    1990/11/07  12
      2   1   -106.91  -69.36    978.76    1990/11/01  12
      2   2    -88.41  -62.20    980.26    1990/11/02  00
      2   3    -78.95  -55.89    983.34    1990/11/02  12
      2   4    -57.58  -53.56    983.51    1990/11/03  00
      2   5    -50.38  -54.79    982.66    1990/11/03  12
      2   6    -41.14  -56.85    982.64    1990/11/04  00
      2   7    -28.58  -63.16    981.34    1990/11/04  12
      2   8    -20.59  -66.25    974.43    1990/11/05  00
      2   9    -12.36  -67.30    973.99    1990/11/05  12
      2  10    -12.24  -67.65    976.60    1990/11/06  00
      3   1     85.54   11.75   1003.48    1990/11/01  12
      3   2     85.17   13.78   1003.68    1990/11/02  00
      3   3     84.77   14.30   1002.43    1990/11/02  12
      3   4     84.87   15.56   1003.71    1990/11/03  00
      3   5     84.78   16.45   1002.28    1990/11/03  12
      3   6     85.90   17.61   1002.32    1990/11/04  00
      4   1     61.16   38.63   1004.39    1990/11/01  12
      4   2     63.37   43.88   1006.61    1990/11/02  00
      4   3     66.37   46.25   1006.32    1990/11/02  12
      4   4     70.82   48.99   1007.06    1990/11/03  00
      5   1     82.79   70.60    992.64    1990/11/01  12
      5   2     95.50   68.13    991.79    1990/11/02  00
      5   3    107.97   64.26    994.13    1990/11/02  12
      5   4    118.23   61.52    997.41    1990/11/03  00
 1990/11/02  00   Number of Storms Begun  1
      1   1    153.42  -57.48    976.87    1990/11/02  00
      1   2    162.86  -64.65    969.13    1990/11/02  12
      1   3    171.28  -66.76    961.80    1990/11/03  00
      1   4   -174.85  -69.30    964.25    1990/11/03  12
      1   5   -165.50  -72.51    964.41    1990/11/04  00
      1   6   -158.75  -75.16    967.45    1990/11/04  12
      1   7   -158.95  -78.63    969.35    1990/11/05  00
      1   8   -159.05  -80.43    967.33    1990/11/05  12
 1990/11/02  12   Number of Storms Begun  3
      1   1     84.77  -58.90    963.76    1990/11/02  12
      1   2     87.37  -59.12    962.32    1990/11/03  00
      1   3    106.59  -56.68    967.28    1990/11/03  12
      1   4    112.95  -58.59    965.74    1990/11/04  00
      1   5    122.67  -61.12    971.89    1990/11/04  12
      1   6    135.53  -63.34    972.48    1990/11/05  00
      1   7    141.84  -65.29    974.37    1990/11/05  12
      2   1    163.31   37.05   1000.97    1990/11/02  12
      2   2    163.03   38.72   1004.48    1990/11/03  00
      2   3    165.88   39.37   1007.98    1990/11/03  12
      2   4    169.02   38.64   1011.15    1990/11/04  00
      3   1    154.99   58.96    992.76    1990/11/02  12
      3   2    168.03   65.19    994.90    1990/11/03  00
      3   3   -176.85   69.50    994.16    1990/11/03  12
      3   4   -157.87   72.28    997.10    1990/11/04  00
      3   5   -149.80   73.12    997.30    1990/11/04  12
      3   6   -141.03   72.95    997.93    1990/11/05  00
      3   7   -136.15   72.51    998.17    1990/11/05  12
      3   8   -114.66   70.41    996.95    1990/11/06  00
      3   9    -99.98   71.35    997.78    1990/11/06  12
 1990/11/03  00   Number of Storms Begun  2
      1   1   -114.37  -67.85    983.74    1990/11/03  00
      1   2   -101.51  -68.79    977.02    1990/11/03  12
      1   3    -92.13  -69.14    972.95    1990/11/04  00
      1   4    -84.55  -69.71    968.21    1990/11/04  12
      1   5    -79.81  -70.62    967.45    1990/11/05  00
      1   6    -75.31  -70.65    966.33    1990/11/05  12
      1   7    -67.29  -68.71    966.51    1990/11/06  00
      1   8    -62.10  -69.10    963.79    1990/11/06  12
      1   9    -60.90  -70.62    960.50    1990/11/07  00
      1  10    -58.34  -70.91    960.05    1990/11/07  12
      1  11    -53.33  -68.70    961.42    1990/11/08  00
      2   1    124.96   25.16   1010.95    1990/11/03  00
      2   2    130.35   27.64   1005.20    1990/11/03  12
      2   3    134.78   31.25    999.86    1990/11/04  00
      2   4    138.88   37.11    994.70    1990/11/04  12
      2   5    142.03   40.82    993.80    1990/11/05  00
      2   6    146.14   43.43    995.73    1990/11/05  12
      2   7    147.11   46.06    999.00    1990/11/06  00
      2   8    147.77   47.51    999.19    1990/11/06  12
      2   9    149.12   48.54   1002.17    1990/11/07  00
 1990/11/03  12   Number of Storms Begun  0
 1990/11/04  00   Number of Storms Begun  4
      1   1   -144.22  -46.34    995.82    1990/11/04  00
      1   2   -140.98  -47.49    986.15    1990/11/04  12
      1   3   -135.45  -51.59    981.91    1990/11/05  00
      1   4   -129.01  -57.77    976.39    1990/11/05  12
      1   5   -119.73  -61.96    970.76    1990/11/06  00
      1   6   -111.10  -63.17    968.68    1990/11/06  12
      2   1     94.54   50.42   1010.17    1990/11/04  00
      2   2    103.56   46.43   1004.56    1990/11/04  12
      2   3    109.63   44.82   1006.00    1990/11/05  00
      2   4    116.32   44.12   1009.00    1990/11/05  12
      3   1   -162.16   40.10   1011.70    1990/11/04  00
      3   2   -159.36   41.79   1010.78    1990/11/04  12
      3   3   -158.54   44.67   1007.03    1990/11/05  00
      3   4   -158.47   48.29   1004.51    1990/11/05  12
      3   5   -156.18   51.54   1002.34    1990/11/06  00
      3   6   -146.00   55.85    994.13    1990/11/06  12
      3   7   -140.01   59.40    985.36    1990/11/07  00
      3   8   -137.80   60.51    982.40    1990/11/07  12
      3   9   -134.18   60.93    990.58    1990/11/08  00
      4   1     24.60   70.98    996.80    1990/11/04  00
      4   2     30.51   71.47    996.94    1990/11/04  12
      4   3     33.58   74.04    997.38    1990/11/05  00
      4   4     27.97   77.64    991.89    1990/11/05  12
 1990/11/04  12   Number of Storms Begun  2
      1   1    120.95  -26.41   1006.18    1990/11/04  12
      1   2    123.50  -25.33   1007.49    1990/11/05  00
      1   3    123.39  -24.94   1006.92    1990/11/05  12
      1   4    124.16  -23.12   1008.82    1990/11/06  00
      1   5    131.31  -17.66   1006.17    1990/11/06  12
      2   1    -35.85   52.83    991.84    1990/11/04  12
      2   2    -41.69   57.61    986.47    1990/11/05  00
      2   3    -48.56   61.97    980.86    1990/11/05  12
      2   4    -51.17   73.07    987.04    1990/11/06  00
      2   5    -13.96   75.21    992.81    1990/11/06  12
      2   6      7.94   74.98    992.72    1990/11/07  00
 1990/11/05  00   Number of Storms Begun  4
      1   1    -46.33  -47.99    983.55    1990/11/05  00
      1   2    -34.08  -51.48    982.51    1990/11/05  12
      1   3    -29.82  -53.24    976.16    1990/11/06  00
      1   4    -27.11  -51.88    973.04    1990/11/06  12
      1   5     -8.21  -57.76    969.13    1990/11/07  00
      1   6      0.35  -60.94    962.29    1990/11/07  12
      1   7      3.94  -60.43    957.89    1990/11/08  00
      1   8      7.43  -60.81    959.76    1990/11/08  12
      1   9     10.59  -61.63    961.00    1990/11/09  00
      1  10     15.91  -62.88    963.29    1990/11/09  12
      1  11     21.27  -64.39    967.35    1990/11/10  00
      1  12     29.39  -67.22    966.88    1990/11/10  12
      1  13     29.89  -68.08    967.93    1990/11/11  00
      1  14     26.68  -68.97    975.58    1990/11/11  12
      2   1     83.68   17.84   1004.02    1990/11/05  00
      2   2     82.33   16.68   1003.65    1990/11/05  12
      2   3     82.10   16.82   1006.38    1990/11/06  00
      2   4     80.27   17.00   1006.01    1990/11/06  12
      3   1    176.52   34.85   1009.13    1990/11/05  00
      3   2   -176.35   31.01   1005.43    1990/11/05  12
      3   3   -171.57   32.21    999.39    1990/11/06  00
      3   4   -170.61   32.24    997.73    1990/11/06  12
      3   5   -168.45   34.25    995.20    1990/11/07  00
      3   6   -166.57   36.76    993.69    1990/11/07  12
      3   7   -164.52   39.05    995.01    1990/11/08  00
      3   8   -162.32   40.54    996.88    1990/11/08  12
      3   9   -160.64   40.66   1000.18    1990/11/09  00
      3  10   -159.23   40.64   1003.00    1990/11/09  12
      3  11   -158.95   39.12   1005.38    1990/11/10  00
      3  12   -153.62   38.38   1004.86    1990/11/10  12
      3  13   -149.58   41.04   1001.62    1990/11/11  00
      3  14   -146.08   43.10    995.15    1990/11/11  12
      3  15   -142.26   46.70    986.48    1990/11/12  00
      3  16   -137.88   51.33    973.84    1990/11/12  12
      3  17   -137.50   55.26    974.43    1990/11/13  00
      3  18   -136.88   57.21    981.45    1990/11/13  12
      4   1    -89.19   36.44   1009.26    1990/11/05  00
      4   2    -86.92   39.38   1000.62    1990/11/05  12
      4   3    -81.60   42.42    995.97    1990/11/06  00
      4   4    -75.30   45.35    995.87    1990/11/06  12
      4   5    -64.50   44.32    993.96    1990/11/07  00
 1990/11/05  12   Number of Storms Begun  1
      1   1     58.45  -55.42    976.29    1990/11/05  12
      1   2     65.02  -58.36    979.39    1990/11/06  00
      1   3     70.01  -58.10    974.82    1990/11/06  12
      1   4     78.30  -55.01    970.22    1990/11/07  00
      1   5     87.98  -56.06    962.47    1990/11/07  12
      1   6    102.83  -57.07    964.65    1990/11/08  00
      1   7    114.55  -57.02    967.37    1990/11/08  12
      1   8    124.81  -55.95    965.85    1990/11/09  00
      1   9    134.90  -54.96    965.67    1990/11/09  12
      1  10    145.73  -59.65    965.79    1990/11/10  00
      1  11    148.24  -62.10    965.01    1990/11/10  12
 1990/11/06  00   Number of Storms Begun  0
 1990/11/06  12   Number of Storms Begun  0
 1990/11/07  00   Number of Storms Begun  2
      1   1   -167.38  -63.13    974.60    1990/11/07  00
      1   2   -157.63  -62.37    974.13    1990/11/07  12
      1   3   -147.47  -63.68    974.21    1990/11/08  00
      1   4   -135.56  -64.39    967.01    1990/11/08  12
      1   5   -125.35  -65.32    962.91    1990/11/09  00
      1   6   -113.85  -64.89    961.89    1990/11/09  12
      1   7    -94.54  -64.78    960.78    1990/11/10  00
      1   8    -84.32  -63.51    957.34    1990/11/10  12
      1   9    -71.88  -65.52    956.54    1990/11/11  00
      1  10    -65.01  -64.83    959.05    1990/11/11  12
      1  11    -58.18  -67.16    963.99    1990/11/12  00
      1  12    -38.96  -73.92    961.47    1990/11/12  12
      2   1     29.57   15.30   1006.68    1990/11/07  00
      2   2     30.02   16.03   1004.75    1990/11/07  12
      2   3     31.18   16.01   1006.20    1990/11/08  00
      2   4     31.39   16.89   1005.40    1990/11/08  12
 1990/11/07  12   Number of Storms Begun  1
      1   1    145.32   45.86   1002.75    1990/11/07  12
      1   2    147.95   46.72   1000.77    1990/11/08  00
      1   3    150.60   49.45   1000.81    1990/11/08  12
      1   4    150.11   52.94   1000.39    1990/11/09  00
      1   5    149.53   55.68   1000.90    1990/11/09  12
 1990/11/08  00   Number of Storms Begun  4
      1   1    -53.33  -68.70    961.42    1990/11/08  00
      1   2    -51.13  -70.81    959.61    1990/11/08  12
      1   3    -51.45  -72.70    958.58    1990/11/09  00
      1   4    -48.70  -74.53    958.09    1990/11/09  12
      2   1    146.08    5.74   1005.38    1990/11/08  00
      2   2    142.21    9.45   1005.96    1990/11/08  12
      2   3    140.15    8.61   1005.44    1990/11/09  00
      2   4    138.22    7.38   1002.22    1990/11/09  12
      2   5    136.16    8.16   1002.56    1990/11/10  00
      2   6    135.85    7.61   1000.79    1990/11/10  12
      3   1   -107.03   26.29   1008.66    1990/11/08  00
      3   2    -98.85   26.39   1008.44    1990/11/08  12
      3   3    -95.66   25.85   1005.75    1990/11/09  00
      3   4    -91.00   29.33   1006.16    1990/11/09  12
      3   5    -84.90   32.38   1003.27    1990/11/10  00
      3   6    -78.41   35.46    999.60    1990/11/10  12
      3   7    -71.31   40.11    991.27    1990/11/11  00
      3   8    -65.19   45.86    978.46    1990/11/11  12
      3   9    -62.73   50.45    968.08    1990/11/12  00
      3  10    -61.97   52.09    964.76    1990/11/12  12
      4   1     35.14   75.62    989.41    1990/11/08  00
      4   2     42.33   74.66    979.45    1990/11/08  12
      4   3     43.90   72.93    983.04    1990/11/09  00
      4   4     51.31   67.24    988.81    1990/11/09  12
      4   5     51.64   66.50    990.03    1990/11/10  00
      4   6     66.93   62.82    992.60    1990/11/10  12
      4   7     79.90   63.50    992.94    1990/11/11  00
      4   8     86.63   64.74    994.20    1990/11/11  12
      4   9     96.29   73.30    992.95    1990/11/12  00
 1990/11/08  12   Number of Storms Begun  3
      1   1    173.69    8.16   1006.35    1990/11/08  12
      1   2    166.68    6.74   1005.40    1990/11/09  00
      1   3    166.35    6.58   1005.17    1990/11/09  12
      1   4    158.75    6.18   1004.83    1990/11/10  00
      1   5    156.64    9.00   1005.43    1990/11/10  12
      2   1     31.87   36.29   1007.40    1990/11/08  12
      2   2     34.95   36.33   1004.18    1990/11/09  00
      2   3     43.31   38.42   1005.51    1990/11/09  12
      2   4     54.68   40.67   1006.97    1990/11/10  00
      3   1   -109.11   57.62    994.82    1990/11/08  12
      3   2   -100.52   57.94    996.98    1990/11/09  00
      3   3    -95.79   56.91    996.92    1990/11/09  12
      3   4    -87.40   55.49    993.50    1990/11/10  00
      3   5    -84.15   57.10    989.15    1990/11/10  12
      3   6    -81.17   59.03    985.81    1990/11/11  00
 1990/11/09  00   Number of Storms Begun  3
      1   1     78.38  -52.83    986.11    1990/11/09  00
      1   2     86.73  -53.60    980.22    1990/11/09  12
      1   3     95.31  -54.41    975.59    1990/11/10  00
      1   4    101.58  -54.33    973.02    1990/11/10  12
      1   5    109.49  -54.55    972.31    1990/11/11  00
      1   6    118.03  -56.42    971.59    1990/11/11  12
      2   1    126.43   29.51   1010.13    1990/11/09  00
      2   2    136.22   37.59    997.59    1990/11/09  12
      2   3    142.02   43.54    978.75    1990/11/10  00
      2   4    141.02   48.29    972.84    1990/11/10  12
      2   5    143.72   52.22    973.25    1990/11/11  00
      2   6    144.43   55.97    971.84    1990/11/11  12
      2   7    146.16   57.06    975.38    1990/11/12  00
      2   8    165.08   67.58    977.70    1990/11/12  12
      2   9    170.41   69.11    976.98    1990/11/13  00
      3   1   -138.11   58.71    998.12    1990/11/09  00
      3   2   -142.12   57.76    999.25    1990/11/09  12
      3   3   -142.84   57.36   1001.25    1990/11/10  00
      3   4   -145.20   56.66   1003.12    1990/11/10  12
 1990/11/09  12   Number of Storms Begun  2
      1   1   -167.30  -68.86    979.65    1990/11/09  12
      1   2   -157.43  -68.77    979.58    1990/11/10  00
      1   3   -149.44  -69.25    974.13    1990/11/10  12
      1   4   -142.70  -69.39    977.09    1990/11/11  00
      2   1    -45.94   43.75    981.32    1990/11/09  12
      2   2    -42.06   48.49    967.61    1990/11/10  00
      2   3    -40.32   50.17    966.12    1990/11/10  12
      2   4    -38.32   50.45    972.85    1990/11/11  00
      2   5    -35.62   49.87    985.01    1990/11/11  12
      2   6    -28.69   49.82    985.41    1990/11/12  00
      2   7    -27.24   55.05    981.78    1990/11/12  12
 1990/11/10  00   Number of Storms Begun  0
 1990/11/10  12   Number of Storms Begun  3
      1   1    -40.63  -28.52   1007.50    1990/11/10  12
      1   2    -38.07  -29.31   1005.75    1990/11/11  00
      1   3    -35.41  -30.82   1004.04    1990/11/11  12
      1   4    -32.98  -32.93   1002.59    1990/11/12  00
      1   5    -29.57  -36.47   1001.63    1990/11/12  12
      1   6    -26.24  -39.26    998.35    1990/11/13  00
      2   1    113.56   12.30   1007.18    1990/11/10  12
      2   2    113.12   11.53   1006.30    1990/11/11  00
      2   3    111.42   11.27   1005.49    1990/11/11  12
      2   4    110.58   10.84   1007.46    1990/11/12  00
      2   5    108.01   10.87   1007.06    1990/11/12  12
      2   6    106.85    9.51   1009.03    1990/11/13  00
      3   1    135.85    7.61   1000.79    1990/11/10  12
      3   2    134.57    9.30   1000.80    1990/11/11  00
      3   3    133.19    9.35   1001.10    1990/11/11  12
      3   4    129.42   10.32   1002.62    1990/11/12  00
      3   5    127.49   10.19   1001.36    1990/11/12  12
      3   6    126.30   11.20   1001.77    1990/11/13  00
      3   7    122.38   12.65   1004.32    1990/11/13  12
      3   8    117.87   13.09   1002.94    1990/11/14  00
      3   9    115.48   13.25   1000.30    1990/11/14  12
      3  10    113.05   14.09   1000.57    1990/11/15  00
      3  11    111.39   14.35   1001.50    1990/11/15  12
      3  12    110.35   15.85   1003.24    1990/11/16  00
      3  13    109.00   17.65   1004.63    1990/11/16  12
      3  14    108.43   18.53   1008.06    1990/11/17  00
 1990/11/11  00   Number of Storms Begun  0
 1990/11/11  12   Number of Storms Begun  2
      1   1     26.68  -68.97    975.58    1990/11/11  12
      1   2     27.83  -68.11    977.92    1990/11/12  00
      1   3     44.72  -66.67    978.05    1990/11/12  12
      1   4     58.56  -61.10    965.90    1990/11/13  00
      1   5     66.93  -62.28    961.17    1990/11/13  12
      1   6     73.61  -64.35    950.95    1990/11/14  00
      1   7     76.39  -64.81    955.08    1990/11/14  12
      2   1     21.50  -16.47   1008.23    1990/11/11  12
      2   2     21.72  -17.05   1010.35    1990/11/12  00
      2   3     21.42  -18.21   1004.50    1990/11/12  12
      2   4     20.80  -19.09   1008.52    1990/11/13  00
 1990/11/12  00   Number of Storms Begun  2
      1   1   -118.46  -65.17    966.19    1990/11/12  00
      1   2   -103.69  -64.94    950.25    1990/11/12  12
      1   3    -93.36  -64.55    943.02    1990/11/13  00
      1   4    -85.36  -63.93    939.76    1990/11/13  12
      1   5    -80.41  -65.03    939.65    1990/11/14  00
      1   6    -76.37  -64.55    945.45    1990/11/14  12
      1   7    -69.35  -68.10    954.42    1990/11/15  00
      1   8    -64.47  -69.01    957.62    1990/11/15  12
      1   9    -61.55  -70.24    958.37    1990/11/16  00
      1  10    -59.46  -70.43    956.72    1990/11/16  12
      2   1    -60.40  -23.80   1003.57    1990/11/12  00
      2   2    -61.24  -27.03   1003.48    1990/11/12  12
      2   3    -61.85  -27.39    996.33    1990/11/13  00
      2   4    -58.97  -35.30   1000.56    1990/11/13  12
 1990/11/12  12   Number of Storms Begun  2
      1   1    124.54  -54.72    977.81    1990/11/12  12
      1   2    136.07  -53.55    976.10    1990/11/13  00
      1   3    148.12  -57.41    970.80    1990/11/13  12
      1   4    155.28  -60.55    967.14    1990/11/14  00
      1   5    162.86  -63.68    964.97    1990/11/14  12
      1   6    172.03  -65.35    964.25    1990/11/15  00
      1   7   -177.74  -66.39    966.09    1990/11/15  12
      1   8   -167.89  -66.86    967.14    1990/11/16  00
      1   9   -148.97  -65.91    968.55    1990/11/16  12
      2   1     37.25   72.91    985.24    1990/11/12  12
      2   2     44.36   70.54    979.28    1990/11/13  00
      2   3     47.46   68.75    979.74    1990/11/13  12
      2   4     49.08   66.47    983.24    1990/11/14  00
      2   5     52.71   63.36    992.70    1990/11/14  12
      2   6     59.32   58.04    994.85    1990/11/15  00
      2   7     67.89   56.67    994.48    1990/11/15  12
      2   8     78.59   59.13    991.57    1990/11/16  00
      2   9     86.59   61.37    989.24    1990/11/16  12
      2  10     91.27   64.29    994.19    1990/11/17  00
      2  11    108.42   64.77   1000.15    1990/11/17  12
      2  12    109.83   69.00   1004.38    1990/11/18  00
 1990/11/13  00   Number of Storms Begun  2
      1   1     12.98  -41.33   1000.01    1990/11/13  00
      1   2     18.14  -40.28   1000.43    1990/11/13  12
      1   3     24.34  -40.51   1000.99    1990/11/14  00
      1   4     32.17  -41.13    998.74    1990/11/14  12
      2   1    178.48   16.76   1004.78    1990/11/13  00
      2   2    176.20   16.44   1006.22    1990/11/13  12
      2   3    175.79   17.05   1005.28    1990/11/14  00
      2   4    174.04   17.95   1006.11    1990/11/14  12
      2   5    173.49   19.41   1006.86    1990/11/15  00
      2   6    171.73   19.80   1007.30    1990/11/15  12
      2   7    170.20   21.26   1008.42    1990/11/16  00
 1990/11/13  12   Number of Storms Begun  1
      1   1     84.92   10.82   1009.44    1990/11/13  12
      1   2     83.90   12.62   1009.86    1990/11/14  00
      1   3     81.38   11.73   1008.83    1990/11/14  12
      1   4     72.01    6.01   1009.24    1990/11/15  00
 1990/11/14  00   Number of Storms Begun  2
      1   1   -176.93   63.46    985.07    1990/11/14  00
      1   2   -164.03   57.25    980.86    1990/11/14  12
      1   3   -152.96   57.40    972.45    1990/11/15  00
      1   4   -147.18   57.73    973.38    1990/11/15  12
      1   5   -143.98   57.73    982.78    1990/11/16  00
      1   6   -120.72   62.97    996.73    1990/11/16  12
      1   7   -113.57   64.44    997.56    1990/11/17  00
      1   8   -101.70   66.07    996.14    1990/11/17  12
      1   9    -98.81   68.81    994.76    1990/11/18  00
      1  10    -96.21   68.79    992.93    1990/11/18  12
      1  11    -84.58   62.82    992.90    1990/11/19  00
      2   1    141.77   53.00    992.48    1990/11/14  00
      2   2    151.12   56.49    989.09    1990/11/14  12
      2   3    154.91   58.03    983.71    1990/11/15  00
      2   4    163.89   61.45    987.14    1990/11/15  12
 1990/11/14  12   Number of Storms Begun  2
      1   1     17.02   32.22   1010.00    1990/11/14  12
      1   2     18.42   32.91   1009.85    1990/11/15  00
      1   3     17.81   34.57   1007.36    1990/11/15  12
      1   4     16.30   37.79   1004.67    1990/11/16  00
      1   5     14.15   37.62   1008.21    1990/11/16  12
      2   1    -95.85   57.03    989.92    1990/11/14  12
      2   2    -86.75   58.73    983.49    1990/11/15  00
      2   3    -77.47   60.01    984.01    1990/11/15  12
      2   4    -62.47   60.46    981.90    1990/11/16  00
      2   5    -58.78   60.49    981.08    1990/11/16  12
      2   6    -53.62   60.61    984.08    1990/11/17  00
 1990/11/15  00   Number of Storms Begun  2
      1   1     -2.62  -66.60    973.76    1990/11/15  00
      1   2      7.85  -63.25    970.05    1990/11/15  12
      1   3     16.21  -61.00    966.02    1990/11/16  00
      1   4     25.99  -62.65    961.33    1990/11/16  12
      1   5     35.12  -64.04    959.99    1990/11/17  00
      1   6     41.84  -63.58    968.39    1990/11/17  12
      1   7     48.51  -61.63    976.55    1990/11/18  00
      1   8     55.82  -60.88    978.20    1990/11/18  12
      1   9     58.04  -60.54    973.31    1990/11/19  00
      2   1    136.67   11.43   1006.91    1990/11/15  00
      2   2    136.87   10.37   1006.75    1990/11/15  12
      2   3    135.99    9.70   1008.29    1990/11/16  00
      2   4    134.63    9.91   1008.50    1990/11/16  12
      2   5    134.01    8.38   1008.82    1990/11/17  00
 1990/11/15  12   Number of Storms Begun  3
      1   1    121.93  -27.58   1004.09    1990/11/15  12
      1   2    126.57  -28.23   1006.40    1990/11/16  00
      1   3    133.60  -27.08   1006.74    1990/11/16  12
      1   4    138.76  -25.94   1006.86    1990/11/17  00
      1   5    140.99  -26.14   1002.79    1990/11/17  12
      2   1    158.18   40.47    997.58    1990/11/15  12
      2   2    165.33   49.46    985.32    1990/11/16  00
      2   3    172.35   57.39    970.68    1990/11/16  12
      2   4    177.23   62.86    965.60    1990/11/17  00
      2   5    177.63   65.86    976.77    1990/11/17  12
      2   6   -176.19   67.35    986.29    1990/11/18  00
      3   1    -19.21   64.49    977.71    1990/11/15  12
      3   2     -8.94   67.31    972.80    1990/11/16  00
      3   3     -3.85   68.47    969.84    1990/11/16  12
      3   4     -0.07   69.25    971.87    1990/11/17  00
      3   5      2.67   68.59    973.48    1990/11/17  12
 1990/11/16  00   Number of Storms Begun  1
      1   1    -81.49    9.00   1007.37    1990/11/16  00
      1   2    -80.00    9.71   1009.04    1990/11/16  12
      1   3    -78.93   10.91   1006.89    1990/11/17  00
      1   4    -78.36   10.77   1008.27    1990/11/17  12
 1990/11/16  12   Number of Storms Begun  0
 1990/11/17  00   Number of Storms Begun  2
      1   1    -31.40  -59.86    955.77    1990/11/17  00
      1   2    -28.70  -63.90    951.75    1990/11/17  12
      1   3    -26.99  -64.58    953.73    1990/11/18  00
      1   4    -25.53  -66.75    958.20    1990/11/18  12
      2   1     94.18  -41.90    984.97    1990/11/17  00
      2   2    101.80  -41.25    985.71    1990/11/17  12
      2   3    107.94  -43.49    984.11    1990/11/18  00
      2   4    111.81  -46.35    983.20    1990/11/18  12
      2   5    113.29  -48.34    982.62    1990/11/19  00
      2   6    115.12  -48.99    983.05    1990/11/19  12
      2   7    118.24  -50.86    985.13    1990/11/20  00
      2   8    122.87  -53.79    985.31    1990/11/20  12
      2   9    126.13  -54.49    986.14    1990/11/21  00
      2  10    141.95  -48.35    990.63    1990/11/21  12
 1990/11/17  12   Number of Storms Begun  0
 1990/11/18  00   Number of Storms Begun  4
      1   1     73.53   -4.76   1008.07    1990/11/18  00
      1   2     68.47   -7.02   1007.26    1990/11/18  12
      1   3     66.20   -6.85   1008.15    1990/11/19  00
      1   4     64.56   -6.67   1007.27    1990/11/19  12
      1   5     56.95    2.61   1007.91    1990/11/20  00
      2   1    -71.09   34.38   1007.90    1990/11/18  00
      2   2    -68.81   34.52   1002.03    1990/11/18  12
      2   3    -66.51   36.58    998.30    1990/11/19  00
      2   4    -65.19   40.53    997.22    1990/11/19  12
      2   5    -63.51   43.29    996.17    1990/11/20  00
      2   6    -61.72   47.22    998.93    1990/11/20  12
      2   7    -58.90   49.18   1002.24    1990/11/21  00
      3   1    102.27   48.75   1015.83    1990/11/18  00
      3   2    116.82   51.62   1012.76    1990/11/18  12
      3   3    122.39   51.04   1008.32    1990/11/19  00
      3   4    128.80   52.48   1003.72    1990/11/19  12
      3   5    135.04   53.39   1000.57    1990/11/20  00
      3   6    141.35   44.50    998.12    1990/11/20  12
      4   1     33.56   60.82    969.98    1990/11/18  00
      4   2     40.37   61.41    971.00    1990/11/18  12
      4   3     46.78   61.22    976.76    1990/11/19  00
      4   4     64.79   64.38    982.26    1990/11/19  12
      4   5     72.59   66.52    982.94    1990/11/20  00
      4   6     78.50   68.63    985.05    1990/11/20  12
      4   7     78.93   71.34    987.55    1990/11/21  00
      4   8     76.73   72.68    988.72    1990/11/21  12
 1990/11/18  12   Number of Storms Begun  4
      1   1    169.66  -40.57    988.87    1990/11/18  12
      1   2    167.49  -40.58    990.19    1990/11/19  00
      1   3    167.06  -39.51    993.25    1990/11/19  12
      1   4    168.48  -38.77    997.06    1990/11/20  00
      1   5    169.19  -38.56   1000.98    1990/11/20  12
      1   6    170.73  -38.96   1002.97    1990/11/21  00
      1   7    171.36  -39.57   1005.10    1990/11/21  12
      1   8   -176.25  -41.14   1007.19    1990/11/22  00
      1   9   -170.74  -39.73   1003.90    1990/11/22  12
      2   1    149.11    9.18   1006.13    1990/11/18  12
      2   2    148.78    9.41   1006.65    1990/11/19  00
      2   3    147.19    8.80   1007.09    1990/11/19  12
      2   4    146.55    6.09   1006.50    1990/11/20  00
      3   1   -137.65   60.27   1002.04    1990/11/18  12
      3   2   -132.11   57.20    996.01    1990/11/19  00
      3   3   -127.98   54.00    997.33    1990/11/19  12
      3   4   -124.52   52.04    997.83    1990/11/20  00
      3   5   -108.59   45.88    998.00    1990/11/20  12
      3   6   -103.82   46.24    991.86    1990/11/21  00
      3   7    -98.84   50.14    991.10    1990/11/21  12
      3   8    -93.49   53.36    984.27    1990/11/22  00
      3   9    -92.17   55.56    976.49    1990/11/22  12
      3  10    -89.23   56.50    976.22    1990/11/23  00
      3  11    -86.70   56.31    978.38    1990/11/23  12
      3  12    -83.84   57.64    983.31    1990/11/24  00
      3  13    -82.01   57.57    985.28    1990/11/24  12
      4   1    172.12   59.69    993.46    1990/11/18  12
      4   2    179.94   60.77    989.49    1990/11/19  00
      4   3   -175.62   65.12    979.02    1990/11/19  12
      4   4   -175.76   66.61    983.43    1990/11/20  00
 1990/11/19  00   Number of Storms Begun  2
      1   1     58.04  -60.54    973.31    1990/11/19  00
      1   2     56.75  -58.42    971.76    1990/11/19  12
      1   3     59.01  -57.30    973.77    1990/11/20  00
      1   4     60.37  -57.90    975.37    1990/11/20  12
      1   5     80.80  -54.04    973.17    1990/11/21  00
      2   1    -84.58   62.82    992.90    1990/11/19  00
      2   2    -84.87   64.82    992.61    1990/11/19  12
      2   3    -85.24   68.49    994.38    1990/11/20  00
      2   4    -80.83   71.60    993.99    1990/11/20  12
      2   5    -67.47   73.70    997.18    1990/11/21  00
 1990/11/19  12   Number of Storms Begun  2
      1   1    172.97    8.33   1006.27    1990/11/19  12
      1   2    171.57    8.56   1006.32    1990/11/20  00
      1   3    169.96    7.63   1005.82    1990/11/20  12
      1   4    167.21   10.44   1005.51    1990/11/21  00
      1   5    165.77   10.85   1005.42    1990/11/21  12
      1   6    165.13   10.43   1004.71    1990/11/22  00
      1   7    163.90    9.43   1004.27    1990/11/22  12
      1   8    161.94    7.54   1004.83    1990/11/23  00
      1   9    161.18    8.11   1004.72    1990/11/23  12
      1  10    161.00    8.02   1003.95    1990/11/24  00
      1  11    160.96    7.33   1003.75    1990/11/24  12
      2   1      4.44   62.13    987.51    1990/11/19  12
      2   2      0.58   59.94    987.01    1990/11/20  00
      2   3      3.69   54.68    986.66    1990/11/20  12
      2   4     12.49   53.47    988.69    1990/11/21  00
      2   5     24.07   55.55    990.64    1990/11/21  12
      2   6     39.30   57.18    989.53    1990/11/22  00
      2   7     51.36   58.14    985.65    1990/11/22  12
      2   8     62.24   59.00    985.05    1990/11/23  00
      2   9     70.55   60.52    985.54    1990/11/23  12
      2  10     78.67   62.13    985.35    1990/11/24  00
      2  11     84.14   64.44    986.52    1990/11/24  12
      2  12     88.75   65.79    988.89    1990/11/25  00
      2  13    101.37   66.26    995.00    1990/11/25  12
      2  14    109.89   67.49    999.85    1990/11/26  00
      2  15    115.87   69.36   1006.42    1990/11/26  12
 1990/11/20  00   Number of Storms Begun  1
      1   1    146.55    6.09   1006.50    1990/11/20  00
      1   2    146.25    7.01   1006.63    1990/11/20  12
      1   3    145.45    8.11   1006.16    1990/11/21  00
      1   4    145.09    8.65   1005.48    1990/11/21  12
      1   5    143.93   10.29   1004.60    1990/11/22  00
      1   6    141.78   10.81   1004.11    1990/11/22  12
      1   7    140.82   11.29   1004.90    1990/11/23  00
      1   8    139.17   12.33   1002.15    1990/11/23  12
      1   9    138.08   12.19   1002.30    1990/11/24  00
      1  10    135.94   12.23    999.36    1990/11/24  12
      1  11    134.21   12.30   1001.63    1990/11/25  00
      1  12    132.62   12.20   1001.70    1990/11/25  12
      1  13    130.32   12.22   1002.45    1990/11/26  00
      1  14    129.00   12.11   1002.06    1990/11/26  12
      1  15    127.87   12.86   1002.09    1990/11/27  00
      1  16    127.42   14.43   1001.72    1990/11/27  12
      1  17    125.68   16.78   1003.28    1990/11/28  00
      1  18    126.17   19.78   1001.73    1990/11/28  12
      1  19    128.54   22.71    999.71    1990/11/29  00
      1  20    131.26   26.06    999.05    1990/11/29  12
      1  21    135.31   30.30    998.31    1990/11/30  00
      1  22    137.89   35.00    993.28    1990/11/30  12
      1  23    140.65   39.52    993.79    1990/12/01  00
      1  24    134.68   42.41    995.66    1990/12/01  12
 1990/11/20  12   Number of Storms Begun  1
      1   1    141.35   44.50    998.12    1990/11/20  12
      1   2    143.10   53.98    981.30    1990/11/21  00
      1   3    141.69   57.18    972.45    1990/11/21  12
      1   4    142.55   61.00    977.34    1990/11/22  00
      1   5    157.22   71.62    975.08    1990/11/22  12
      1   6    155.35   75.41    971.95    1990/11/23  00
      1   7    151.55   77.23    984.25    1990/11/23  12
 1990/11/21  00   Number of Storms Begun  1
      1   1     80.80  -54.04    973.17    1990/11/21  00
      1   2     85.43  -59.56    960.69    1990/11/21  12
      1   3     84.16  -61.15    954.58    1990/11/22  00
      1   4     83.01  -61.34    957.60    1990/11/22  12
 1990/11/21  12   Number of Storms Begun  3
      1   1    -69.75  -71.06    958.46    1990/11/21  12
      1   2    -43.80  -67.79    956.24    1990/11/22  00
      1   3    -42.78  -68.33    952.56    1990/11/22  12
      1   4    -40.94  -70.49    952.27    1990/11/23  00
      2   1    141.95  -48.35    990.63    1990/11/21  12
      2   2    142.08  -51.87    987.84    1990/11/22  00
      2   3    142.79  -54.23    989.37    1990/11/22  12
      2   4    144.02  -54.96    990.19    1990/11/23  00
      3   1    -41.01   58.40    999.35    1990/11/21  12
      3   2    -30.40   62.10    987.98    1990/11/22  00
      3   3    -25.25   63.59    973.64    1990/11/22  12
      3   4    -21.42   63.74    969.78    1990/11/23  00
      3   5    -18.09   62.96    975.38    1990/11/23  12
      3   6     -7.24   52.60    984.56    1990/11/24  00
      3   7     -3.34   51.51    981.68    1990/11/24  12
      3   8     -2.72   50.37    987.03    1990/11/25  00
      3   9      2.05   48.89    988.77    1990/11/25  12
      3  10      6.43   50.64    992.75    1990/11/26  00
 1990/11/22  00   Number of Storms Begun  1
      1   1    122.53  -22.95   1007.15    1990/11/22  00
      1   2    126.52  -20.64   1005.53    1990/11/22  12
      1   3    127.25  -19.44   1009.65    1990/11/23  00
      1   4    126.64  -18.89   1006.69    1990/11/23  12
      1   5    123.82  -20.08   1008.86    1990/11/24  00
 1990/11/22  12   Number of Storms Begun  1
      1   1     83.01  -61.34    957.60    1990/11/22  12
      1   2     84.64  -60.73    963.12    1990/11/23  00
      1   3     86.11  -60.82    970.65    1990/11/23  12
      1   4     90.55  -61.06    971.08    1990/11/24  00
      1   5     95.21  -62.92    972.01    1990/11/24  12
      1   6     97.44  -63.87    971.15    1990/11/25  00
 1990/11/23  00   Number of Storms Begun  1
      1   1     65.60   -3.08   1008.61    1990/11/23  00
      1   2     69.58   -4.62   1007.90    1990/11/23  12
      1   3     76.24   -5.18   1007.71    1990/11/24  00
      1   4     76.71   -3.88   1007.26    1990/11/24  12
 1990/11/23  12   Number of Storms Begun  1
      1   1    172.20  -10.06   1005.09    1990/11/23  12
      1   2    173.87  -10.47   1005.24    1990/11/24  00
      1   3    173.98  -11.02   1004.85    1990/11/24  12
      1   4    174.02  -12.36   1004.68    1990/11/25  00
      1   5    172.91  -13.06   1006.22    1990/11/25  12
 1990/11/24  00   Number of Storms Begun  2
      1   1     -7.78  -67.09    953.83    1990/11/24  00
      1   2    -27.07  -69.34    960.19    1990/11/24  12
      1   3    -28.47  -70.17    958.76    1990/11/25  00
      1   4    -39.64  -69.82    959.25    1990/11/25  12
      1   5    -41.77  -69.72    959.21    1990/11/26  00
      1   6    -45.06  -69.25    960.48    1990/11/26  12
      1   7    -48.21  -69.04    962.61    1990/11/27  00
      2   1   -152.07   30.40   1003.45    1990/11/24  00
      2   2   -152.77   30.38   1000.57    1990/11/24  12
      2   3   -153.80   30.80    997.46    1990/11/25  00
      2   4   -155.96   30.39   1000.89    1990/11/25  12
      2   5   -158.47   30.60   1003.49    1990/11/26  00
      2   6   -161.09   30.42   1006.18    1990/11/26  12
      2   7   -162.45   30.72   1006.73    1990/11/27  00
 1990/11/24  12   Number of Storms Begun  2
      1   1    160.96    7.33   1003.75    1990/11/24  12
      1   2    160.16    7.79   1003.80    1990/11/25  00
      1   3    158.89    7.93   1003.88    1990/11/25  12
      1   4    157.67    7.76   1004.41    1990/11/26  00
      1   5    155.62    8.05   1003.75    1990/11/26  12
      2   1    170.45   55.94    993.30    1990/11/24  12
      2   2    179.77   58.66    981.30    1990/11/25  00
      2   3   -168.80   61.28    971.23    1990/11/25  12
      2   4   -155.93   62.12    982.10    1990/11/26  00
      2   5   -140.62   58.74    989.90    1990/11/26  12
      2   6   -134.35   58.06    996.79    1990/11/27  00
      2   7   -113.71   55.23   1003.07    1990/11/27  12
 1990/11/25  00   Number of Storms Begun  1
      1   1   -123.46   48.43   1001.35    1990/11/25  00
      1   2   -118.69   48.49   1000.31    1990/11/25  12
      1   3   -111.37   46.54    999.86    1990/11/26  00
      1   4    -99.08   39.28    997.85    1990/11/26  12
 1990/11/25  12   Number of Storms Begun  2
      1   1     92.42  -64.82    970.17    1990/11/25  12
      1   2     97.81  -57.28    976.14    1990/11/26  00
      1   3    110.20  -57.64    971.08    1990/11/26  12
      1   4    116.60  -59.82    972.31    1990/11/27  00
      1   5    121.96  -60.91    968.46    1990/11/27  12
      1   6    126.85  -61.10    967.01    1990/11/28  00
      1   7    137.23  -62.93    967.90    1990/11/28  12
      1   8    148.43  -63.26    962.89    1990/11/29  00
      1   9    156.76  -63.39    963.34    1990/11/29  12
      1  10    160.81  -64.53    962.69    1990/11/30  00
      1  11    160.66  -65.70    959.04    1990/11/30  12
      2   1     52.70  -48.19    975.11    1990/11/25  12
      2   2     59.41  -49.56    970.57    1990/11/26  00
      2   3     65.72  -51.12    968.06    1990/11/26  12
      2   4     69.77  -50.44    969.86    1990/11/27  00
      2   5     72.57  -49.78    967.97    1990/11/27  12
      2   6     82.32  -50.55    970.35    1990/11/28  00
      2   7    101.96  -54.67    975.02    1990/11/28  12
 1990/11/26  00   Number of Storms Begun  2
      1   1    172.89  -12.05   1004.87    1990/11/26  00
      1   2    172.71  -13.69   1005.49    1990/11/26  12
      1   3    174.16  -15.00   1005.05    1990/11/27  00
      1   4    175.42  -17.63   1004.57    1990/11/27  12
      1   5    178.00  -18.99    997.31    1990/11/28  00
      1   6    179.77  -19.19   1001.61    1990/11/28  12
      1   7   -175.70  -19.27    999.57    1990/11/29  00
      1   8   -172.01  -19.27   1000.26    1990/11/29  12
      1   9   -166.97  -20.99    997.53    1990/11/30  00
      1  10   -163.59  -23.27    995.35    1990/11/30  12
      1  11   -157.62  -27.96    993.74    1990/12/01  00
      1  12   -153.82  -31.40    990.16    1990/12/01  12
      1  13   -149.39  -34.38    988.68    1990/12/02  00
      1  14   -145.95  -37.10    984.11    1990/12/02  12
      1  15   -142.20  -39.54    986.34    1990/12/03  00
      1  16   -137.37  -42.60    985.10    1990/12/03  12
      1  17   -132.68  -46.31    986.82    1990/12/04  00
      2   1     14.11   74.99    994.72    1990/11/26  00
      2   2     32.70   74.21    988.83    1990/11/26  12
      2   3     42.26   73.23    980.42    1990/11/27  00
      2   4     50.76   73.49    975.36    1990/11/27  12
      2   5     54.33   73.58    975.00    1990/11/28  00
      2   6     59.97   73.41    978.64    1990/11/28  12
      2   7     66.12   73.25    985.22    1990/11/29  00
 1990/11/26  12   Number of Storms Begun  1
      1   1   -141.25  -31.80   1013.02    1990/11/26  12
      1   2   -138.79  -33.34   1012.60    1990/11/27  00
      1   3   -137.38  -33.17   1010.57    1990/11/27  12
      1   4   -135.05  -34.37   1008.94    1990/11/28  00
      1   5   -132.49  -35.87   1010.18    1990/11/28  12
 1990/11/27  00   Number of Storms Begun  8
      1   1     14.65  -65.85    957.37    1990/11/27  00
      1   2     12.91  -66.38    960.75    1990/11/27  12
      1   3     11.57  -66.56    959.59    1990/11/28  00
      1   4      9.84  -66.62    964.74    1990/11/28  12
      2   1    -48.00  -35.58    996.34    1990/11/27  00
      2   2    -44.57  -35.36    992.50    1990/11/27  12
      2   3    -41.65  -34.77    992.69    1990/11/28  00
      2   4    -39.64  -35.70    996.65    1990/11/28  12
      2   5    -39.07  -35.15   1001.81    1990/11/29  00
      3   1     73.06   -9.74   1007.53    1990/11/27  00
      3   2     74.52   -7.41   1007.39    1990/11/27  12
      3   3     76.48   -5.61   1007.62    1990/11/28  00
      3   4     86.16   -7.47   1006.65    1990/11/28  12
      3   5     89.13    2.55   1007.44    1990/11/29  00
      4   1    155.63    7.96   1004.97    1990/11/27  00
      4   2    151.33    8.18   1003.70    1990/11/27  12
      4   3    148.66    8.42   1004.51    1990/11/28  00
      4   4    146.69    8.68   1003.15    1990/11/28  12
      4   5    144.90    9.39   1004.00    1990/11/29  00
      5   1   -162.45   30.72   1006.73    1990/11/27  00
      5   2   -162.14   31.52   1008.76    1990/11/27  12
      5   3   -161.95   31.77   1008.77    1990/11/28  00
      5   4   -160.00   32.17   1011.34    1990/11/28  12
      6   1    169.59   33.53   1007.22    1990/11/27  00
      6   2    170.81   34.67   1000.70    1990/11/27  12
      6   3    171.46   35.99    995.61    1990/11/28  00
      6   4    171.39   37.04    990.32    1990/11/28  12
      6   5    171.70   37.68    987.87    1990/11/29  00
      6   6    170.42   38.23    985.86    1990/11/29  12
      7   1    116.49   51.13   1011.97    1990/11/27  00
      7   2    122.67   52.01   1012.29    1990/11/27  12
      7   3    129.20   55.14   1012.72    1990/11/28  00
      7   4    139.77   55.88   1010.13    1990/11/28  12
      7   5    145.50   57.04   1003.22    1990/11/29  00
      7   6    150.27   58.16   1006.03    1990/11/29  12
      7   7    160.98   58.37   1006.56    1990/11/30  00
      7   8    168.65   58.71   1001.60    1990/11/30  12
      7   9    174.06   59.14    998.72    1990/12/01  00
      7  10   -170.10   54.94    981.00    1990/12/01  12
      8   1    -51.40   50.58    981.83    1990/11/27  00
      8   2    -43.98   51.15    976.80    1990/11/27  12
      8   3    -41.16   54.22    979.35    1990/11/28  00
      8   4    -41.91   57.13    986.48    1990/11/28  12
 1990/11/27  12   Number of Storms Begun  1
      1   1    -91.44  -55.71    971.29    1990/11/27  12
      1   2    -82.52  -58.02    964.70    1990/11/28  00
      1   3    -80.92  -57.47    964.66    1990/11/28  12
      1   4    -70.05  -60.58    967.33    1990/11/29  00
      1   5    -62.17  -63.24    971.69    1990/11/29  12
      1   6    -56.94  -63.96    974.19    1990/11/30  00
      1   7    -49.55  -65.36    973.23    1990/11/30  12
      1   8    -44.13  -65.88    974.62    1990/12/01  00
      1   9    -15.43  -64.41    970.48    1990/12/01  12
      1  10     -8.42  -65.57    961.61    1990/12/02  00
      1  11     -0.69  -66.21    958.91    1990/12/02  12
      1  12      8.92  -66.12    958.07    1990/12/03  00
      1  13     21.99  -66.39    957.32    1990/12/03  12
 1990/11/28  00   Number of Storms Begun  3
      1   1   -177.94  -49.49    994.84    1990/11/28  00
      1   2   -173.07  -50.68    992.00    1990/11/28  12
      1   3   -166.73  -51.67    987.21    1990/11/29  00
      1   4   -163.07  -52.43    985.03    1990/11/29  12
      2   1    126.70  -21.01   1006.26    1990/11/28  00
      2   2    125.34  -20.01   1002.02    1990/11/28  12
      2   3    121.05  -19.74   1005.65    1990/11/29  00
      2   4    120.06  -20.68   1003.19    1990/11/29  12
      2   5    118.51  -22.12   1005.93    1990/11/30  00
      3   1    -89.56   43.17   1000.93    1990/11/28  00
      3   2    -83.18   47.80    993.37    1990/11/28  12
      3   3    -75.51   53.20    990.64    1990/11/29  00
      3   4    -66.44   57.00    988.22    1990/11/29  12
      3   5    -61.24   58.74    981.35    1990/11/30  00
      3   6    -56.02   60.14    975.49    1990/11/30  12
      3   7    -51.43   62.90    979.60    1990/12/01  00
      3   8    -51.12   73.80    985.41    1990/12/01  12
 1990/11/28  12   Number of Storms Begun  0
 1990/11/29  00   Number of Storms Begun  1
      1   1    164.25   13.43   1007.04    1990/11/29  00
      1   2    164.75   13.56   1007.40    1990/11/29  12
      1   3    165.81   12.90   1006.60    1990/11/30  00
      1   4    166.89   11.14   1007.40    1990/11/30  12
      1   5    166.50    9.10   1006.69    1990/12/01  00
 1990/11/29  12   Number of Storms Begun  1
      1   1    170.42   38.23    985.86    1990/11/29  12
      1   2    169.66   36.77    988.41    1990/11/30  00
      1   3    170.42   34.80    995.34    1990/11/30  12
      1   4    171.25   31.14   1002.96    1990/12/01  00
      1   5    173.10   27.43   1006.33    1990/12/01  12
 1990/11/30  00   Number of Storms Begun  5
      1   1     20.25  -52.60    965.53    1990/11/30  00
      1   2     29.61  -54.85    965.08    1990/11/30  12
      1   3     36.79  -58.42    964.68    1990/12/01  00
      1   4     42.07  -61.27    965.67    1990/12/01  12
      1   5     46.26  -62.33    967.77    1990/12/02  00
      1   6     58.48  -60.65    960.17    1990/12/02  12
      1   7     63.46  -63.19    956.05    1990/12/03  00
      1   8     64.18  -62.96    961.03    1990/12/03  12
      2   1    -62.96  -30.40   1000.54    1990/11/30  00
      2   2    -60.67  -26.79   1006.32    1990/11/30  12
      2   3    -59.54  -20.18   1004.08    1990/12/01  00
      2   4    -58.22  -18.55   1009.92    1990/12/01  12
      3   1    141.07   12.21   1004.83    1990/11/30  00
      3   2    140.59   12.72   1005.02    1990/11/30  12
      3   3    137.91   14.36   1007.28    1990/12/01  00
      3   4    135.23   14.15   1007.12    1990/12/01  12
      3   5    134.87   14.46   1008.34    1990/12/02  00
      4   1    -26.90   40.26    996.69    1990/11/30  00
      4   2    -23.47   37.65    994.55    1990/11/30  12
      4   3    -23.23   36.41    993.93    1990/12/01  00
      4   4    -23.36   34.14    995.49    1990/12/01  12
      5   1   -108.31   53.42    992.23    1990/11/30  00
      5   2    -95.44   53.19    992.98    1990/11/30  12
      5   3    -87.33   54.79    990.81    1990/12/01  00
      5   4    -82.01   55.88    990.59    1990/12/01  12
      5   5    -77.89   57.36    993.04    1990/12/02  00
 1990/11/30  12   Number of Storms Begun  2
      1   1    160.66  -65.70    959.04    1990/11/30  12
      1   2    164.06  -64.69    966.96    1990/12/01  00
      1   3    173.17  -66.88    960.31    1990/12/01  12
      1   4    174.22  -66.53    966.01    1990/12/02  00
      1   5   -167.69  -60.85    968.67    1990/12/02  12
      2   1     62.28   64.69    999.56    1990/11/30  12
      2   2     74.92   66.69    992.23    1990/12/01  00
      2   3     84.07   68.49    990.31    1990/12/01  12
      2   4     99.64   70.29    989.42    1990/12/02  00
      2   5    109.69   72.42    991.89    1990/12/02  12
      2   6    116.25   73.33    989.90    1990/12/03  00
      2   7    115.30   74.55    990.65    1990/12/03  12
 1990/12/01  00   Number of Storms Begun  0
 1990/12/01  12   Number of Storms Begun  3
      1   1     30.23  -22.19   1003.59    1990/12/01  12
      1   2     31.48  -20.43   1007.29    1990/12/02  00
      1   3     29.51  -18.84   1006.82    1990/12/02  12
      1   4     23.60  -18.97   1010.95    1990/12/03  00
      2   1     12.58   39.21   1005.76    1990/12/01  12
      2   2     14.32   38.09   1007.38    1990/12/02  00
      2   3     17.81   36.22   1007.32    1990/12/02  12
      2   4     21.55   36.37   1004.94    1990/12/03  00
      2   5     25.51   36.25   1007.12    1990/12/03  12
      2   6     28.19   37.73   1006.83    1990/12/04  00
      3   1    134.68   42.41    995.66    1990/12/01  12
      3   2    137.40   45.36    991.89    1990/12/02  00
      3   3    152.67   49.57    989.55    1990/12/02  12
      3   4    158.77   54.30    978.87    1990/12/03  00
      3   5    166.09   56.99    970.87    1990/12/03  12
      3   6    169.84   57.22    968.23    1990/12/04  00
      3   7    174.70   56.89    968.53    1990/12/04  12
      3   8   -168.84   55.36    965.02    1990/12/05  00
      3   9   -161.24   57.32    961.46    1990/12/05  12
      3  10   -156.89   59.66    970.48    1990/12/06  00
      3  11   -155.77   60.53    982.10    1990/12/06  12
 1990/12/02  00   Number of Storms Begun  3
      1   1    134.87   14.46   1008.34    1990/12/02  00
      1   2    133.50   13.01   1007.89    1990/12/02  12
      1   3    131.23   10.30   1009.44    1990/12/03  00
      1   4    127.96    5.88   1010.02    1990/12/03  12
      1   5    126.00    5.39   1011.00    1990/12/04  00
      1   6    125.92    3.44   1009.61    1990/12/04  12
      1   7    125.92    3.07   1010.26    1990/12/05  00
      2   1   -170.50   56.47    970.37    1990/12/02  00
      2   2   -165.45   55.21    971.65    1990/12/02  12
      2   3   -158.34   53.89    978.58    1990/12/03  00
      2   4   -146.99   57.75    973.42    1990/12/03  12
      2   5   -129.78   56.48    977.18    1990/12/04  00
      2   6   -115.97   58.55    980.49    1990/12/04  12
      2   7   -103.78   65.44    975.81    1990/12/05  00
      2   8    -98.96   69.03    975.30    1990/12/05  12
      2   9    -99.48   72.28    984.53    1990/12/06  00
      2  10   -104.98   74.83    991.29    1990/12/06  12
      3   1      0.02   72.98    970.42    1990/12/02  00
      3   2      9.08   73.24    966.17    1990/12/02  12
      3   3     12.21   71.40    964.74    1990/12/03  00
      3   4     23.55   69.55    967.71    1990/12/03  12
      3   5     42.85   64.51    971.05    1990/12/04  00
      3   6     55.60   63.69    978.91    1990/12/04  12
      3   7     72.62   62.34    987.34    1990/12/05  00
      3   8     84.87   62.47    994.32    1990/12/05  12
      3   9     94.37   61.86    998.45    1990/12/06  00
      3  10    104.41   60.86   1000.93    1990/12/06  12
      3  11    115.11   59.61   1002.89    1990/12/07  00
 1990/12/02  12   Number of Storms Begun  5
      1   1   -167.69  -60.85    968.67    1990/12/02  12
      1   2   -166.22  -63.15    966.94    1990/12/03  00
      1   3   -164.68  -66.65    966.84    1990/12/03  12
      1   4   -165.92  -70.58    965.22    1990/12/04  00
      1   5   -169.02  -72.15    962.21    1990/12/04  12
      1   6   -169.26  -73.03    962.25    1990/12/05  00
      2   1     76.35  -11.55   1005.50    1990/12/02  12
      2   2     75.59  -13.24   1005.33    1990/12/03  00
      2   3     76.04  -14.25   1006.87    1990/12/03  12
      2   4     75.45  -14.97   1007.41    1990/12/04  00
      2   5     74.86  -16.60   1006.41    1990/12/04  12
      2   6     75.63  -18.91   1006.23    1990/12/05  00
      2   7     76.48  -18.98   1006.23    1990/12/05  12
      3   1    -24.57   34.53   1000.07    1990/12/02  12
      3   2    -22.63   34.69   1002.88    1990/12/03  00
      3   3    -19.00   36.33   1004.19    1990/12/03  12
      3   4    -16.63   37.06   1005.39    1990/12/04  00
      3   5    -16.48   37.70   1008.53    1990/12/04  12
      4   1    -49.47   40.11   1003.64    1990/12/02  12
      4   2    -49.40   39.11   1002.83    1990/12/03  00
      4   3    -47.39   38.46   1003.01    1990/12/03  12
      4   4    -45.18   38.48   1002.56    1990/12/04  00
      4   5    -42.89   36.72   1003.22    1990/12/04  12
      4   6    -42.93   32.55   1004.71    1990/12/05  00
      4   7    -42.58   30.65   1004.54    1990/12/05  12
      4   8    -41.67   30.27   1003.12    1990/12/06  00
      4   9    -39.13   31.61   1001.03    1990/12/06  12
      4  10    -36.56   34.86    999.08    1990/12/07  00
      4  11    -31.82   35.32    999.95    1990/12/07  12
      5   1   -107.39   44.34   1013.38    1990/12/02  12
      5   2    -97.82   34.88   1007.04    1990/12/03  00
      5   3    -89.13   39.22    999.95    1990/12/03  12
      5   4    -83.39   42.36    998.72    1990/12/04  00
      5   5    -78.74   44.54   1002.12    1990/12/04  12
      5   6    -72.51   46.48    997.28    1990/12/05  00
      5   7    -68.95   48.66    993.44    1990/12/05  12
      5   8    -61.10   44.44    996.46    1990/12/06  00
 1990/12/03  00   Number of Storms Begun  0
 1990/12/03  12   Number of Storms Begun  1
      1   1     79.79   59.83    989.22    1990/12/03  12
      1   2     92.84   61.78    982.49    1990/12/04  00
      1   3    105.69   62.48    983.75    1990/12/04  12
      1   4    119.94   61.74    986.08    1990/12/05  00
      1   5    129.73   62.66    991.91    1990/12/05  12
 1990/12/04  00   Number of Storms Begun  1
      1   1    -34.34  -56.04    968.76    1990/12/04  00
      1   2    -22.87  -62.63    960.25    1990/12/04  12
      1   3    -11.67  -66.26    953.85    1990/12/05  00
      1   4     -3.40  -67.49    959.24    1990/12/05  12
      1   5      8.25  -66.66    963.24    1990/12/06  00
      1   6     19.42  -66.53    965.59    1990/12/06  12
 1990/12/04  12   Number of Storms Begun  2
      1   1    132.45  -56.79    976.07    1990/12/04  12
      1   2    140.40  -60.96    963.80    1990/12/05  00
      1   3    144.75  -63.04    960.14    1990/12/05  12
      1   4    153.00  -63.84    961.27    1990/12/06  00
      2   1    131.97  -28.98    998.78    1990/12/04  12
      2   2    134.32  -27.01   1002.40    1990/12/05  00
      2   3    134.81  -26.22   1000.57    1990/12/05  12
      2   4    138.72  -27.36   1005.15    1990/12/06  00
      2   5    137.47  -35.48   1002.56    1990/12/06  12
 1990/12/05  00   Number of Storms Begun  2
      1   1    -49.49  -53.55    972.32    1990/12/05  00
      1   2    -40.89  -57.71    964.31    1990/12/05  12
      1   3    -34.87  -60.98    959.50    1990/12/06  00
      1   4    -28.93  -61.64    967.75    1990/12/06  12
      2   1    -25.36   66.39    996.26    1990/12/05  00
      2   2     -7.30   70.81    982.10    1990/12/05  12
      2   3      4.07   71.76    966.16    1990/12/06  00
      2   4     19.25   73.13    959.52    1990/12/06  12
      2   5     29.43   74.07    957.19    1990/12/07  00
      2   6     40.23   74.62    961.63    1990/12/07  12
      2   7     49.49   74.68    969.09    1990/12/08  00
      2   8     61.98   74.41    973.58    1990/12/08  12
      2   9     83.35   74.82    975.61    1990/12/09  00
      2  10     96.19   75.32    977.17    1990/12/09  12
 1990/12/05  12   Number of Storms Begun  3
      1   1     32.70   15.28   1005.04    1990/12/05  12
      1   2     31.46   14.07   1005.98    1990/12/06  00
      1   3     31.42   13.95   1004.11    1990/12/06  12
      1   4     30.84   12.26   1005.57    1990/12/07  00
      2   1     14.55   41.21   1010.00    1990/12/05  12
      2   2     15.70   39.05   1007.92    1990/12/06  00
      2   3     17.62   38.81   1006.43    1990/12/06  12
      2   4     19.46   40.01   1008.34    1990/12/07  00
      2   5     21.06   41.25   1013.00    1990/12/07  12
      3   1     51.34   45.02   1009.60    1990/12/05  12
      3   2     55.65   46.43   1012.14    1990/12/06  00
      3   3     65.82   48.21   1012.04    1990/12/06  12
      3   4     71.48   49.70   1011.39    1990/12/07  00
      3   5     81.86   50.98   1014.02    1990/12/07  12
 1990/12/06  00   Number of Storms Begun  0
 1990/12/06  12   Number of Storms Begun  3
      1   1   -177.39  -62.43    959.66    1990/12/06  12
      1   2   -171.07  -64.65    959.43    1990/12/07  00
      1   3   -165.57  -66.48    962.81    1990/12/07  12
      1   4   -165.07  -67.38    969.00    1990/12/08  00
      2   1     24.56  -15.55   1006.21    1990/12/06  12
      2   2     24.49  -16.61   1008.86    1990/12/07  00
      2   3     27.08  -17.50   1006.06    1990/12/07  12
      2   4     40.00  -21.55   1010.28    1990/12/08  00
      3   1    -77.78   57.07    993.78    1990/12/06  12
      3   2    -77.41   60.78    983.19    1990/12/07  00
      3   3    -72.89   65.02    976.97    1990/12/07  12
      3   4    -72.85   72.86    971.48    1990/12/08  00
      3   5    -78.38   79.36    967.97    1990/12/08  12
      3   6     -6.15   83.51    976.35    1990/12/09  00
      3   7     14.89   80.53    976.73    1990/12/09  12
      3   8     49.27   76.71    975.17    1990/12/10  00
      3   9     71.20   73.94    974.37    1990/12/10  12
      3  10     93.15   73.51    977.74    1990/12/11  00
      3  11    104.67   72.90    981.85    1990/12/11  12
      3  12    111.70   71.62    989.44    1990/12/12  00
 1990/12/07  00   Number of Storms Begun  3
      1   1   -112.89  -71.18    972.90    1990/12/07  00
      1   2    -96.54  -69.82    970.01    1990/12/07  12
      1   3    -91.06  -71.90    968.92    1990/12/08  00
      1   4   -146.93  -80.22    967.91    1990/12/08  12
      1   5   -162.09  -78.76    965.10    1990/12/09  00
      1   6   -166.05  -78.65    960.07    1990/12/09  12
      1   7   -170.45  -77.02    960.03    1990/12/10  00
      1   8   -173.48  -76.54    964.19    1990/12/10  12
      2   1   -112.89  -71.18    972.90    1990/12/07  00
      2   2    -96.54  -69.82    970.01    1990/12/07  12
      2   3    -91.06  -71.90    968.92    1990/12/08  00
      2   4    -86.54  -72.78    968.24    1990/12/08  12
      2   5    -75.68  -72.08    966.78    1990/12/09  00
      2   6    -58.38  -70.82    964.40    1990/12/09  12
      3   1    123.08  -13.89   1009.40    1990/12/07  00
      3   2    122.19  -16.53   1007.46    1990/12/07  12
      3   3    122.91  -17.36   1009.10    1990/12/08  00
      3   4    122.61  -19.45   1005.95    1990/12/08  12
      3   5    112.47  -24.88   1008.33    1990/12/09  00
 1990/12/07  12   Number of Storms Begun  1
      1   1    -31.82   35.32    999.95    1990/12/07  12
      1   2    -34.52   35.69   1004.37    1990/12/08  00
      1   3    -35.64   34.37   1007.18    1990/12/08  12
      1   4    -37.31   33.52   1010.09    1990/12/09  00
      1   5    -38.46   32.29   1011.20    1990/12/09  12
 1990/12/08  00   Number of Storms Begun  1
      1   1    160.85   50.92    995.63    1990/12/08  00
      1   2    169.42   52.30    988.36    1990/12/08  12
      1   3    175.88   53.96    983.26    1990/12/09  00
      1   4   -178.70   55.63    981.70    1990/12/09  12
      1   5   -175.19   56.49    983.44    1990/12/10  00
 1990/12/08  12   Number of Storms Begun  2
      1   1     21.60  -25.32   1007.92    1990/12/08  12
      1   2     21.48  -24.48   1010.20    1990/12/09  00
      1   3     18.73  -21.40   1008.71    1990/12/09  12
      1   4     18.73  -19.06   1011.72    1990/12/10  00
      1   5     14.23  -15.71   1006.61    1990/12/10  12
      1   6     12.32  -14.89   1009.78    1990/12/11  00
      2   1   -166.29   -0.50   1008.45    1990/12/08  12
      2   2   -172.42   -9.56   1008.01    1990/12/09  00
      2   3   -174.37   -8.96   1007.43    1990/12/09  12
      2   4   -172.92    2.60   1007.52    1990/12/10  00
 1990/12/09  00   Number of Storms Begun  2
      1   1    112.47  -24.88   1008.33    1990/12/09  00
      1   2    121.96  -18.41   1006.63    1990/12/09  12
      1   3    125.25  -12.96   1008.36    1990/12/10  00
      1   4    126.50  -10.90   1007.04    1990/12/10  12
      2   1   -100.22   56.78    991.69    1990/12/09  00
      2   2    -86.31   55.75    984.96    1990/12/09  12
      2   3    -76.74   55.68    981.63    1990/12/10  00
      2   4    -70.39   56.50    982.25    1990/12/10  12
      2   5    -65.67   58.08    984.52    1990/12/11  00
      2   6    -58.83   60.18    979.89    1990/12/11  12
      2   7    -54.00   60.54    972.00    1990/12/12  00
 1990/12/09  12   Number of Storms Begun  0
 1990/12/10  00   Number of Storms Begun  1
      1   1    -85.06  -71.81    963.86    1990/12/10  00
      1   2    -84.94  -71.64    964.22    1990/12/10  12
      1   3    -63.58  -66.37    965.69    1990/12/11  00
      1   4    -52.52  -64.24    963.43    1990/12/11  12
      1   5    -45.59  -63.02    968.38    1990/12/12  00
      1   6    -39.81  -63.48    969.98    1990/12/12  12
 1990/12/10  12   Number of Storms Begun  1
      1   1   -142.92  -57.19    970.06    1990/12/10  12
      1   2   -138.60  -58.89    966.95    1990/12/11  00
      1   3   -133.55  -60.37    966.51    1990/12/11  12
      1   4   -128.86  -62.17    969.00    1990/12/12  00
      1   5   -121.01  -68.66    973.90    1990/12/12  12
      1   6   -114.62  -70.85    973.29    1990/12/13  00
      1   7   -104.50  -70.86    973.74    1990/12/13  12
      1   8    -87.85  -70.70    973.22    1990/12/14  00
      1   9    -87.69  -70.54    974.96    1990/12/14  12
      1  10    -86.55  -69.38    979.90    1990/12/15  00
 1990/12/11  00   Number of Storms Begun  4
      1   1     60.45  -43.55    986.17    1990/12/11  00
      1   2     68.93  -47.73    981.65    1990/12/11  12
      1   3     73.76  -53.91    968.84    1990/12/12  00
      1   4     75.22  -59.14    958.75    1990/12/12  12
      1   5     73.23  -62.51    952.36    1990/12/13  00
      1   6     69.74  -63.12    955.25    1990/12/13  12
      1   7     67.30  -63.56    958.37    1990/12/14  00
      1   8     63.44  -63.54    968.87    1990/12/14  12
      1   9     59.48  -62.79    971.88    1990/12/15  00
      1  10     53.64  -62.53    978.54    1990/12/15  12
      1  11     49.21  -61.36    981.03    1990/12/16  00
      2   1    134.21   36.42   1011.68    1990/12/11  00
      2   2    141.02   35.89   1000.57    1990/12/11  12
      2   3    147.08   35.42    990.84    1990/12/12  00
      2   4    154.80   36.57    985.93    1990/12/12  12
      2   5    161.10   40.10    977.36    1990/12/13  00
      2   6    165.91   43.64    973.86    1990/12/13  12
      2   7    170.25   46.74    975.78    1990/12/14  00
      2   8    175.28   48.59    982.06    1990/12/14  12
      2   9   -178.60   49.86    985.57    1990/12/15  00
      2  10   -169.15   53.19    989.52    1990/12/15  12
      2  11   -151.67   57.02    994.27    1990/12/16  00
      2  12   -140.88   57.11    995.68    1990/12/16  12
      2  13   -136.35   57.00    994.75    1990/12/17  00
      2  14   -120.95   54.84   1001.07    1990/12/17  12
      2  15   -114.26   51.03    996.79    1990/12/18  00
      2  16   -106.38   46.44    992.37    1990/12/18  12
      2  17    -99.68   42.53    999.46    1990/12/19  00
      3   1   -112.01   48.42   1012.11    1990/12/11  00
      3   2   -110.26   49.56   1009.14    1990/12/11  12
      3   3    -98.65   44.77   1005.12    1990/12/12  00
      3   4    -92.64   47.64   1003.01    1990/12/12  12
      3   5    -84.75   47.50    997.48    1990/12/13  00
      3   6    -75.33   48.37    993.34    1990/12/13  12
      3   7    -64.92   49.08    992.78    1990/12/14  00
      3   8    -55.63   52.38    990.02    1990/12/14  12
      3   9    -49.15   57.43    982.54    1990/12/15  00
      3  10    -47.90   62.74    974.59    1990/12/15  12
      3  11    -56.30   72.63    977.06    1990/12/16  00
      3  12    -55.93   75.26    977.96    1990/12/16  12
      3  13    -11.72   77.52    971.64    1990/12/17  00
      3  14     10.96   79.71    970.69    1990/12/17  12
      3  15     16.37   78.96    979.59    1990/12/18  00
      4   1    -22.81   63.20    981.79    1990/12/11  00
      4   2     -3.33   63.22    974.40    1990/12/11  12
      4   3      6.76   62.25    978.39    1990/12/12  00
      4   4     10.96   56.53    985.84    1990/12/12  12
 1990/12/11  12   Number of Storms Begun  2
      1   1    -47.90  -31.81    998.35    1990/12/11  12
      1   2    -42.15  -35.30    992.95    1990/12/12  00
      1   3    -35.68  -39.57    980.72    1990/12/12  12
      1   4    -29.77  -42.53    974.52    1990/12/13  00
      1   5    -24.63  -46.49    971.80    1990/12/13  12
      1   6    -24.97  -52.40    969.92    1990/12/14  00
      1   7    -28.64  -57.43    961.32    1990/12/14  12
      1   8    -35.16  -59.77    956.86    1990/12/15  00
      1   9    -38.50  -60.08    956.92    1990/12/15  12
      1  10    -40.45  -59.11    958.86    1990/12/16  00
      1  11    -40.96  -57.42    962.12    1990/12/16  12
      1  12    -31.88  -54.64    956.98    1990/12/17  00
      1  13    -30.79  -55.36    954.50    1990/12/17  12
      1  14    -29.00  -55.28    962.55    1990/12/18  00
      1  15    -26.66  -54.35    967.36    1990/12/18  12
      1  16    -23.22  -53.67    973.44    1990/12/19  00
      1  17    -15.99  -53.40    975.12    1990/12/19  12
      1  18     -6.53  -57.66    968.21    1990/12/20  00
      1  19     -3.59  -58.56    965.88    1990/12/20  12
      2   1    173.34   59.50    987.69    1990/12/11  12
      2   2    175.91   60.22    987.81    1990/12/12  00
      2   3   -162.34   58.51    980.31    1990/12/12  12
      2   4   -154.91   61.44    977.28    1990/12/13  00
      2   5   -144.20   61.94    984.16    1990/12/13  12
      2   6   -139.08   59.40    990.04    1990/12/14  00
 1990/12/12  00   Number of Storms Begun  1
      1   1     24.51   74.49    977.92    1990/12/12  00
      1   2     29.89   74.61    985.49    1990/12/12  12
      1   3     37.61   74.35    986.48    1990/12/13  00
      1   4     50.61   74.39    983.27    1990/12/13  12
      1   5     59.39   73.03    977.92    1990/12/14  00
      1   6     74.50   71.30    975.49    1990/12/14  12
      1   7     89.97   71.51    972.18    1990/12/15  00
      1   8    106.15   72.14    971.04    1990/12/15  12
 1990/12/12  12   Number of Storms Begun  1
      1   1    174.19  -57.25    965.39    1990/12/12  12
      1   2   -177.60  -61.37    957.87    1990/12/13  00
      1   3   -170.71  -64.16    958.27    1990/12/13  12
      1   4   -162.38  -66.57    960.44    1990/12/14  00
      1   5   -155.86  -67.48    963.28    1990/12/14  12
      1   6   -149.70  -69.10    968.18    1990/12/15  00
      1   7   -149.24  -71.16    971.30    1990/12/15  12
      1   8   -152.67  -72.47    974.08    1990/12/16  00
      1   9   -152.49  -73.09    976.97    1990/12/16  12
      1  10   -165.86  -75.87    976.63    1990/12/17  00
      1  11   -165.50  -76.77    975.33    1990/12/17  12
 1990/12/13  00   Number of Storms Begun  2
      1   1     12.42   41.57    994.59    1990/12/13  00
      1   2     14.58   40.75    990.00    1990/12/13  12
      1   3     15.41   40.68    994.30    1990/12/14  00
      1   4     15.99   40.46   1001.64    1990/12/14  12
      1   5     25.38   43.38   1007.27    1990/12/15  00
      1   6     29.35   45.02   1010.47    1990/12/15  12
      2   1    123.56   49.52   1005.91    1990/12/13  00
      2   2    128.87   50.15   1007.73    1990/12/13  12
      2   3    135.57   51.44   1008.34    1990/12/14  00
      2   4    143.42   49.82   1003.73    1990/12/14  12
      2   5    146.74   52.43    996.23    1990/12/15  00
      2   6    149.11   55.82    987.07    1990/12/15  12
      2   7    149.47   57.48    983.69    1990/12/16  00
      2   8    148.54   58.57    987.53    1990/12/16  12
 1990/12/13  12   Number of Storms Begun  0
 1990/12/14  00   Number of Storms Begun  2
      1   1    122.92  -13.10   1008.89    1990/12/14  00
      1   2    119.26  -22.04   1005.95    1990/12/14  12
      1   3    125.30  -28.51   1008.92    1990/12/15  00
      1   4    128.02  -29.91   1004.81    1990/12/15  12
      1   5    131.08  -32.30   1006.09    1990/12/16  00
      2   1    -49.10   74.69    972.57    1990/12/14  00
      2   2    -25.14   72.53    986.92    1990/12/14  12
      2   3     21.33   77.10    978.97    1990/12/15  00
      2   4     46.50   75.43    966.51    1990/12/15  12
      2   5     68.53   72.61    954.10    1990/12/16  00
      2   6     86.79   71.33    955.14    1990/12/16  12
      2   7    100.62   71.35    964.13    1990/12/17  00
      2   8    109.34   70.75    975.49    1990/12/17  12
 1990/12/14  12   Number of Storms Begun  1
      1   1     86.24    3.30   1006.30    1990/12/14  12
      1   2     86.14    6.07   1006.14    1990/12/15  00
      1   3     85.54   10.43   1007.50    1990/12/15  12
      1   4     85.50   11.44   1007.26    1990/12/16  00
      1   5     86.23   12.22   1007.71    1990/12/16  12
      1   6     86.58   14.51   1007.72    1990/12/17  00
 1990/12/15  00   Number of Storms Begun  2
      1   1    119.30  -61.33    990.64    1990/12/15  00
      1   2    121.48  -62.97    988.46    1990/12/15  12
      1   3    124.79  -62.79    984.03    1990/12/16  00
      1   4    126.68  -62.64    984.67    1990/12/16  12
      1   5    129.64  -62.16    985.24    1990/12/17  00
      2   1    -98.86   39.82   1006.11    1990/12/15  00
      2   2    -90.12   41.87   1005.54    1990/12/15  12
      2   3    -82.90   42.75   1006.16    1990/12/16  00
      2   4    -70.00   42.50   1005.10    1990/12/16  12
      2   5    -64.43   44.12    997.28    1990/12/17  00
      2   6    -61.36   45.84    996.44    1990/12/17  12
      2   7    -56.23   48.70    997.09    1990/12/18  00
      2   8    -51.30   53.30    992.90    1990/12/18  12
      2   9    -61.94   60.23    992.32    1990/12/19  00
      2  10    -61.00   64.16    985.88    1990/12/19  12
 1990/12/15  12   Number of Storms Begun  2
      1   1    161.97    6.37   1005.15    1990/12/15  12
      1   2    161.08    7.03   1002.88    1990/12/16  00
      1   3    158.82    7.51   1002.27    1990/12/16  12
      1   4    157.64    8.54   1001.54    1990/12/17  00
      1   5    156.02    9.72   1000.47    1990/12/17  12
      1   6    153.99    9.72    999.43    1990/12/18  00
      1   7    151.90   10.68    998.41    1990/12/18  12
      1   8    150.63   11.12    998.78    1990/12/19  00
      1   9    148.96   11.59    999.13    1990/12/19  12
      1  10    147.21   11.89    999.68    1990/12/20  00
      1  11    145.44   12.02    996.95    1990/12/20  12
      1  12    142.67   12.36    999.08    1990/12/21  00
      1  13    139.85   14.17   1000.61    1990/12/21  12
      1  14    137.11   15.45   1000.99    1990/12/22  00
      1  15    135.76   16.16   1003.19    1990/12/22  12
      1  16    135.78   16.76   1006.33    1990/12/23  00
      1  17    143.90   22.89   1008.46    1990/12/23  12
      2   1    -16.16   42.29   1012.85    1990/12/15  12
      2   2    -15.98   40.62   1013.96    1990/12/16  00
      2   3    -14.68   37.40   1013.79    1990/12/16  12
      2   4    -13.11   35.18   1010.52    1990/12/17  00
      2   5    -11.04   34.35   1010.90    1990/12/17  12
      2   6     -7.09   32.87   1010.73    1990/12/18  00
 1990/12/16  00   Number of Storms Begun  3
      1   1     49.21  -61.36    981.03    1990/12/16  00
      1   2     68.78  -56.02    976.00    1990/12/16  12
      1   3     83.25  -57.71    974.02    1990/12/17  00
      1   4     90.76  -58.60    968.61    1990/12/17  12
      1   5     94.70  -58.34    965.91    1990/12/18  00
      1   6     97.23  -57.69    965.61    1990/12/18  12
      1   7    101.37  -57.37    971.17    1990/12/19  00
      1   8    104.96  -57.83    975.22    1990/12/19  12
      1   9    106.74  -57.68    976.71    1990/12/20  00
      2   1   -104.25  -56.29    981.38    1990/12/16  00
      2   2   -103.55  -56.06    977.12    1990/12/16  12
      2   3    -99.63  -57.29    975.85    1990/12/17  00
      2   4    -95.13  -57.71    975.89    1990/12/17  12
      2   5    -89.85  -58.85    976.33    1990/12/18  00
      2   6    -85.06  -61.24    974.18    1990/12/18  12
      2   7    -84.28  -62.21    976.50    1990/12/19  00
      2   8    -83.34  -62.20    978.52    1990/12/19  12
      2   9    -82.82  -62.46    983.48    1990/12/20  00
      3   1    149.41   34.30   1005.53    1990/12/16  00
      3   2    156.80   39.61    992.31    1990/12/16  12
      3   3    163.05   48.02    981.08    1990/12/17  00
      3   4    165.41   55.12    975.52    1990/12/17  12
      3   5    167.37   62.19    986.48    1990/12/18  00
 1990/12/16  12   Number of Storms Begun  0
 1990/12/17  00   Number of Storms Begun  1
      1   1   -106.72   35.21   1003.79    1990/12/17  00
      1   2   -101.89   34.22   1005.01    1990/12/17  12
      1   3    -88.49   41.54   1002.14    1990/12/18  00
      1   4    -81.08   44.40    992.95    1990/12/18  12
 1990/12/17  12   Number of Storms Begun  0
 1990/12/18  00   Number of Storms Begun  4
      1   1   -158.94  -60.41    981.62    1990/12/18  00
      1   2   -156.32  -61.70    983.38    1990/12/18  12
      1   3   -151.28  -65.13    979.04    1990/12/19  00
      1   4   -149.81  -67.64    977.27    1990/12/19  12
      1   5   -147.12  -69.81    980.98    1990/12/20  00
      1   6   -157.61  -79.31    985.33    1990/12/20  12
      1   7   -155.61  -81.40    987.98    1990/12/21  00
      2   1    -60.89  -27.36   1001.42    1990/12/18  00
      2   2    -53.42  -35.47    997.44    1990/12/18  12
      2   3    -48.38  -33.82    996.80    1990/12/19  00
      2   4    -45.32  -34.18    997.14    1990/12/19  12
      2   5    -42.72  -33.64    999.77    1990/12/20  00
      2   6    -40.13  -33.43   1002.85    1990/12/20  12
      2   7    -38.10  -33.77   1002.47    1990/12/21  00
      3   1    158.38  -10.18   1002.28    1990/12/18  00
      3   2    156.39  -10.75   1002.97    1990/12/18  12
      3   3    154.04  -11.65   1002.53    1990/12/19  00
      3   4    152.29  -12.29   1001.91    1990/12/19  12
      3   5    151.35  -13.85   1002.38    1990/12/20  00
      4   1    169.34   43.00    986.15    1990/12/18  00
      4   2    173.31   47.05    986.74    1990/12/18  12
      4   3    177.29   49.83    990.58    1990/12/19  00
      4   4   -175.87   50.20    995.59    1990/12/19  12
 1990/12/18  12   Number of Storms Begun  2
      1   1    -10.60   37.62   1012.27    1990/12/18  12
      1   2    -10.87   35.58   1009.32    1990/12/19  00
      1   3     -9.28   33.74   1007.95    1990/12/19  12
      1   4     -8.80   33.14   1007.54    1990/12/20  00
      1   5     -6.17   32.17   1011.13    1990/12/20  12
      2   1    147.36   35.23    998.78    1990/12/18  12
      2   2    153.03   37.30    989.77    1990/12/19  00
      2   3    157.74   41.15    980.68    1990/12/19  12
      2   4    161.30   43.57    973.75    1990/12/20  00
      2   5    166.33   45.10    973.67    1990/12/20  12
      2   6    171.69   46.76    975.94    1990/12/21  00
      2   7    173.94   48.81    978.38    1990/12/21  12
      2   8    176.64   48.67    979.14    1990/12/22  00
      2   9    178.05   49.51    982.28    1990/12/22  12
      2  10    179.39   50.42    985.74    1990/12/23  00
      2  11    179.88   53.10    990.11    1990/12/23  12
      2  12    179.30   54.09    992.99    1990/12/24  00
 1990/12/19  00   Number of Storms Begun  1
      1   1     76.86   67.07    983.84    1990/12/19  00
      1   2     82.97   65.04    990.11    1990/12/19  12
      1   3     89.42   63.24    992.35    1990/12/20  00
      1   4    101.90   60.83   1000.66    1990/12/20  12
 1990/12/19  12   Number of Storms Begun  4
      1   1    176.29  -50.77    983.53    1990/12/19  12
      1   2   -178.88  -52.81    977.76    1990/12/20  00
      1   3   -174.90  -54.81    976.77    1990/12/20  12
      1   4   -171.83  -56.83    976.44    1990/12/21  00
      1   5   -168.90  -59.41    980.28    1990/12/21  12
      1   6   -165.33  -60.73    980.40    1990/12/22  00
      1   7   -161.61  -62.19    978.98    1990/12/22  12
      1   8   -157.07  -63.82    977.81    1990/12/23  00
      1   9   -149.83  -65.73    971.94    1990/12/23  12
      1  10   -142.94  -67.22    971.54    1990/12/24  00
      1  11   -138.73  -68.70    971.27    1990/12/24  12
      1  12   -131.98  -67.63    969.83    1990/12/25  00
      1  13   -125.90  -67.73    971.24    1990/12/25  12
      1  14   -117.48  -68.77    972.90    1990/12/26  00
      1  15    -89.28  -69.38    974.60    1990/12/26  12
      1  16    -85.99  -69.89    976.98    1990/12/27  00
      1  17    -82.84  -70.17    977.39    1990/12/27  12
      2   1    127.66  -19.89   1002.51    1990/12/19  12
      2   2    126.54  -21.82   1004.94    1990/12/20  00
      2   3    124.46  -23.62   1001.80    1990/12/20  12
      2   4    126.43  -26.58   1002.37    1990/12/21  00
      3   1   -119.78   42.12    998.56    1990/12/19  12
      3   2   -113.17   39.24    994.25    1990/12/20  00
      3   3   -109.10   37.27   1000.85    1990/12/20  12
      3   4   -107.66   35.71   1001.64    1990/12/21  00
      3   5    -98.32   27.39   1006.54    1990/12/21  12
      3   6    -99.43   26.06   1006.49    1990/12/22  00
      4   1    133.27   74.93    990.65    1990/12/19  12
      4   2    132.54   78.05    991.39    1990/12/20  00
      4   3    138.82   80.20    993.11    1990/12/20  12
      4   4    136.16   81.26    995.36    1990/12/21  00
 1990/12/20  00   Number of Storms Begun  4
      1   1    -82.82  -62.46    983.48    1990/12/20  00
      1   2    -81.26  -61.02    982.57    1990/12/20  12
      1   3    -78.20  -60.27    985.28    1990/12/21  00
      1   4    -76.71  -61.03    983.03    1990/12/21  12
      2   1    151.35  -13.85   1002.38    1990/12/20  00
      2   2    151.13  -13.13   1001.52    1990/12/20  12
      2   3    148.93  -13.15   1001.68    1990/12/21  00
      2   4    148.50  -13.49   1001.02    1990/12/21  12
      3   1    -49.40   55.90    987.09    1990/12/20  00
      3   2    -42.03   58.62    982.24    1990/12/20  12
      3   3    -34.31   61.25    969.58    1990/12/21  00
      3   4    -33.77   63.55    960.03    1990/12/21  12
      4   1      8.24   66.79    996.05    1990/12/20  00
      4   2     13.33   66.39    992.12    1990/12/20  12
      4   3     17.90   65.93    992.62    1990/12/21  00
      4   4     26.01   65.34    997.27    1990/12/21  12
 1990/12/20  12   Number of Storms Begun  1
      1   1     -3.59  -58.56    965.88    1990/12/20  12
      1   2     -3.58  -57.70    965.25    1990/12/21  00
      1   3      0.22  -55.72    969.86    1990/12/21  12
      1   4      5.29  -54.49    972.32    1990/12/22  00
      1   5      9.48  -53.15    978.30    1990/12/22  12
 1990/12/21  00   Number of Storms Begun  2
      1   1    -63.90  -32.70    999.42    1990/12/21  00
      1   2    -63.29  -30.31   1002.22    1990/12/21  12
      1   3    -62.18  -28.67    995.59    1990/12/22  00
      1   4    -60.90  -28.69   1003.67    1990/12/22  12
      2   1    120.80   42.62   1008.40    1990/12/21  00
      2   2    126.32   42.46   1004.29    1990/12/21  12
      2   3    131.98   44.56    998.36    1990/12/22  00
      2   4    135.83   46.75    997.61    1990/12/22  12
      2   5    135.52   50.10    997.04    1990/12/23  00
 1990/12/21  12   Number of Storms Begun  1
      1   1    121.01  -53.09    976.48    1990/12/21  12
      1   2    121.83  -57.56    975.46    1990/12/22  00
      1   3    120.54  -58.73    975.55    1990/12/22  12
      1   4    114.45  -60.62    975.22    1990/12/23  00
      1   5    110.91  -61.45    974.37    1990/12/23  12
      1   6    101.85  -61.93    976.45    1990/12/24  00
      1   7     95.62  -60.66    977.89    1990/12/24  12
      1   8     90.76  -60.63    979.28    1990/12/25  00
      1   9     86.85  -59.70    974.45    1990/12/25  12
      1  10     87.76  -56.10    961.41    1990/12/26  00
      1  11     95.69  -55.47    971.17    1990/12/26  12
      1  12    102.45  -55.13    975.70    1990/12/27  00
 1990/12/22  00   Number of Storms Begun  3
      1   1   -179.35  -14.33   1005.36    1990/12/22  00
      1   2   -176.21  -14.79   1005.07    1990/12/22  12
      1   3   -175.33  -17.42   1004.90    1990/12/23  00
      1   4   -170.94  -24.26   1003.61    1990/12/23  12
      1   5   -170.32  -28.23    999.02    1990/12/24  00
      1   6   -169.48  -30.94    995.10    1990/12/24  12
      1   7   -168.91  -33.07    993.50    1990/12/25  00
      1   8   -168.28  -33.41    993.62    1990/12/25  12
      1   9   -166.68  -34.45    995.83    1990/12/26  00
      1  10   -165.13  -34.34    996.98    1990/12/26  12
      1  11   -164.64  -36.42    998.45    1990/12/27  00
      1  12   -164.50  -38.74   1000.25    1990/12/27  12
      1  13   -164.25  -40.67   1000.68    1990/12/28  00
      1  14   -163.37  -44.43    998.17    1990/12/28  12
      2   1     72.33  -10.82   1007.46    1990/12/22  00
      2   2     72.21  -12.65   1006.05    1990/12/22  12
      2   3     72.12  -12.71   1006.97    1990/12/23  00
      2   4     68.87  -12.62   1006.47    1990/12/23  12
      2   5     68.85  -12.54   1005.81    1990/12/24  00
      3   1    -36.10   62.88    949.45    1990/12/22  00
      3   2    -34.53   62.59    948.80    1990/12/22  12
      3   3    -31.38   62.60    951.11    1990/12/23  00
      3   4    -27.01   63.47    952.94    1990/12/23  12
      3   5    -25.21   64.63    957.34    1990/12/24  00
 1990/12/22  12   Number of Storms Begun  0
 1990/12/23  00   Number of Storms Begun  2
      1   1     30.22  -64.45    979.54    1990/12/23  00
      1   2     27.43  -65.81    980.52    1990/12/23  12
      1   3     24.73  -65.15    981.31    1990/12/24  00
      1   4     25.18  -64.67    983.06    1990/12/24  12
      2   1    144.15  -49.11    979.48    1990/12/23  00
      2   2    146.20  -51.44    977.59    1990/12/23  12
      2   3    149.17  -53.26    975.69    1990/12/24  00
      2   4    150.81  -55.77    974.71    1990/12/24  12
      2   5    147.15  -59.76    970.48    1990/12/25  00
      2   6    141.13  -60.31    968.21    1990/12/25  12
 1990/12/23  12   Number of Storms Begun  3
      1   1    138.75  -17.73    999.04    1990/12/23  12
      1   2    144.60  -15.67   1000.83    1990/12/24  00
      1   3    145.57  -15.42    998.80    1990/12/24  12
      1   4    146.04  -15.73   1000.79    1990/12/25  00
      1   5    146.50  -16.83   1000.85    1990/12/25  12
      1   6    148.08  -17.23    999.78    1990/12/26  00
      2   1     11.04   32.44   1010.61    1990/12/23  12
      2   2      8.67   38.08   1008.41    1990/12/24  00
      2   3      9.67   38.44   1007.23    1990/12/24  12
      2   4     11.28   38.14   1009.58    1990/12/25  00
      3   1     69.19   55.11   1015.20    1990/12/23  12
      3   2     72.03   57.08   1012.47    1990/12/24  00
      3   3     74.14   58.97   1011.04    1990/12/24  12
      3   4     78.14   61.68   1010.56    1990/12/25  00
 1990/12/24  00   Number of Storms Begun  1
      1   1     68.85  -12.54   1005.81    1990/12/24  00
      1   2     67.97  -12.76   1006.09    1990/12/24  12
      1   3     66.40  -12.56   1006.04    1990/12/25  00
      1   4     66.09  -11.35   1005.48    1990/12/25  12
 1990/12/24  12   Number of Storms Begun  3
      1   1    -22.72  -49.73    985.96    1990/12/24  12
      1   2    -17.72  -51.47    977.88    1990/12/25  00
      1   3    -15.48  -52.43    976.92    1990/12/25  12
      1   4    -11.51  -53.67    973.96    1990/12/26  00
      1   5     -4.39  -55.31    972.06    1990/12/26  12
      1   6      3.48  -58.22    973.09    1990/12/27  00
      1   7     13.65  -59.90    981.92    1990/12/27  12
      2   1     40.95   34.02   1010.17    1990/12/24  12
      2   2     47.07   33.95   1011.81    1990/12/25  00
      2   3     58.46   31.81   1006.69    1990/12/25  12
      2   4     68.68   38.34   1010.14    1990/12/26  00
      2   5     75.96   39.56   1010.02    1990/12/26  12
      2   6     80.78   38.81   1008.41    1990/12/27  00
      3   1    -32.90   61.23    957.60    1990/12/24  12
      3   2    -18.22   59.84    948.22    1990/12/25  00
      3   3    -11.80   61.58    954.16    1990/12/25  12
      3   4    -10.98   65.21    947.73    1990/12/26  00
      3   5    -11.37   67.60    942.71    1990/12/26  12
      3   6    -10.66   67.67    947.00    1990/12/27  00
      3   7     -9.31   67.14    951.37    1990/12/27  12
 1990/12/25  00   Number of Storms Begun  1
      1   1   -174.17    5.32   1005.68    1990/12/25  00
      1   2   -162.48    0.11   1007.10    1990/12/25  12
      1   3   -155.00    0.38   1006.39    1990/12/26  00
      1   4   -150.65   -2.50   1007.12    1990/12/26  12
      1   5   -146.58   -4.70   1007.67    1990/12/27  00
 1990/12/25  12   Number of Storms Begun  0
 1990/12/26  00   Number of Storms Begun  2
      1   1     40.96  -30.11   1006.39    1990/12/26  00
      1   2     43.77  -30.21   1007.86    1990/12/26  12
      1   3     46.79  -31.12   1004.55    1990/12/27  00
      1   4     48.73  -31.16   1004.88    1990/12/27  12
      2   1    134.60   40.25    999.73    1990/12/26  00
      2   2    140.79   39.48    995.66    1990/12/26  12
      2   3    149.38   39.69    982.79    1990/12/27  00
      2   4    154.70   41.67    974.18    1990/12/27  12
      2   5    161.39   44.14    967.97    1990/12/28  00
      2   6    165.79   46.51    968.20    1990/12/28  12
      2   7    165.45   48.44    971.79    1990/12/29  00
      2   8    164.87   49.35    978.06    1990/12/29  12
      2   9    165.29   50.55    979.53    1990/12/30  00
 1990/12/26  12   Number of Storms Begun  1
      1   1   -138.73   59.86    992.59    1990/12/26  12
      1   2   -123.46   56.52    991.78    1990/12/27  00
      1   3   -107.97   51.82    992.63    1990/12/27  12
      1   4    -99.16   50.77    998.18    1990/12/28  00
      1   5    -90.25   54.18   1000.41    1990/12/28  12
      1   6    -81.98   57.64   1000.35    1990/12/29  00
 1990/12/27  00   Number of Storms Begun  2
      1   1     68.85  -14.33   1005.43    1990/12/27  00
      1   2     68.20  -14.30   1005.45    1990/12/27  12
      1   3     66.52  -14.61   1005.61    1990/12/28  00
      1   4     65.86  -14.35   1005.45    1990/12/28  12
      1   5     65.40  -14.02   1007.15    1990/12/29  00
      1   6     61.50  -10.70   1006.16    1990/12/29  12
      1   7     63.91    0.10   1007.30    1990/12/30  00
      2   1   -168.53   35.72    997.67    1990/12/27  00
      2   2   -166.21   36.57    993.69    1990/12/27  12
      2   3   -164.86   36.26    994.11    1990/12/28  00
      2   4   -164.30   36.14    994.85    1990/12/28  12
 1990/12/27  12   Number of Storms Begun  3
      1   1    126.90  -55.75    977.07    1990/12/27  12
      1   2    127.11  -56.11    971.86    1990/12/28  00
      1   3    128.14  -57.44    970.92    1990/12/28  12
      1   4    127.18  -59.28    971.26    1990/12/29  00
      1   5    124.32  -59.58    972.45    1990/12/29  12
      1   6    123.29  -60.79    973.76    1990/12/30  00
      1   7    122.37  -61.00    977.30    1990/12/30  12
      2   1    -47.06  -48.14    987.03    1990/12/27  12
      2   2    -37.13  -47.72    983.50    1990/12/28  00
      2   3    -28.72  -49.63    985.93    1990/12/28  12
      2   4    -22.82  -51.27    987.42    1990/12/29  00
      3   1     48.73  -31.16   1004.88    1990/12/27  12
      3   2     48.10  -30.55   1006.13    1990/12/28  00
      3   3     48.32  -29.96   1005.23    1990/12/28  12
      3   4     49.84  -30.01   1004.62    1990/12/29  00
      3   5     50.40  -30.34   1005.07    1990/12/29  12
 1990/12/28  00   Number of Storms Begun  1
      1   1     -4.92  -53.00    983.31    1990/12/28  00
      1   2      1.43  -54.37    986.67    1990/12/28  12
      1   3     15.72  -52.43    984.25    1990/12/29  00
      1   4     22.94  -53.12    980.61    1990/12/29  12
      1   5     25.70  -53.87    974.40    1990/12/30  00
      1   6     29.42  -54.15    975.09    1990/12/30  12
      1   7     32.48  -54.86    972.12    1990/12/31  00
      1   8     36.73  -56.52    967.86    1990/12/31  12
 1990/12/28  12   Number of Storms Begun  0
 1990/12/29  00   Number of Storms Begun  0
 1990/12/29  12   Number of Storms Begun  2
      1   1    -90.45  -68.43    951.27    1990/12/29  12
      1   2    -89.98  -68.08    961.69    1990/12/30  00
      1   3    -87.52  -67.68    965.18    1990/12/30  12
      1   4    -87.11  -67.56    969.65    1990/12/31  00
      1   5    -86.49  -67.31    971.04    1990/12/31  12
      2   1    -29.10   60.73    955.64    1990/12/29  12
      2   2    -23.86   61.13    961.72    1990/12/30  00
      2   3    -20.01   63.33    968.44    1990/12/30  12
      2   4    -19.17   64.35    974.43    1990/12/31  00
 1990/12/30  00   Number of Storms Begun  1
      1   1    165.29   50.55    979.53    1990/12/30  00
      1   2    163.01   50.49    981.36    1990/12/30  12
      1   3    160.09   50.60    984.39    1990/12/31  00
      1   4    157.01   51.29    990.24    1990/12/31  12
      1   5    149.32   54.83   1000.01    1991/01/01  00
 1990/12/30  12   Number of Storms Begun  1
      1   1     95.53  -47.83    981.68    1990/12/30  12
      1   2    104.48  -47.10    972.91    1990/12/31  00
      1   3    113.48  -49.72    971.34    1990/12/31  12
      1   4    120.11  -55.03    971.92    1991/01/01  00
      1   5    124.48  -57.73    976.59    1991/01/01  12
      1   6    126.67  -58.93    982.86    1991/01/02  00
      1   7    128.11  -60.88    984.06    1991/01/02  12
